#{"t_start": 1790517614.5800078, "env_id": "None"}
r,l,t,raw_simulation_steps,is_success,collision,off_route,max_time
-8.930284,68,7.592982,202,False,True,False,False
-8.868054,53,11.730938,159,False,True,False,False
-8.954902,66,16.210361,198,False,True,False,False
-8.984763,76,21.357568,228,False,True,False,False
11.68392,165,31.929358,493,True,False,False,False
12.169321,117,39.137802,349,True,False,False,False
-9.173747,90,44.305219,268,False,True,False,False
12.156025,118,51.032772,352,True,False,False,False
12.124976,121,58.655601,361,True,False,False,False
-9.250663,86,63.505675,257,False,True,False,False
-8.769151,54,66.848227,162,False,True,False,False
11.892756,144,74.585153,430,True,False,False,False
-8.848775,69,78.566956,205,False,True,False,False
-9.465322,116,85.0194,348,False,True,False,False
-9.315193,119,91.864308,357,False,True,False,False
-8.893312,74,97.217794,222,False,True,False,False
11.873156,145,114.354215,435,True,False,False,False
12.222349,111,210.586666,331,True,False,False,False
-8.895859,51,248.442834,153,False,True,False,False
11.947318,139,346.405866,415,True,False,False,False
-5.6,200,514.525246,600,False,False,False,True
-5.6,200,688.460908,600,False,False,False,True
-5.6,200,859.928469,600,False,False,False,True
-5.6,200,1031.662113,600,False,False,False,True
-5.6,200,1203.231424,600,False,False,False,True
-5.6,200,1374.437154,600,False,False,False,True
-5.6,200,1544.91643,600,False,False,False,True
-5.6,200,1717.195949,600,False,False,False,True
-5.6,200,1874.29547,600,False,False,False,True
-5.6,200,2036.815346,600,False,False,False,True
-5.6,200,2233.62378,600,False,False,False,True
-5.6,200,2432.395972,600,False,False,False,True
-5.6,200,2630.591942,600,False,False,False,True
-5.6,200,2828.58767,600,False,False,False,True
-5.6,200,3026.264019,600,False,False,False,True
12.022359,131,3155.339148,392,True,False,False,False
-9.012905,64,3218.445538,192,False,True,False,False
-8.977606,63,3280.782182,189,False,True,False,False
-9.040277,73,3352.797765,219,False,True,False,False
-9.020452,68,3420.450303,204,False,True,False,False
-9.041429,71,3490.66568,211,False,True,False,False
-8.871216,71,3560.04717,211,False,True,False,False
11.936848,136,3693.562971,408,True,False,False,False
12.293075,104,3796.03287,310,True,False,False,False
-9.136519,82,3873.189425,244,False,True,False,False
-8.819103,55,3926.55232,165,False,True,False,False
-8.859162,69,3997.270831,207,False,True,False,False
-9.143749,88,4088.810395,264,False,True,False,False
-9.046348,72,4163.797389,216,False,True,False,False
-9.425356,109,4277.931025,325,False,True,False,False
-8.985926,62,4341.671991,185,False,True,False,False
-5.6,200,4550.026049,600,False,False,False,True
