#{"t_start": 1790778284.5803006, "env_id": "None"}
r,l,t,raw_simulation_steps,is_success,collision,off_route,max_time,reward_success,reward_collision,reward_off_route,reward_timeout,reward_step_cost,reward_progress
12.298675,104,7.681645,310,True,False,False,False,10.0,0.0,0.0,0.0,-1.0400000000000007,3.33867475092411
-8.887355,50,10.465671,148,False,True,False,False,0.0,-10.0,0.0,0.0,-0.5000000000000002,1.612644655108452
-8.623305,62,13.164112,186,False,True,False,False,0.0,-10.0,0.0,0.0,-0.6200000000000003,1.9966950380802149
-8.914353,52,15.639276,156,False,True,False,False,0.0,-10.0,0.0,0.0,-0.5200000000000002,1.6056474241614342
-8.939045,55,19.051281,165,False,True,False,False,0.0,-10.0,0.0,0.0,-0.5500000000000003,1.6109552389383317
-8.991714,73,22.631552,218,False,True,False,False,0.0,-10.0,0.0,0.0,-0.7300000000000004,1.7382860225439067
12.259809,108,28.061479,322,True,False,False,False,10.0,0.0,0.0,0.0,-1.0800000000000007,3.339808648824691
-8.936369,67,30.471885,199,False,True,False,False,0.0,-10.0,0.0,0.0,-0.6700000000000004,1.7336305963993073
-5.6,200,39.915721,600,False,False,False,True,0.0,0.0,0.0,-5.0,-2.0000000000000013,1.4
-8.891129,52,42.275947,154,False,True,False,False,0.0,-10.0,0.0,0.0,-0.5200000000000002,1.6288714477419854
-8.817997,62,45.589981,185,False,True,False,False,0.0,-10.0,0.0,0.0,-0.6200000000000003,1.8020031228661533
-9.367733,117,51.180448,351,False,True,False,False,0.0,-10.0,0.0,0.0,-1.1700000000000008,1.802267147898674
-8.974621,76,54.345095,227,False,True,False,False,0.0,-10.0,0.0,0.0,-0.7600000000000005,1.7853791159391406
12.07179,124,59.210863,372,True,False,False,False,10.0,0.0,0.0,0.0,-1.2400000000000009,3.3117902308702476
11.918783,139,65.714505,417,True,False,False,False,10.0,0.0,0.0,0.0,-1.390000000000001,3.3087830278277397
-9.132152,94,69.526716,280,False,True,False,False,0.0,-10.0,0.0,0.0,-0.9400000000000006,1.8078480848670004
12.145681,119,74.851963,355,True,False,False,False,10.0,0.0,0.0,0.0,-1.1900000000000008,3.3356812816858294
12.065662,126,83.147565,377,True,False,False,False,10.0,0.0,0.0,0.0,-1.260000000000001,3.3256619566679
-8.985352,72,94.144117,215,False,True,False,False,0.0,-10.0,0.0,0.0,-0.7200000000000004,1.7346479833126063
-8.798509,54,102.696535,162,False,True,False,False,0.0,-10.0,0.0,0.0,-0.5400000000000003,1.7414909011125566
-8.932586,51,110.571685,152,False,True,False,False,0.0,-10.0,0.0,0.0,-0.5100000000000002,1.577413957715034
-9.796342,136,132.04668,406,False,True,False,False,0.0,-10.0,0.0,0.0,-1.360000000000001,1.563657876253128
11.878679,144,154.804927,431,True,False,False,False,10.0,0.0,0.0,0.0,-1.440000000000001,3.318679488301278
-8.739569,47,161.710713,141,False,True,False,False,0.0,-10.0,0.0,0.0,-0.47000000000000025,1.730430569052696
12.356188,97,177.050743,290,True,False,False,False,10.0,0.0,0.0,0.0,-0.9700000000000006,3.326187984943391
11.687223,163,200.467842,488,True,False,False,False,10.0,0.0,0.0,0.0,-1.6300000000000012,3.3172226083278655
12.323581,100,215.821931,299,True,False,False,False,10.0,0.0,0.0,0.0,-1.0000000000000007,3.32358115375042
12.456371,86,230.405178,257,True,False,False,False,10.0,0.0,0.0,0.0,-0.8600000000000005,3.316371467709541
12.277156,106,246.443755,316,True,False,False,False,10.0,0.0,0.0,0.0,-1.0600000000000007,3.337155708074569
-8.935075,66,256.537208,198,False,True,False,False,0.0,-10.0,0.0,0.0,-0.6600000000000004,1.7249248653650286
12.433939,87,267.550621,261,True,False,False,False,10.0,0.0,0.0,0.0,-0.8700000000000006,3.3039387917518614
12.340756,99,279.221796,295,True,False,False,False,10.0,0.0,0.0,0.0,-0.9900000000000007,3.330756200551988
12.261795,104,292.964384,312,True,False,False,False,10.0,0.0,0.0,0.0,-1.0400000000000007,3.3017954230308533
-9.00487,64,302.311842,190,False,True,False,False,0.0,-10.0,0.0,0.0,-0.6400000000000003,1.6351297509670257
12.353627,97,315.312602,290,True,False,False,False,10.0,0.0,0.0,0.0,-0.9700000000000006,3.32362735748291
11.63029,171,335.449375,511,True,False,False,False,10.0,0.0,0.0,0.0,-1.7100000000000013,3.3402895390987393
-5.6,200,361.550354,600,False,False,False,True,0.0,0.0,0.0,-5.0,-2.0000000000000013,1.4
12.416816,87,372.494145,261,True,False,False,False,10.0,0.0,0.0,0.0,-0.8700000000000006,3.2868164122104635
11.955442,138,394.380572,412,True,False,False,False,10.0,0.0,0.0,0.0,-1.380000000000001,3.3354419612884523
12.365831,97,409.701447,289,True,False,False,False,10.0,0.0,0.0,0.0,-0.9700000000000006,3.335830540657043
11.76081,156,431.131489,467,True,False,False,False,10.0,0.0,0.0,0.0,-1.5600000000000012,3.3208102250099176
12.218838,110,446.284472,329,True,False,False,False,10.0,0.0,0.0,0.0,-1.1000000000000008,3.31883784353733
-8.721653,45,452.906795,135,False,True,False,False,0.0,-10.0,0.0,0.0,-0.45000000000000023,1.7283465254306796
12.343049,99,465.798266,295,True,False,False,False,10.0,0.0,0.0,0.0,-0.9900000000000007,3.333049019575119
11.771155,154,484.511943,461,True,False,False,False,10.0,0.0,0.0,0.0,-1.5400000000000011,3.3111545431613916
-5.6,200,508.656508,600,False,False,False,True,0.0,0.0,0.0,-5.0,-2.0000000000000013,1.4000000000000001
12.367495,93,518.560909,279,True,False,False,False,10.0,0.0,0.0,0.0,-0.9300000000000006,3.29749470770359
11.960323,138,535.512415,412,True,False,False,False,10.0,0.0,0.0,0.0,-1.380000000000001,3.340322747826576
11.95212,138,556.781764,412,True,False,False,False,10.0,0.0,0.0,0.0,-1.380000000000001,3.3321202498674385
11.808268,152,579.584953,455,True,False,False,False,10.0,0.0,0.0,0.0,-1.5200000000000011,3.3282682144641873
-8.743127,53,588.467136,157,False,True,False,False,0.0,-10.0,0.0,0.0,-0.5300000000000002,1.7868728518486021
12.420574,91,601.640764,271,True,False,False,False,10.0,0.0,0.0,0.0,-0.9100000000000006,3.3305741447210315
-8.682003,53,611.105391,157,False,True,False,False,0.0,-10.0,0.0,0.0,-0.5300000000000002,1.8479974931478502
12.009141,129,628.685802,387,True,False,False,False,10.0,0.0,0.0,0.0,-1.290000000000001,3.2991414719820025
11.953869,138,646.612396,412,True,False,False,False,10.0,0.0,0.0,0.0,-1.380000000000001,3.33386948943138
-9.611552,144,666.911853,432,False,True,False,False,0.0,-10.0,0.0,0.0,-1.440000000000001,1.8284482365846633
12.146606,119,684.753689,355,True,False,False,False,10.0,0.0,0.0,0.0,-1.1900000000000008,3.33660551428795
-8.920246,67,693.756493,199,False,True,False,False,0.0,-10.0,0.0,0.0,-0.6700000000000004,1.7497539949417111
12.338659,97,706.219648,291,True,False,False,False,10.0,0.0,0.0,0.0,-0.9700000000000006,3.308659045398235
12.240132,110,720.891601,328,True,False,False,False,10.0,0.0,0.0,0.0,-1.1000000000000008,3.340132164359092
12.397313,93,733.896589,278,True,False,False,False,10.0,0.0,0.0,0.0,-0.9300000000000006,3.3273129707574864
-8.703127,73,743.207211,219,False,True,False,False,0.0,-10.0,0.0,0.0,-0.7300000000000004,2.0268728536367417
-8.711741,55,750.697128,165,False,True,False,False,0.0,-10.0,0.0,0.0,-0.5500000000000003,1.8382586079835892
-8.726908,49,759.458738,147,False,True,False,False,0.0,-10.0,0.0,0.0,-0.49000000000000027,1.7630923128128055
-8.665743,47,767.419605,140,False,True,False,False,0.0,-10.0,0.0,0.0,-0.47000000000000025,1.804256537556648
-8.885266,45,776.158808,134,False,True,False,False,0.0,-10.0,0.0,0.0,-0.45000000000000023,1.5647335839271548
-9.655642,142,800.650841,426,False,True,False,False,0.0,-10.0,0.0,0.0,-1.420000000000001,1.7643582898378376
-9.059136,67,812.557992,201,False,True,False,False,0.0,-10.0,0.0,0.0,-0.6700000000000004,1.6108643591403957
-3.812969,200,846.931585,600,False,False,False,True,0.0,0.0,0.0,-5.0,-2.0000000000000013,3.1870313155651084
-8.789632,53,856.49941,159,False,True,False,False,0.0,-10.0,0.0,0.0,-0.5300000000000002,1.7403680932521821
-8.944307,52,865.392071,154,False,True,False,False,0.0,-10.0,0.0,0.0,-0.5200000000000002,1.575693126320839
-8.864572,44,873.215723,132,False,True,False,False,0.0,-10.0,0.0,0.0,-0.4400000000000002,1.5754275375604634
12.462192,86,887.730288,257,True,False,False,False,10.0,0.0,0.0,0.0,-0.8600000000000005,3.3221921324729924
-9.616197,135,908.326384,403,False,True,False,False,0.0,-10.0,0.0,0.0,-1.350000000000001,1.733802567720413
-8.881745,69,917.392864,206,False,True,False,False,0.0,-10.0,0.0,0.0,-0.6900000000000004,1.8082551038265233
-9.050978,93,929.74736,278,False,True,False,False,0.0,-10.0,0.0,0.0,-0.9300000000000006,1.8790218323469163
-8.816295,59,937.885688,176,False,True,False,False,0.0,-10.0,0.0,0.0,-0.5900000000000003,1.7737048083543778
11.570915,174,958.402692,521,True,False,False,False,10.0,0.0,0.0,0.0,-1.7400000000000013,3.310914947986603
12.286982,103,972.248146,308,True,False,False,False,10.0,0.0,0.0,0.0,-1.0300000000000007,3.316981654763223
12.499727,83,981.334598,247,True,False,False,False,10.0,0.0,0.0,0.0,-0.8300000000000005,3.3297266346216206
12.085251,124,996.955612,370,True,False,False,False,10.0,0.0,0.0,0.0,-1.2400000000000009,3.3252507865428926
-9.14403,88,1008.200438,264,False,True,False,False,0.0,-10.0,0.0,0.0,-0.8800000000000006,1.7359704452753073
-8.883987,52,1014.721209,154,False,True,False,False,0.0,-10.0,0.0,0.0,-0.5200000000000002,1.6360125964879992
12.13358,120,1029.288673,358,True,False,False,False,10.0,0.0,0.0,0.0,-1.2000000000000008,3.3335803574323655
-9.695436,126,1044.709435,378,False,True,False,False,0.0,-10.0,0.0,0.0,-1.260000000000001,1.5645643773674962
-8.934171,51,1051.542686,152,False,True,False,False,0.0,-10.0,0.0,0.0,-0.5100000000000002,1.5758287802338597
12.294667,100,1063.944249,300,True,False,False,False,10.0,0.0,0.0,0.0,-1.0000000000000007,3.294666898250579
12.535347,75,1072.741434,225,True,False,False,False,10.0,0.0,0.0,0.0,-0.7500000000000004,3.2853465276956557
-8.858266,58,1080.120071,172,False,True,False,False,0.0,-10.0,0.0,0.0,-0.5800000000000003,1.7217336773872378
-9.089259,89,1091.855905,267,False,True,False,False,0.0,-10.0,0.0,0.0,-0.8900000000000006,1.8007405674457548
12.025303,126,1107.632594,378,True,False,False,False,10.0,0.0,0.0,0.0,-1.260000000000001,3.2853025972843173
12.618588,70,1116.073288,209,True,False,False,False,10.0,0.0,0.0,0.0,-0.7000000000000004,3.318587728142738
-8.846788,42,1121.579638,124,False,True,False,False,0.0,-10.0,0.0,0.0,-0.4200000000000002,1.5732116383314134
11.662677,166,1140.295292,496,True,False,False,False,10.0,0.0,0.0,0.0,-1.6600000000000013,3.3226771390438077
-9.080237,84,1151.572806,251,False,True,False,False,0.0,-10.0,0.0,0.0,-0.8400000000000005,1.7597628521919249
-8.767101,52,1158.316238,154,False,True,False,False,0.0,-10.0,0.0,0.0,-0.5200000000000002,1.752898932695389
12.236714,108,1172.040273,323,True,False,False,False,10.0,0.0,0.0,0.0,-1.0800000000000007,3.3167140620946887
-8.761443,58,1179.271393,174,False,True,False,False,0.0,-10.0,0.0,0.0,-0.5800000000000003,1.8185572791099547
-9.107189,67,1188.127501,200,False,True,False,False,0.0,-10.0,0.0,0.0,-0.6700000000000004,1.5628111255168908
-9.463977,112,1203.034464,336,False,True,False,False,0.0,-10.0,0.0,0.0,-1.1200000000000008,1.6560234391689295
-8.763436,53,1210.158598,159,False,True,False,False,0.0,-10.0,0.0,0.0,-0.5300000000000002,1.766564009189606
-8.90291,47,1216.69034,141,False,True,False,False,0.0,-10.0,0.0,0.0,-0.47000000000000025,1.5670898711681365
-9.006384,73,1225.954848,218,False,True,False,False,0.0,-10.0,0.0,0.0,-0.7300000000000004,1.723615848422051
-9.343767,91,1236.687166,272,False,True,False,False,0.0,-10.0,0.0,0.0,-0.9100000000000006,1.5662325668334967
-8.661974,51,1244.050695,153,False,True,False,False,0.0,-10.0,0.0,0.0,-0.5100000000000002,1.8480264538526536
12.474656,85,1256.20917,253,True,False,False,False,10.0,0.0,0.0,0.0,-0.8500000000000005,3.3246558439731593
12.347865,97,1271.148311,290,True,False,False,False,10.0,0.0,0.0,0.0,-0.9700000000000006,3.317865414619446
-8.85916,42,1278.01255,125,False,True,False,False,0.0,-10.0,0.0,0.0,-0.4200000000000002,1.5608395302295686
12.340751,96,1294.848281,288,True,False,False,False,10.0,0.0,0.0,0.0,-0.9600000000000006,3.300751138925552
12.707638,62,1304.535881,184,True,False,False,False,10.0,0.0,0.0,0.0,-0.6200000000000003,3.327638041377067
12.540051,76,1316.775566,228,True,False,False,False,10.0,0.0,0.0,0.0,-0.7600000000000005,3.300051265954971
-8.680682,43,1323.100483,129,False,True,False,False,0.0,-10.0,0.0,0.0,-0.4300000000000002,1.7493179392814637
-8.518666,51,1331.381641,152,False,True,False,False,0.0,-10.0,0.0,0.0,-0.5100000000000002,1.9913343691825864
-8.868405,68,1344.000617,203,False,True,False,False,0.0,-10.0,0.0,0.0,-0.6800000000000004,1.811594878435135
12.606845,71,1355.818545,212,True,False,False,False,10.0,0.0,0.0,0.0,-0.7100000000000004,3.31684492379427
12.535601,77,1367.905985,230,True,False,False,False,10.0,0.0,0.0,0.0,-0.7700000000000005,3.305601298809052
-8.714213,61,1377.837813,182,False,True,False,False,0.0,-10.0,0.0,0.0,-0.6100000000000003,1.8957865405082701
12.347555,99,1390.557858,295,True,False,False,False,10.0,0.0,0.0,0.0,-0.9900000000000007,3.3375546646118166
12.559066,75,1400.363997,224,True,False,False,False,10.0,0.0,0.0,0.0,-0.7500000000000004,3.309066213369369
-9.008231,58,1408.850663,174,False,True,False,False,0.0,-10.0,0.0,0.0,-0.5800000000000003,1.5717690730094909
-9.088044,71,1418.299789,213,False,True,False,False,0.0,-10.0,0.0,0.0,-0.7100000000000004,1.6219561654329298
12.569563,76,1428.468505,226,True,False,False,False,10.0,0.0,0.0,0.0,-0.7600000000000005,3.3295626127719875
12.596061,74,1438.391324,220,True,False,False,False,10.0,0.0,0.0,0.0,-0.7400000000000004,3.3360610055923456
-9.086606,65,1447.961127,193,False,True,False,False,0.0,-10.0,0.0,0.0,-0.6500000000000004,1.5633944657444954
-8.938635,54,1455.595154,162,False,True,False,False,0.0,-10.0,0.0,0.0,-0.5400000000000003,1.6013646781444553
-8.78707,51,1462.556476,152,False,True,False,False,0.0,-10.0,0.0,0.0,-0.5100000000000002,1.7229297602176665
-8.797523,47,1470.150542,141,False,True,False,False,0.0,-10.0,0.0,0.0,-0.47000000000000025,1.6724770617485039
12.358386,94,1482.01107,282,True,False,False,False,10.0,0.0,0.0,0.0,-0.9400000000000006,3.2983856415748596
-8.986742,71,1491.809953,212,False,True,False,False,0.0,-10.0,0.0,0.0,-0.7100000000000004,1.7232577669620515
12.55936,75,1501.559366,224,True,False,False,False,10.0,0.0,0.0,0.0,-0.7500000000000004,3.3093604868650432
12.539735,77,1511.201928,230,True,False,False,False,10.0,0.0,0.0,0.0,-0.7700000000000005,3.3097346985340113
12.39341,91,1522.665109,272,True,False,False,False,10.0,0.0,0.0,0.0,-0.9100000000000006,3.3034101963043216
11.77257,151,1541.196311,453,True,False,False,False,10.0,0.0,0.0,0.0,-1.5100000000000011,3.2825699758529665
-8.747577,41,1546.609729,122,False,True,False,False,0.0,-10.0,0.0,0.0,-0.4100000000000002,1.662422639131546
-8.600511,44,1552.412236,132,False,True,False,False,0.0,-10.0,0.0,0.0,-0.4400000000000002,1.839488837718964
12.433056,88,1563.679919,263,True,False,False,False,10.0,0.0,0.0,0.0,-0.8800000000000006,3.313056129813193
11.825409,150,1583.484521,448,True,False,False,False,10.0,0.0,0.0,0.0,-1.500000000000001,3.325408815741539
12.258824,103,1600.872825,309,True,False,False,False,10.0,0.0,0.0,0.0,-1.0300000000000007,3.28882434606552
-8.645105,42,1607.913881,124,False,True,False,False,0.0,-10.0,0.0,0.0,-0.4200000000000002,1.7748952984809874
-8.823635,39,1614.410407,116,False,True,False,False,0.0,-10.0,0.0,0.0,-0.3900000000000002,1.566364915072918
12.650489,67,1623.928746,200,True,False,False,False,10.0,0.0,0.0,0.0,-0.6700000000000004,3.3204892963171004
-8.849504,41,1631.072314,122,False,True,False,False,0.0,-10.0,0.0,0.0,-0.4100000000000002,1.5604960614442827
12.694911,61,1639.731123,182,True,False,False,False,10.0,0.0,0.0,0.0,-0.6100000000000003,3.304910966157913
12.536195,76,1651.445659,228,True,False,False,False,10.0,0.0,0.0,0.0,-0.7600000000000005,3.296194888353348
-8.684495,52,1660.171502,155,False,True,False,False,0.0,-10.0,0.0,0.0,-0.5200000000000002,1.835504967570305
12.529226,76,1673.180176,228,True,False,False,False,10.0,0.0,0.0,0.0,-0.7600000000000005,3.2892259860038746
-8.78737,65,1685.556912,195,False,True,False,False,0.0,-10.0,0.0,0.0,-0.6500000000000004,1.8626304870843882
-8.897377,49,1694.534565,147,False,True,False,False,0.0,-10.0,0.0,0.0,-0.49000000000000027,1.5926233610510827
-8.722757,47,1702.176842,141,False,True,False,False,0.0,-10.0,0.0,0.0,-0.47000000000000025,1.7472429728507994
-8.786427,35,1708.246519,104,False,True,False,False,0.0,-10.0,0.0,0.0,-0.35000000000000014,1.5635725915431975
12.689331,62,1717.667907,185,True,False,False,False,10.0,0.0,0.0,0.0,-0.6200000000000003,3.3093305385112766
12.488639,81,1729.640422,243,True,False,False,False,10.0,0.0,0.0,0.0,-0.8100000000000005,3.2986394518613813
-8.662517,33,1734.946691,98,False,True,False,False,0.0,-10.0,0.0,0.0,-0.3300000000000001,1.6674831426143646
12.561224,75,1747.082015,224,True,False,False,False,10.0,0.0,0.0,0.0,-0.7500000000000004,3.3112239271402357
12.393366,90,1760.027349,270,True,False,False,False,10.0,0.0,0.0,0.0,-0.9000000000000006,3.2933658081293102
12.657568,63,1769.563714,189,True,False,False,False,10.0,0.0,0.0,0.0,-0.6300000000000003,3.287567971944809
12.631741,69,1779.343662,205,True,False,False,False,10.0,0.0,0.0,0.0,-0.6900000000000004,3.321741315126419
-8.789906,37,1785.277122,109,False,True,False,False,0.0,-10.0,0.0,0.0,-0.37000000000000016,1.5800944602489473
12.628065,69,1796.083227,206,True,False,False,False,10.0,0.0,0.0,0.0,-0.6900000000000004,3.318064817786216
11.830354,148,1816.155257,443,True,False,False,False,10.0,0.0,0.0,0.0,-1.480000000000001,3.3103539121150978
12.150505,114,1832.717707,342,True,False,False,False,10.0,0.0,0.0,0.0,-1.1400000000000008,3.2905045044422154
12.67395,65,1842.237293,193,True,False,False,False,10.0,0.0,0.0,0.0,-0.6500000000000004,3.3239497947692875
12.677531,63,1851.73109,188,True,False,False,False,10.0,0.0,0.0,0.0,-0.6300000000000003,3.3075308156013494
12.723396,59,1860.519362,176,True,False,False,False,10.0,0.0,0.0,0.0,-0.5900000000000003,3.31339646935463
12.256463,105,1874.744887,314,True,False,False,False,10.0,0.0,0.0,0.0,-1.0500000000000007,3.3064628654718398
-8.848914,42,1880.934012,124,False,True,False,False,0.0,-10.0,0.0,0.0,-0.4200000000000002,1.571086474061013
-8.755089,41,1886.996307,121,False,True,False,False,0.0,-10.0,0.0,0.0,-0.4100000000000002,1.6549108231067657
-9.23149,96,1901.552333,286,False,True,False,False,0.0,-10.0,0.0,0.0,-0.9600000000000006,1.7285101211071017
12.643844,65,1910.065633,195,True,False,False,False,10.0,0.0,0.0,0.0,-0.6500000000000004,3.2938441127538685
12.630886,66,1918.524206,198,True,False,False,False,10.0,0.0,0.0,0.0,-0.6600000000000004,3.290886417031288
12.707406,63,1927.201044,187,True,False,False,False,10.0,0.0,0.0,0.0,-0.6300000000000003,3.3374057751894
12.7307,58,1934.994759,173,True,False,False,False,10.0,0.0,0.0,0.0,-0.5800000000000003,3.310700445771218
12.721405,57,1942.041284,171,True,False,False,False,10.0,0.0,0.0,0.0,-0.5700000000000003,3.291404509544373
12.703435,59,1949.16781,177,True,False,False,False,10.0,0.0,0.0,0.0,-0.5900000000000003,3.2934345078468326
12.601916,68,1959.442178,204,True,False,False,False,10.0,0.0,0.0,0.0,-0.6800000000000004,3.2819164639711382
12.604496,68,1970.043364,204,True,False,False,False,10.0,0.0,0.0,0.0,-0.6800000000000004,3.284495778083801
12.722768,57,1978.695513,171,True,False,False,False,10.0,0.0,0.0,0.0,-0.5700000000000003,3.292768109440803
12.719421,62,1986.931976,184,True,False,False,False,10.0,0.0,0.0,0.0,-0.6200000000000003,3.3394207143783574
12.74262,58,1994.261086,172,True,False,False,False,10.0,0.0,0.0,0.0,-0.5800000000000003,3.3226204270124438
-8.529702,32,1998.61372,96,False,True,False,False,0.0,-10.0,0.0,0.0,-0.3200000000000001,1.790298312902451
-8.590657,51,2005.996303,151,False,True,False,False,0.0,-10.0,0.0,0.0,-0.5100000000000002,1.9193429625034328
12.707687,62,2014.446047,184,True,False,False,False,10.0,0.0,0.0,0.0,-0.6200000000000003,3.327686643600465
-8.575648,38,2019.609681,112,False,True,False,False,0.0,-10.0,0.0,0.0,-0.38000000000000017,1.8043521034717567
12.721533,58,2027.875887,173,True,False,False,False,10.0,0.0,0.0,0.0,-0.5800000000000003,3.3015328323841104
12.61196,67,2036.537676,201,True,False,False,False,10.0,0.0,0.0,0.0,-0.6700000000000004,3.281960471868517
-8.657704,33,2040.681752,97,False,True,False,False,0.0,-10.0,0.0,0.0,-0.3300000000000001,1.6722955363988876
12.702477,61,2048.800951,182,True,False,False,False,10.0,0.0,0.0,0.0,-0.6100000000000003,3.3124766308069225
12.642394,67,2056.805739,200,True,False,False,False,10.0,0.0,0.0,0.0,-0.6700000000000004,3.3123941314220433
12.676494,62,2064.724889,186,True,False,False,False,10.0,0.0,0.0,0.0,-0.6200000000000003,3.2964943099021915
12.665162,65,2072.880394,194,True,False,False,False,10.0,0.0,0.0,0.0,-0.6500000000000004,3.3151616853475567
12.700385,59,2080.296829,177,True,False,False,False,10.0,0.0,0.0,0.0,-0.5900000000000003,3.290384833216668
-8.8886,71,2089.415975,211,False,True,False,False,0.0,-10.0,0.0,0.0,-0.7100000000000004,1.8214002335071557
12.659527,64,2097.728615,192,True,False,False,False,10.0,0.0,0.0,0.0,-0.6400000000000003,3.2995268303155902
-8.552598,42,2103.687145,126,False,True,False,False,0.0,-10.0,0.0,0.0,-0.4200000000000002,1.8674016612768167
-8.748025,40,2109.988145,119,False,True,False,False,0.0,-10.0,0.0,0.0,-0.4000000000000002,1.6519747093319896
12.678134,62,2118.281044,186,True,False,False,False,10.0,0.0,0.0,0.0,-0.6200000000000003,3.298133580684661
-8.814008,38,2125.616145,113,False,True,False,False,0.0,-10.0,0.0,0.0,-0.38000000000000017,1.5659920597076415
12.646682,65,2138.208653,195,True,False,False,False,10.0,0.0,0.0,0.0,-0.6500000000000004,3.2966821664571757
-8.648758,45,2145.85787,133,False,True,False,False,0.0,-10.0,0.0,0.0,-0.45000000000000023,1.8012422114610669
12.709703,58,2155.508211,174,True,False,False,False,10.0,0.0,0.0,0.0,-0.5800000000000003,3.289702813625335
-8.512106,31,2160.210257,92,False,True,False,False,0.0,-10.0,0.0,0.0,-0.3100000000000001,1.7978940027952195
-8.937832,71,2173.091616,212,False,True,False,False,0.0,-10.0,0.0,0.0,-0.7100000000000004,1.7721681451797484
12.730119,57,2182.10259,171,True,False,False,False,10.0,0.0,0.0,0.0,-0.5700000000000003,3.3001187622547157
-8.822272,39,2190.391675,115,False,True,False,False,0.0,-10.0,0.0,0.0,-0.3900000000000002,1.5677280497550963
-8.52885,32,2195.528385,95,False,True,False,False,0.0,-10.0,0.0,0.0,-0.3200000000000001,1.791150240302086
12.670347,64,2206.160595,191,True,False,False,False,10.0,0.0,0.0,0.0,-0.6400000000000003,3.310346585512161
-8.539176,37,2212.52419,109,False,True,False,False,0.0,-10.0,0.0,0.0,-0.37000000000000016,1.8308235692977906
-8.705067,43,2220.037776,128,False,True,False,False,0.0,-10.0,0.0,0.0,-0.4300000000000002,1.7249331468343736
12.585104,71,2231.537409,213,True,False,False,False,10.0,0.0,0.0,0.0,-0.7100000000000004,3.295103834867478
12.722578,57,2240.669246,171,True,False,False,False,10.0,0.0,0.0,0.0,-0.5700000000000003,3.292577777504921
12.680932,64,2251.108473,191,True,False,False,False,10.0,0.0,0.0,0.0,-0.6400000000000003,3.320932285785676
-8.627979,35,2258.24123,103,False,True,False,False,0.0,-10.0,0.0,0.0,-0.35000000000000014,1.722021460533142
12.736761,57,2267.398458,170,True,False,False,False,10.0,0.0,0.0,0.0,-0.5700000000000003,3.306760786175729
12.599649,72,2277.811392,215,True,False,False,False,10.0,0.0,0.0,0.0,-0.7200000000000004,3.319649085998535
12.720017,62,2286.881474,184,True,False,False,False,10.0,0.0,0.0,0.0,-0.6200000000000003,3.340017172098159
-10.10138,183,2312.532736,549,False,True,False,False,0.0,-10.0,0.0,0.0,-1.8300000000000014,1.728620341420174
-8.747866,38,2318.030303,112,False,True,False,False,0.0,-10.0,0.0,0.0,-0.38000000000000017,1.6321340286731723
12.721674,57,2324.986018,171,True,False,False,False,10.0,0.0,0.0,0.0,-0.5700000000000003,3.291673910617827
12.664718,63,2333.822506,189,True,False,False,False,10.0,0.0,0.0,0.0,-0.6300000000000003,3.294718196392059
12.740286,58,2342.052006,173,True,False,False,False,10.0,0.0,0.0,0.0,-0.5800000000000003,3.320285751819611
12.70618,61,2350.957724,182,True,False,False,False,10.0,0.0,0.0,0.0,-0.6100000000000003,3.3161801886558537
12.645612,67,2360.654491,200,True,False,False,False,10.0,0.0,0.0,0.0,-0.6700000000000004,3.3156121903657914
12.583803,72,2370.178601,215,True,False,False,False,10.0,0.0,0.0,0.0,-0.7200000000000004,3.3038034671545016
12.703408,58,2377.470072,174,True,False,False,False,10.0,0.0,0.0,0.0,-0.5800000000000003,3.283407903909683
-8.533443,31,2381.827485,93,False,True,False,False,0.0,-10.0,0.0,0.0,-0.3100000000000001,1.7765566420555117
-8.508933,37,2386.813156,109,False,True,False,False,0.0,-10.0,0.0,0.0,-0.37000000000000016,1.8610669004917142
12.701953,62,2395.072746,184,True,False,False,False,10.0,0.0,0.0,0.0,-0.6200000000000003,3.3219527083635327
12.737255,57,2401.867031,170,True,False,False,False,10.0,0.0,0.0,0.0,-0.5700000000000003,3.307255257368088
12.731855,60,2409.506931,178,True,False,False,False,10.0,0.0,0.0,0.0,-0.6000000000000003,3.331854790449143
12.750337,58,2416.847327,172,True,False,False,False,10.0,0.0,0.0,0.0,-0.5800000000000003,3.3303373706340778
-8.651731,46,2422.956794,137,False,True,False,False,0.0,-10.0,0.0,0.0,-0.46000000000000024,1.8082694947719575
12.390774,95,2436.52309,283,True,False,False,False,10.0,0.0,0.0,0.0,-0.9500000000000006,3.3407736426591885
-8.601322,33,2442.338183,98,False,True,False,False,0.0,-10.0,0.0,0.0,-0.3300000000000001,1.7286780023574828
12.69029,62,2450.439233,185,True,False,False,False,10.0,0.0,0.0,0.0,-0.6200000000000003,3.310290386676788
12.703819,61,2458.83961,182,True,False,False,False,10.0,0.0,0.0,0.0,-0.6100000000000003,3.3138192915916456
-8.601666,33,2463.744948,99,False,True,False,False,0.0,-10.0,0.0,0.0,-0.3300000000000001,1.7283335638046264
12.683937,62,2472.503435,185,True,False,False,False,10.0,0.0,0.0,0.0,-0.6200000000000003,3.3039373272657397
12.758597,58,2480.765021,172,True,False,False,False,10.0,0.0,0.0,0.0,-0.5800000000000003,3.3385968440771108
-8.978988,54,2487.915895,160,False,True,False,False,0.0,-10.0,0.0,0.0,-0.5400000000000003,1.5610124772787097
12.724362,59,2495.82984,176,True,False,False,False,10.0,0.0,0.0,0.0,-0.5900000000000003,3.314362322092057
-8.4897,37,2501.202046,111,False,True,False,False,0.0,-10.0,0.0,0.0,-0.37000000000000016,1.8803002148866659
12.607541,69,2510.557165,207,True,False,False,False,10.0,0.0,0.0,0.0,-0.6900000000000004,3.2975413691997537
12.341326,96,2525.519935,287,True,False,False,False,10.0,0.0,0.0,0.0,-0.9600000000000006,3.3013258874416342
12.73007,57,2532.953118,171,True,False,False,False,10.0,0.0,0.0,0.0,-0.5700000000000003,3.3000704890489585
12.720677,60,2540.952283,179,True,False,False,False,10.0,0.0,0.0,0.0,-0.6000000000000003,3.320677011013031
12.703172,62,2549.822598,184,True,False,False,False,10.0,0.0,0.0,0.0,-0.6200000000000003,3.3231717747449885
-8.607586,34,2555.412468,101,False,True,False,False,0.0,-10.0,0.0,0.0,-0.34000000000000014,1.7324143373966217
12.705064,63,2564.481722,187,True,False,False,False,10.0,0.0,0.0,0.0,-0.6300000000000003,3.3350644242763514
-8.436854,36,2570.238141,107,False,True,False,False,0.0,-10.0,0.0,0.0,-0.36000000000000015,1.923145813345909
-8.688769,31,2574.770725,92,False,True,False,False,0.0,-10.0,0.0,0.0,-0.3100000000000001,1.6212308800220492
12.723814,60,2582.879836,178,True,False,False,False,10.0,0.0,0.0,0.0,-0.6000000000000003,3.323813884258269
12.742739,58,2590.244532,172,True,False,False,False,10.0,0.0,0.0,0.0,-0.5800000000000003,3.3227386391162868
12.71923,57,2597.879948,171,True,False,False,False,10.0,0.0,0.0,0.0,-0.5700000000000003,3.2892302501201627
-9.306934,103,2612.291113,308,False,True,False,False,0.0,-10.0,0.0,0.0,-1.0300000000000007,1.723065793514252
12.744466,59,2620.09506,175,True,False,False,False,10.0,0.0,0.0,0.0,-0.5900000000000003,3.3344662082195278
12.738477,59,2627.492693,175,True,False,False,False,10.0,0.0,0.0,0.0,-0.5900000000000003,3.328477226495744
11.922009,137,2644.758459,411,True,False,False,False,10.0,0.0,0.0,0.0,-1.370000000000001,3.2920091634988786
-8.570432,33,2649.773113,98,False,True,False,False,0.0,-10.0,0.0,0.0,-0.3300000000000001,1.7595681810379034
12.74404,58,2657.239869,172,True,False,False,False,10.0,0.0,0.0,0.0,-0.5800000000000003,3.3240400689840324
12.736927,58,2664.882315,173,True,False,False,False,10.0,0.0,0.0,0.0,-0.5800000000000003,3.3169272941350942
12.609519,68,2673.970891,204,True,False,False,False,10.0,0.0,0.0,0.0,-0.6800000000000004,3.2895188117027283
12.727484,57,2679.99013,171,True,False,False,False,10.0,0.0,0.0,0.0,-0.5700000000000003,3.297483726739884
12.012122,128,2695.914127,384,True,False,False,False,10.0,0.0,0.0,0.0,-1.280000000000001,3.2921216118335725
-8.653517,38,2701.423184,112,False,True,False,False,0.0,-10.0,0.0,0.0,-0.38000000000000017,1.7264828139543535
-9.658034,146,2720.656893,437,False,True,False,False,0.0,-10.0,0.0,0.0,-1.460000000000001,1.8019662600755688
-8.739273,35,2725.178328,105,False,True,False,False,0.0,-10.0,0.0,0.0,-0.35000000000000014,1.6107271647453305
-8.571956,31,2729.356151,92,False,True,False,False,0.0,-10.0,0.0,0.0,-0.3100000000000001,1.738043503761292
12.690367,65,2737.783031,193,True,False,False,False,10.0,0.0,0.0,0.0,-0.6500000000000004,3.3403666073083875
12.743744,59,2745.036413,175,True,False,False,False,10.0,0.0,0.0,0.0,-0.5900000000000003,3.333743978738785
-8.920955,68,2753.766932,202,False,True,False,False,0.0,-10.0,0.0,0.0,-0.6800000000000004,1.7590447974205015
-8.802438,56,2761.680183,166,False,True,False,False,0.0,-10.0,0.0,0.0,-0.5600000000000003,1.7575621980428695
-8.692464,50,2768.346447,150,False,True,False,False,0.0,-10.0,0.0,0.0,-0.5000000000000002,1.8075355839729315
-8.616007,35,2773.181431,103,False,True,False,False,0.0,-10.0,0.0,0.0,-0.35000000000000014,1.7339933925867081
-8.552135,36,2777.911422,106,False,True,False,False,0.0,-10.0,0.0,0.0,-0.36000000000000015,1.8078650736808777
12.733516,57,2784.95123,170,True,False,False,False,10.0,0.0,0.0,0.0,-0.5700000000000003,3.303515503406523
12.705491,58,2792.156941,174,True,False,False,False,10.0,0.0,0.0,0.0,-0.5800000000000003,3.285490531921387
-8.861918,46,2797.60087,137,False,True,False,False,0.0,-10.0,0.0,0.0,-0.46000000000000024,1.5980815041065217
12.414662,92,2808.906968,274,True,False,False,False,10.0,0.0,0.0,0.0,-0.9200000000000006,3.3346617645025254
12.639839,65,2817.078837,195,True,False,False,False,10.0,0.0,0.0,0.0,-0.6500000000000004,3.2898385560512544
-8.517145,36,2822.357183,107,False,True,False,False,0.0,-10.0,0.0,0.0,-0.36000000000000015,1.8428551733493803
-8.455362,34,2827.00322,100,False,True,False,False,0.0,-10.0,0.0,0.0,-0.34000000000000014,1.8846380299329761
12.667788,64,2835.408358,191,True,False,False,False,10.0,0.0,0.0,0.0,-0.6400000000000003,3.307788252234459
12.220127,111,2849.550506,331,True,False,False,False,10.0,0.0,0.0,0.0,-1.1100000000000008,3.3301270854473097
-8.757585,62,2858.001107,186,False,True,False,False,0.0,-10.0,0.0,0.0,-0.6200000000000003,1.8624147242307665
11.821774,148,2875.781307,443,True,False,False,False,10.0,0.0,0.0,0.0,-1.480000000000001,3.3017736011743555
-8.995074,56,2884.191627,167,False,True,False,False,0.0,-10.0,0.0,0.0,-0.5600000000000003,1.5649256742000581
-9.682334,125,2900.523566,374,False,True,False,False,0.0,-10.0,0.0,0.0,-1.2500000000000009,1.5676661115884782
12.715479,62,2908.372546,184,True,False,False,False,10.0,0.0,0.0,0.0,-0.6200000000000003,3.335479388833045
-8.623332,48,2914.699553,142,False,True,False,False,0.0,-10.0,0.0,0.0,-0.48000000000000026,1.8566683077812192
12.374185,92,2926.133239,276,True,False,False,False,10.0,0.0,0.0,0.0,-0.9200000000000006,3.2941845744848255
-8.704163,35,2931.693267,104,False,True,False,False,0.0,-10.0,0.0,0.0,-0.35000000000000014,1.6458372741937637
12.54469,74,2942.735614,222,True,False,False,False,10.0,0.0,0.0,0.0,-0.7400000000000004,3.2846899849176414
12.731252,59,2951.282877,175,True,False,False,False,10.0,0.0,0.0,0.0,-0.5900000000000003,3.3212519097328186
11.816913,151,2970.595356,451,True,False,False,False,10.0,0.0,0.0,0.0,-1.5100000000000011,3.326912559270858
12.440144,89,2982.481649,265,True,False,False,False,10.0,0.0,0.0,0.0,-0.8900000000000006,3.3301435053348536
11.963624,133,2997.880136,399,True,False,False,False,10.0,0.0,0.0,0.0,-1.330000000000001,3.293623657822608
-8.7455,32,3002.017626,94,False,True,False,False,0.0,-10.0,0.0,0.0,-0.3200000000000001,1.5745001977682114
-7.838906,72,3010.835823,216,False,True,False,False,0.0,-10.0,0.0,0.0,-0.7200000000000004,2.881093547940254
-8.578454,31,3015.183946,91,False,True,False,False,0.0,-10.0,0.0,0.0,-0.3100000000000001,1.7315463382005694
-8.966105,60,3023.192847,180,False,True,False,False,0.0,-10.0,0.0,0.0,-0.6000000000000003,1.6338950967788688
12.720947,62,3030.544235,184,True,False,False,False,10.0,0.0,0.0,0.0,-0.6200000000000003,3.3409473252296444
12.70434,58,3037.290315,174,True,False,False,False,10.0,0.0,0.0,0.0,-0.5800000000000003,3.284340355396272
11.90944,142,3057.010339,424,True,False,False,False,10.0,0.0,0.0,0.0,-1.420000000000001,3.329440010190009
-9.072959,64,3068.407195,192,False,True,False,False,0.0,-10.0,0.0,0.0,-0.6400000000000003,1.567040637731552
12.368114,97,3083.171723,289,True,False,False,False,10.0,0.0,0.0,0.0,-0.9700000000000006,3.3381137603521336
12.716082,59,3091.952607,176,True,False,False,False,10.0,0.0,0.0,0.0,-0.5900000000000003,3.3060817992687235
12.10838,120,3112.095526,359,True,False,False,False,10.0,0.0,0.0,0.0,-1.2000000000000008,3.3083804446458807
12.697526,60,3121.7535,180,True,False,False,False,10.0,0.0,0.0,0.0,-0.6000000000000003,3.2975262415409095
11.683876,161,3144.086658,483,True,False,False,False,10.0,0.0,0.0,0.0,-1.6100000000000012,3.293876383304597
12.633468,69,3154.021969,205,True,False,False,False,10.0,0.0,0.0,0.0,-0.6900000000000004,3.323468007445336
12.684818,64,3163.686027,190,True,False,False,False,10.0,0.0,0.0,0.0,-0.6400000000000003,3.32481811463833
11.311173,200,3194.34447,599,True,False,False,False,10.0,0.0,0.0,0.0,-2.0000000000000013,3.311172668933868
12.747982,58,3202.866927,172,True,False,False,False,10.0,0.0,0.0,0.0,-0.5800000000000003,3.327982019782067
-8.955042,68,3211.710827,204,False,True,False,False,0.0,-10.0,0.0,0.0,-0.6800000000000004,1.724958486557007
-8.571524,33,3216.599807,97,False,True,False,False,0.0,-10.0,0.0,0.0,-0.3300000000000001,1.7584757709503174
12.398288,92,3228.424116,275,True,False,False,False,10.0,0.0,0.0,0.0,-0.9200000000000006,3.318287945389747
12.690009,65,3238.866295,193,True,False,False,False,10.0,0.0,0.0,0.0,-0.6500000000000004,3.340009080171586
11.829331,147,3260.389022,441,True,False,False,False,10.0,0.0,0.0,0.0,-1.470000000000001,3.2993309998512275
12.379275,94,3272.150836,281,True,False,False,False,10.0,0.0,0.0,0.0,-0.9400000000000006,3.3192746990919124
12.572652,74,3281.779469,221,True,False,False,False,10.0,0.0,0.0,0.0,-0.7400000000000004,3.312651641368864
12.26807,104,3294.759137,311,True,False,False,False,10.0,0.0,0.0,0.0,-1.0400000000000007,3.308070319890977
11.946609,137,3312.559902,410,True,False,False,False,10.0,0.0,0.0,0.0,-1.370000000000001,3.3166090786457074
11.40938,190,3337.169439,569,True,False,False,False,10.0,0.0,0.0,0.0,-1.9000000000000015,3.309379628896714
-8.825351,42,3342.813846,125,False,True,False,False,0.0,-10.0,0.0,0.0,-0.4200000000000002,1.5946490168571474
12.393756,92,3354.046145,275,True,False,False,False,10.0,0.0,0.0,0.0,-0.9200000000000006,3.3137558317184452
-8.65854,48,3359.877434,143,False,True,False,False,0.0,-10.0,0.0,0.0,-0.48000000000000026,1.8214603793621065
11.869851,144,3377.515166,431,True,False,False,False,10.0,0.0,0.0,0.0,-1.440000000000001,3.3098510873317712
12.342285,96,3389.3537,287,True,False,False,False,10.0,0.0,0.0,0.0,-0.9600000000000006,3.3022849524021147
12.280941,106,3403.8913,316,True,False,False,False,10.0,0.0,0.0,0.0,-1.0600000000000007,3.3409411847591417
12.197288,113,3419.356136,337,True,False,False,False,10.0,0.0,0.0,0.0,-1.1300000000000008,3.3272879290580755
12.701082,59,3426.92066,177,True,False,False,False,10.0,0.0,0.0,0.0,-0.5900000000000003,3.2910815298557283
12.739386,57,3433.61684,170,True,False,False,False,10.0,0.0,0.0,0.0,-0.5700000000000003,3.3093859052658083
11.70711,160,3452.093586,479,True,False,False,False,10.0,0.0,0.0,0.0,-1.6000000000000012,3.307110013365744
12.726067,58,3459.516693,173,True,False,False,False,10.0,0.0,0.0,0.0,-0.5800000000000003,3.306066931486129
11.855752,146,3480.28443,437,True,False,False,False,10.0,0.0,0.0,0.0,-1.460000000000001,3.315752005577088
-8.636278,31,3485.702836,91,False,True,False,False,0.0,-10.0,0.0,0.0,-0.3100000000000001,1.6737217044830326
-8.633726,47,3493.340679,141,False,True,False,False,0.0,-10.0,0.0,0.0,-0.47000000000000025,1.8362737953662875
11.987512,132,3513.774655,395,True,False,False,False,10.0,0.0,0.0,0.0,-1.320000000000001,3.307511902451515
-8.504202,33,3519.200991,99,False,True,False,False,0.0,-10.0,0.0,0.0,-0.3300000000000001,1.825797950625419
12.697248,61,3529.16155,182,True,False,False,False,10.0,0.0,0.0,0.0,-0.6100000000000003,3.307247656583787
11.387526,191,3560.026394,573,True,False,False,False,10.0,0.0,0.0,0.0,-1.9100000000000015,3.2975255078077326
-9.801926,146,3579.231377,437,False,True,False,False,0.0,-10.0,0.0,0.0,-1.460000000000001,1.6580737745761867
12.13564,118,3593.601427,353,True,False,False,False,10.0,0.0,0.0,0.0,-1.1800000000000008,3.315639836788177
-5.6,200,3621.265121,600,False,False,False,True,0.0,0.0,0.0,-5.0,-2.0000000000000013,1.4
-8.568034,30,3626.616549,89,False,True,False,False,0.0,-10.0,0.0,0.0,-0.3000000000000001,1.731965775489807
11.912797,141,3646.922125,421,True,False,False,False,10.0,0.0,0.0,0.0,-1.410000000000001,3.3227969139814375
12.201788,111,3661.920042,332,True,False,False,False,10.0,0.0,0.0,0.0,-1.1100000000000008,3.311788452863692
12.723782,58,3669.323242,173,True,False,False,False,10.0,0.0,0.0,0.0,-0.5800000000000003,3.303782472610474
12.733185,58,3676.751051,173,True,False,False,False,10.0,0.0,0.0,0.0,-0.5800000000000003,3.313185304403306
11.778499,153,3696.173375,458,True,False,False,False,10.0,0.0,0.0,0.0,-1.5300000000000011,3.3084992206096655
12.383044,91,3708.846818,273,True,False,False,False,10.0,0.0,0.0,0.0,-0.9100000000000006,3.2930436700582506
12.748024,57,3715.480289,170,True,False,False,False,10.0,0.0,0.0,0.0,-0.5700000000000003,3.3180244827270515
-7.60114,52,3722.490257,155,False,True,False,False,0.0,-10.0,0.0,0.0,-0.5200000000000002,2.918860498666764
12.748945,58,3730.069952,172,True,False,False,False,10.0,0.0,0.0,0.0,-0.5800000000000003,3.3289449799060824
-8.803509,55,3737.494204,164,False,True,False,False,0.0,-10.0,0.0,0.0,-0.5500000000000003,1.7464906650781633
-9.544401,137,3760.56486,409,False,True,False,False,0.0,-10.0,0.0,0.0,-1.370000000000001,1.8255985760688784
-5.6,200,3792.176753,600,False,False,False,True,0.0,0.0,0.0,-5.0,-2.0000000000000013,1.4
12.734547,60,3802.834677,178,True,False,False,False,10.0,0.0,0.0,0.0,-0.6000000000000003,3.3345473712682723
12.735231,58,3811.489606,173,True,False,False,False,10.0,0.0,0.0,0.0,-0.5800000000000003,3.3152307868003845
-5.6,200,3844.797725,600,False,False,False,True,0.0,0.0,0.0,-5.0,-2.0000000000000013,1.3999999999999997
-8.814364,42,3853.360763,125,False,True,False,False,0.0,-10.0,0.0,0.0,-0.4200000000000002,1.6056361716985703
12.700574,59,3863.687484,177,True,False,False,False,10.0,0.0,0.0,0.0,-0.5900000000000003,3.2905735921859742
12.752368,57,3873.018228,169,True,False,False,False,10.0,0.0,0.0,0.0,-0.5700000000000003,3.322367843389511
12.355823,93,3888.156606,279,True,False,False,False,10.0,0.0,0.0,0.0,-0.9300000000000006,3.2858229231834417
12.632176,66,3895.914783,198,True,False,False,False,10.0,0.0,0.0,0.0,-0.6600000000000004,3.2921761351823804
-8.609366,34,3901.616325,102,False,True,False,False,0.0,-10.0,0.0,0.0,-0.34000000000000014,1.7306336212158204
12.669004,64,3911.540932,191,True,False,False,False,10.0,0.0,0.0,0.0,-0.6400000000000003,3.3090038210153576
12.683107,60,3919.741256,180,True,False,False,False,10.0,0.0,0.0,0.0,-0.6000000000000003,3.283107335567475
-8.584282,32,3924.181965,94,False,True,False,False,0.0,-10.0,0.0,0.0,-0.3200000000000001,1.7357183223962787
12.719776,60,3933.080196,179,True,False,False,False,10.0,0.0,0.0,0.0,-0.6000000000000003,3.3197759604454036
11.494437,183,3955.227083,547,True,False,False,False,10.0,0.0,0.0,0.0,-1.8300000000000014,3.3244371151924126
12.73266,58,3962.032979,173,True,False,False,False,10.0,0.0,0.0,0.0,-0.5800000000000003,3.3126595199108118
11.537363,179,3985.632274,535,True,False,False,False,10.0,0.0,0.0,0.0,-1.7900000000000014,3.3273629879951474
11.864322,143,4003.865512,429,True,False,False,False,10.0,0.0,0.0,0.0,-1.430000000000001,3.2943218952417372
12.683847,61,4011.371065,183,True,False,False,False,10.0,0.0,0.0,0.0,-0.6100000000000003,3.293847393989563
12.728819,57,4018.515873,171,True,False,False,False,10.0,0.0,0.0,0.0,-0.5700000000000003,3.298819090127944
-8.524336,36,4024.721107,108,False,True,False,False,0.0,-10.0,0.0,0.0,-0.36000000000000015,1.8356642895936963
-8.747596,31,4030.248152,91,False,True,False,False,0.0,-10.0,0.0,0.0,-0.3100000000000001,1.5624044871330265
11.901553,140,4047.84957,420,True,False,False,False,10.0,0.0,0.0,0.0,-1.400000000000001,3.3015527337789536
12.722301,57,4055.054685,171,True,False,False,False,10.0,0.0,0.0,0.0,-0.5700000000000003,3.2923005563020715
12.239861,105,4070.524304,315,True,False,False,False,10.0,0.0,0.0,0.0,-1.0500000000000007,3.2898614126443864
-9.001579,93,4085.475658,277,False,True,False,False,0.0,-10.0,0.0,0.0,-0.9300000000000006,1.9284205931425098
12.61234,72,4096.561084,214,True,False,False,False,10.0,0.0,0.0,0.0,-0.7200000000000004,3.3323400437831885
-8.58714,36,4101.130216,106,False,True,False,False,0.0,-10.0,0.0,0.0,-0.36000000000000015,1.7728595960140225
-8.809316,56,4108.92843,168,False,True,False,False,0.0,-10.0,0.0,0.0,-0.5600000000000003,1.7506841099262238
12.752702,57,4116.092021,169,True,False,False,False,10.0,0.0,0.0,0.0,-0.5700000000000003,3.3227022147178658
12.720562,57,4123.980559,171,True,False,False,False,10.0,0.0,0.0,0.0,-0.5700000000000003,3.2905618113279345
-5.6,200,4150.081132,600,False,False,False,True,0.0,0.0,0.0,-5.0,-2.0000000000000013,1.4000000000000004
12.674687,62,4158.902302,186,True,False,False,False,10.0,0.0,0.0,0.0,-0.6200000000000003,3.294687123298645
-8.671829,29,4162.882831,86,False,True,False,False,0.0,-10.0,0.0,0.0,-0.2900000000000001,1.6181710839271546
12.688164,60,4170.69292,180,True,False,False,False,10.0,0.0,0.0,0.0,-0.6000000000000003,3.288163622617721
12.587787,73,4179.877648,218,True,False,False,False,10.0,0.0,0.0,0.0,-0.7300000000000004,3.317787287831305
-5.6,200,4204.056791,600,False,False,False,True,0.0,0.0,0.0,-5.0,-2.0000000000000013,1.4000000000000001
-9.748033,155,4223.642262,465,False,True,False,False,0.0,-10.0,0.0,0.0,-1.5500000000000012,1.8019670069217686
12.740408,59,4231.923608,175,True,False,False,False,10.0,0.0,0.0,0.0,-0.5900000000000003,3.3304080903530116
-8.510052,32,4236.538323,96,False,True,False,False,0.0,-10.0,0.0,0.0,-0.3200000000000001,1.809947788119316
11.93012,136,4254.258724,408,True,False,False,False,10.0,0.0,0.0,0.0,-1.360000000000001,3.2901196271181106
12.032823,129,4270.018013,385,True,False,False,False,10.0,0.0,0.0,0.0,-1.290000000000001,3.3228228044509884
12.471225,85,4280.80687,254,True,False,False,False,10.0,0.0,0.0,0.0,-0.8500000000000005,3.321224539875984
-9.212105,96,4293.131866,286,False,True,False,False,0.0,-10.0,0.0,0.0,-0.9600000000000006,1.7478952676057815
-5.6,200,4320.069135,600,False,False,False,True,0.0,0.0,0.0,-5.0,-2.0000000000000013,1.4
12.726607,59,4327.881179,176,True,False,False,False,10.0,0.0,0.0,0.0,-0.5900000000000003,3.3166074931621536
-9.862998,147,4346.288735,440,False,True,False,False,0.0,-10.0,0.0,0.0,-1.470000000000001,1.6070021104812617
12.742311,58,4353.887166,172,True,False,False,False,10.0,0.0,0.0,0.0,-0.5800000000000003,3.3223112142086033
-9.45863,103,4366.74453,309,False,True,False,False,0.0,-10.0,0.0,0.0,-1.0300000000000007,1.5713695549964906
12.751641,57,4373.80943,169,True,False,False,False,10.0,0.0,0.0,0.0,-0.5700000000000003,3.321641162633894
12.17401,115,4389.777732,343,True,False,False,False,10.0,0.0,0.0,0.0,-1.1500000000000008,3.324009777307511
-8.717171,33,4396.579594,97,False,True,False,False,0.0,-10.0,0.0,0.0,-0.3300000000000001,1.6128293430805205
-4.515582,200,4427.417916,600,False,False,False,True,0.0,0.0,0.0,-5.0,-2.0000000000000013,2.484417690038681
12.574055,76,4437.885549,226,True,False,False,False,10.0,0.0,0.0,0.0,-0.7600000000000005,3.3340549182891857
-8.605837,34,4444.450517,102,False,True,False,False,0.0,-10.0,0.0,0.0,-0.34000000000000014,1.7341631281375889
12.514473,81,4456.766226,241,True,False,False,False,10.0,0.0,0.0,0.0,-0.8100000000000005,3.3244728213548678
11.604979,170,4481.594889,509,True,False,False,False,10.0,0.0,0.0,0.0,-1.7000000000000013,3.304979029297829
12.445508,89,4494.03488,265,True,False,False,False,10.0,0.0,0.0,0.0,-0.8900000000000006,3.3355083250999455
11.320647,200,4528.000126,600,True,False,False,False,10.0,0.0,0.0,0.0,-2.0000000000000013,3.3206469878554343
-8.863225,43,4536.232678,129,False,True,False,False,0.0,-10.0,0.0,0.0,-0.4300000000000002,1.5667745190858842
-8.620549,35,4542.094261,103,False,True,False,False,0.0,-10.0,0.0,0.0,-0.35000000000000014,1.7294509148597719
