#{"t_start": 1790510982.925436, "env_id": "None"}
r,l,t,raw_simulation_steps,is_success,collision,off_route,max_time
-8.873031,52,4.752889,154,False,True,False,False
-8.823796,52,7.987684,154,False,True,False,False
-8.965568,65,12.193091,193,False,True,False,False
-9.187012,91,26.308795,273,False,True,False,False
12.59483,74,37.899641,220,True,False,False,False
11.863987,144,59.790355,431,True,False,False,False
-8.888561,49,67.184086,146,False,True,False,False
12.686372,64,77.130517,190,True,False,False,False
12.71083,61,86.539075,182,True,False,False,False
12.738826,59,95.741912,175,True,False,False,False
12.515083,79,107.726852,236,True,False,False,False
12.697516,60,116.975345,180,True,False,False,False
-8.639901,29,122.12045,86,False,True,False,False
-8.649683,46,129.304123,136,False,True,False,False
-9.018002,65,139.062051,193,False,True,False,False
-8.681673,30,144.156481,90,False,True,False,False
12.405804,92,158.113052,274,True,False,False,False
-8.608407,31,163.397645,93,False,True,False,False
12.636723,70,174.257721,208,True,False,False,False
-8.596962,44,181.008386,132,False,True,False,False
-8.829726,71,191.934034,212,False,True,False,False
12.570389,73,203.381648,219,True,False,False,False
12.652452,68,213.783388,202,True,False,False,False
-8.845162,52,221.965054,155,False,True,False,False
-9.040448,69,232.432014,205,False,True,False,False
-8.9707,65,242.715399,193,False,True,False,False
12.501199,82,255.101231,245,True,False,False,False
-8.682568,50,263.053378,150,False,True,False,False
-8.755672,37,269.211557,110,False,True,False,False
-8.653049,36,275.231127,106,False,True,False,False
-8.624379,48,282.791575,143,False,True,False,False
-8.807262,47,290.555195,141,False,True,False,False
12.439174,90,303.809962,268,True,False,False,False
12.241822,108,319.230544,322,True,False,False,False
-8.88422,51,327.154899,152,False,True,False,False
12.553085,78,339.167714,232,True,False,False,False
-8.763085,50,348.902524,148,False,True,False,False
12.437596,86,364.621292,258,True,False,False,False
-8.818932,63,375.797709,188,False,True,False,False
12.382143,93,392.696051,278,True,False,False,False
12.506573,79,406.09676,237,True,False,False,False
12.49321,80,419.514041,240,True,False,False,False
-8.745116,52,428.628576,155,False,True,False,False
12.541926,76,441.423821,228,True,False,False,False
-8.787843,46,449.679518,136,False,True,False,False
12.539547,78,462.731,233,True,False,False,False
-8.82897,45,470.794829,135,False,True,False,False
-8.804718,49,479.294005,145,False,True,False,False
-8.675843,40,486.60325,118,False,True,False,False
-8.625279,34,492.957705,101,False,True,False,False
-8.660424,50,501.689739,149,False,True,False,False
12.527891,79,515.011074,236,True,False,False,False
12.605141,69,526.634758,207,True,False,False,False
12.56594,74,539.124376,222,True,False,False,False
-8.650217,46,547.319043,137,False,True,False,False
-8.86301,46,555.511125,138,False,True,False,False
-8.67112,59,565.751487,175,False,True,False,False
-8.87805,56,575.311496,166,False,True,False,False
-9.016614,67,587.037547,200,False,True,False,False
-8.648326,38,593.77608,113,False,True,False,False
-8.757936,50,603.364595,150,False,True,False,False
-8.858189,49,613.858953,145,False,True,False,False
-8.744899,47,623.460075,139,False,True,False,False
-8.742004,45,631.566462,133,False,True,False,False
-8.516263,39,638.669248,115,False,True,False,False
-8.830983,43,646.327507,128,False,True,False,False
-8.772463,45,654.432461,134,False,True,False,False
-8.667413,48,663.049562,143,False,True,False,False
-8.641203,46,671.2863,137,False,True,False,False
12.670597,67,682.659134,199,True,False,False,False
-8.646718,51,691.817973,151,False,True,False,False
-8.867672,50,700.527762,149,False,True,False,False
-8.966708,65,711.725736,193,False,True,False,False
12.563921,76,724.388205,226,True,False,False,False
-8.83297,44,732.375949,131,False,True,False,False
-8.746605,47,740.480545,140,False,True,False,False
-8.905741,66,751.770336,197,False,True,False,False
12.29963,104,769.103759,310,True,False,False,False
-8.735906,45,777.455718,135,False,True,False,False
-8.643547,50,786.332854,148,False,True,False,False
-8.699224,51,795.317452,152,False,True,False,False
-8.785849,51,804.521323,153,False,True,False,False
-8.680326,49,813.255401,146,False,True,False,False
-8.803345,48,821.743773,143,False,True,False,False
12.551149,76,834.747368,227,True,False,False,False
-8.827806,53,843.993147,157,False,True,False,False
12.505687,82,857.657032,244,True,False,False,False
-8.83234,45,865.544097,134,False,True,False,False
-8.631343,54,875.026952,160,False,True,False,False
-8.805638,47,883.167785,140,False,True,False,False
-8.755897,41,890.606887,122,False,True,False,False
-8.899859,56,900.390031,168,False,True,False,False
-8.701806,52,909.327904,154,False,True,False,False
12.477038,82,922.88039,246,True,False,False,False
-8.892456,70,934.32658,209,False,True,False,False
12.496606,83,948.179866,247,True,False,False,False
-8.72084,49,956.626526,147,False,True,False,False
-8.910888,65,967.902704,193,False,True,False,False
-8.736133,51,976.816405,152,False,True,False,False
12.568418,75,989.617935,224,True,False,False,False
-8.823066,54,999.035088,161,False,True,False,False
-8.862607,66,1010.426449,196,False,True,False,False
12.586812,72,1022.551976,215,True,False,False,False
-8.701988,51,1031.482644,152,False,True,False,False
-8.658507,49,1040.291531,147,False,True,False,False
-8.808033,50,1049.06447,150,False,True,False,False
-8.679219,51,1057.998748,152,False,True,False,False
12.365765,95,1073.722651,284,True,False,False,False
-8.830461,46,1081.87208,136,False,True,False,False
-8.838099,57,1092.283789,170,False,True,False,False
-8.713695,52,1101.670198,154,False,True,False,False
-8.729763,62,1112.671764,186,False,True,False,False
-8.858516,68,1124.734707,202,False,True,False,False
12.553912,78,1137.944123,232,True,False,False,False
-8.822554,53,1147.236137,158,False,True,False,False
12.617244,69,1159.086382,206,True,False,False,False
12.372513,92,1174.685376,276,True,False,False,False
-8.837164,54,1184.132724,161,False,True,False,False
-8.993423,68,1195.940262,204,False,True,False,False
-8.759046,51,1204.994815,153,False,True,False,False
12.543265,75,1218.122009,225,True,False,False,False
12.523476,79,1231.800507,236,True,False,False,False
-8.699118,52,1240.920683,154,False,True,False,False
-8.602713,43,1248.850032,129,False,True,False,False
-8.666765,39,1256.121413,117,False,True,False,False
12.602202,68,1267.984695,204,True,False,False,False
-8.635287,42,1275.666708,125,False,True,False,False
12.506749,82,1289.740961,244,True,False,False,False
-8.957199,71,1302.466664,212,False,True,False,False
-8.884232,51,1311.953106,151,False,True,False,False
-8.54219,44,1320.456745,131,False,True,False,False
-8.570983,42,1328.88156,126,False,True,False,False
-8.794556,47,1337.729176,141,False,True,False,False
12.611491,68,1350.527517,204,True,False,False,False
-8.706316,54,1360.535066,161,False,True,False,False
-8.671395,48,1369.202193,144,False,True,False,False
-8.514843,33,1376.413235,98,False,True,False,False
-8.664319,48,1386.636624,142,False,True,False,False
-8.872428,47,1396.51512,140,False,True,False,False
12.547831,78,1410.386262,232,True,False,False,False
12.55707,77,1423.596859,229,True,False,False,False
12.396091,94,1439.979259,280,True,False,False,False
-8.706418,44,1448.394582,132,False,True,False,False
-8.704134,53,1458.303166,157,False,True,False,False
12.474414,84,1474.313828,251,True,False,False,False
-8.999421,62,1485.698948,186,False,True,False,False
-8.93109,75,1499.317782,223,False,True,False,False
-8.574234,41,1507.11438,121,False,True,False,False
12.480225,86,1522.259902,256,True,False,False,False
-8.749779,49,1531.157878,147,False,True,False,False
-8.719044,36,1538.02469,107,False,True,False,False
-8.864281,50,1547.063252,148,False,True,False,False
12.579902,76,1559.88566,226,True,False,False,False
-8.67727,40,1567.226405,119,False,True,False,False
-8.692194,39,1574.398162,115,False,True,False,False
12.55163,74,1587.224205,222,True,False,False,False
12.559511,75,1599.87615,224,True,False,False,False
-8.760825,36,1606.588006,108,False,True,False,False
-8.702174,48,1615.255037,142,False,True,False,False
-8.60525,38,1622.446838,113,False,True,False,False
-8.847468,46,1631.110672,136,False,True,False,False
12.702796,63,1642.249982,187,True,False,False,False
-8.676109,39,1649.421023,115,False,True,False,False
-8.636368,40,1656.729481,118,False,True,False,False
-8.576247,39,1664.066075,117,False,True,False,False
-8.606615,36,1670.876511,108,False,True,False,False
-8.64369,41,1678.654212,123,False,True,False,False
-8.777422,53,1688.128639,157,False,True,False,False
-8.763825,52,1697.352244,156,False,True,False,False
12.582472,75,1710.208896,223,True,False,False,False
12.561921,74,1723.016798,221,True,False,False,False
-8.722476,33,1729.404462,99,False,True,False,False
12.505677,78,1742.42353,234,True,False,False,False
-8.899486,51,1751.648624,152,False,True,False,False
-8.781965,51,1760.719538,153,False,True,False,False
-8.753835,49,1769.537773,145,False,True,False,False
-8.819191,70,1781.406442,208,False,True,False,False
-8.843203,66,1792.514082,196,False,True,False,False
12.55731,76,1804.999984,227,True,False,False,False
-8.960932,66,1816.686364,196,False,True,False,False
12.56772,75,1829.320689,224,True,False,False,False
12.535452,76,1842.500966,228,True,False,False,False
-8.708608,37,1849.43226,111,False,True,False,False
-8.934722,74,1862.434383,222,False,True,False,False
-8.60699,42,1870.154949,124,False,True,False,False
-8.713494,47,1878.695906,140,False,True,False,False
12.381348,92,1894.317707,275,True,False,False,False
-8.674621,50,1903.492393,150,False,True,False,False
-8.730036,51,1912.94941,153,False,True,False,False
12.529625,80,1927.496595,238,True,False,False,False
12.489633,84,1942.394091,250,True,False,False,False
12.554482,74,1955.297209,222,True,False,False,False
-8.628516,35,1962.17555,105,False,True,False,False
-8.842861,50,1971.228307,148,False,True,False,False
-8.682126,42,1978.952363,124,False,True,False,False
-8.663795,47,1987.489854,139,False,True,False,False
-8.759513,58,1997.802754,172,False,True,False,False
-8.641744,38,2004.922968,112,False,True,False,False
-8.686433,51,2013.88517,151,False,True,False,False
-8.569112,39,2021.188146,116,False,True,False,False
12.585355,75,2034.496605,223,True,False,False,False
-8.76491,55,2044.317204,164,False,True,False,False
-8.685355,49,2053.106927,145,False,True,False,False
-8.935653,55,2062.738701,165,False,True,False,False
12.468796,86,2077.545573,257,True,False,False,False
-8.653735,52,2086.680522,155,False,True,False,False
12.546825,76,2099.754045,227,True,False,False,False
12.492462,83,2113.815248,247,True,False,False,False
-8.635964,37,2120.79736,111,False,True,False,False
-8.879367,70,2132.740248,208,False,True,False,False
12.526854,78,2146.256873,234,True,False,False,False
-8.68569,50,2155.411056,148,False,True,False,False
-8.681866,37,2162.506929,109,False,True,False,False
-9.209212,87,2177.145481,260,False,True,False,False
-8.552514,37,2183.714049,110,False,True,False,False
-8.634702,35,2190.715051,103,False,True,False,False
-8.542106,39,2197.933982,115,False,True,False,False
-8.596987,38,2205.30505,114,False,True,False,False
-8.709965,53,2214.665965,157,False,True,False,False
12.377386,91,2230.396065,273,True,False,False,False
12.62516,69,2242.256371,206,True,False,False,False
-8.707038,55,2252.358223,163,False,True,False,False
-8.672759,48,2261.261413,143,False,True,False,False
-8.762798,52,2270.835304,154,False,True,False,False
-8.83471,45,2278.616703,135,False,True,False,False
-4.450311,200,2313.361683,600,False,False,False,True
-8.773451,51,2322.464115,151,False,True,False,False
12.510677,78,2336.450802,234,True,False,False,False
12.409583,92,2351.914067,274,True,False,False,False
-8.762869,50,2360.919367,148,False,True,False,False
12.408316,90,2376.789459,269,True,False,False,False
12.577258,76,2390.18104,226,True,False,False,False
12.651097,64,2401.588242,192,True,False,False,False
-8.638034,48,2410.254024,144,False,True,False,False
-8.652652,43,2418.064139,127,False,True,False,False
-8.897562,68,2429.907988,203,False,True,False,False
12.359508,94,2445.685446,282,True,False,False,False
-8.819397,63,2456.698749,187,False,True,False,False
-8.789535,45,2464.914292,134,False,True,False,False
-8.881565,48,2473.770328,144,False,True,False,False
-8.472227,39,2481.014801,116,False,True,False,False
12.506756,80,2494.73062,239,True,False,False,False
12.461534,87,2509.350451,259,True,False,False,False
-8.648099,47,2518.137581,139,False,True,False,False
12.479764,86,2533.23237,256,True,False,False,False
12.465545,85,2547.517975,254,True,False,False,False
-8.637855,37,2554.664697,111,False,True,False,False
-8.597382,48,2564.226296,142,False,True,False,False
-8.646613,48,2573.068461,142,False,True,False,False
12.459907,86,2587.61904,257,True,False,False,False
12.541246,75,2600.192905,225,True,False,False,False
12.518839,80,2613.424842,239,True,False,False,False
12.527676,77,2626.131241,231,True,False,False,False
12.485031,84,2640.30779,250,True,False,False,False
12.511904,80,2653.897997,239,True,False,False,False
-8.592653,48,2662.176204,142,False,True,False,False
-8.686219,35,2668.641023,104,False,True,False,False
-8.824423,44,2676.558903,130,False,True,False,False
-8.606084,37,2683.48527,111,False,True,False,False
12.527299,77,2696.111993,231,True,False,False,False
12.433651,85,2712.024257,255,True,False,False,False
12.59516,73,2727.590016,217,True,False,False,False
-8.593869,40,2736.788238,119,False,True,False,False
12.454192,85,2755.063118,254,True,False,False,False
12.452665,85,2773.594478,254,True,False,False,False
-8.680918,43,2783.603311,127,False,True,False,False
-8.52621,37,2791.852066,110,False,True,False,False
-8.479152,31,2798.86157,93,False,True,False,False
12.593769,73,2814.641457,217,True,False,False,False
12.58013,71,2828.938512,213,True,False,False,False
-8.60144,41,2837.718591,123,False,True,False,False
12.52136,78,2851.088034,233,True,False,False,False
12.281866,100,2866.857213,300,True,False,False,False
-8.735967,34,2872.320062,101,False,True,False,False
-8.636128,37,2878.309954,110,False,True,False,False
-8.622478,35,2883.933275,104,False,True,False,False
12.541396,77,2894.99599,230,True,False,False,False
-8.64623,33,2900.459977,99,False,True,False,False
-9.054899,66,2910.589182,197,False,True,False,False
-8.565364,38,2916.521953,112,False,True,False,False
