comparison,left,right,scenario,success_rate_delta_mean,success_rate_delta_std,success_rate_delta_bootstrap95_low,success_rate_delta_bootstrap95_high,collision_rate_delta_mean,collision_rate_delta_std,collision_rate_delta_bootstrap95_low,collision_rate_delta_bootstrap95_high,off_route_rate_delta_mean,off_route_rate_delta_std,off_route_rate_delta_bootstrap95_low,off_route_rate_delta_bootstrap95_high,timeout_rate_delta_mean,timeout_rate_delta_std,timeout_rate_delta_bootstrap95_low,timeout_rate_delta_bootstrap95_high,mean_return_delta_mean,mean_return_delta_std,mean_success_completion_time_seconds_delta_mean,mean_success_completion_time_seconds_delta_std
mst_minus_sac,mst,sac,left_turn,-0.21333333333333335,0.36417334089993764,-0.6933333333333334,0.12,0.19333333333333336,0.33638602164114306,-0.11333333333333333,0.6466666666666666,0.0,0.0,0.0,0.0,0.02,0.0282842712474619,0.0,0.06666666666666667,-0.4066666666666666,0.7005394746590341,0.7641691919191912,2.186872543587822
mst_minus_sac,mst,sac,cross,0.41333333333333333,0.3465384378231207,-0.04666666666666667,0.7533333333333333,-0.15333333333333335,0.18926759422104522,-0.3933333333333333,0.06,0.0,0.0,0.0,0.0,-0.26,0.2747119703738202,-0.6266666666666667,0.0,0.5666666666666667,0.4861641240934542,-6.009919551992727,3.1759451930183538
mst_minus_sac,mst,sac,roundabout_easy,0.046666666666666634,0.024944382578492953,-0.013333333333333334,0.11333333333333333,-0.05333333333333333,0.01885618083164126,-0.11333333333333333,0.0,0.0,0.0,0.0,0.0,0.006666666666666667,0.009428090415820633,0.0,0.02666666666666667,0.10000000000000002,0.04320493798938574,1.6556259379175653,1.6349218304715916
mst_minus_sac,mst,sac,roundabout_medium,0.09333333333333331,0.03399346342395186,0.02,0.17333333333333334,-0.09333333333333334,0.0339934634239519,-0.17333333333333334,-0.02,0.0,0.0,0.0,0.0,0.0,0.0,0.0,0.0,0.18666666666666668,0.0679869268479038,3.465739635587846,7.6490042766698965
mst_minus_sac,mst,sac,roundabout,0.07333333333333332,0.0659966329107444,-0.02,0.18,-0.07333333333333333,0.06599663291074444,-0.17333333333333334,0.02,0.0,0.0,0.0,0.0,0.0,0.0,0.0,0.0,0.1466666666666667,0.1319932658214889,-0.918259144237401,8.099265354022437
mst_minus_sac,mst,sac,carla,0.08666666666666667,0.03399346342395188,0.03333333333333333,0.14666666666666667,-0.08,0.03265986323710904,-0.14,-0.02666666666666667,0.0,0.0,0.0,0.0,-0.006666666666666667,0.009428090415820633,-0.02666666666666667,0.0,0.16666666666666666,0.06599663291074445,-6.183943602693602,0.7982009300015671
mst_slt_minus_mst,mst_slt,mst,left_turn,0.25333333333333335,0.3586394041683404,-0.02666666666666667,0.7466666666666667,-0.2333333333333333,0.3303869784897031,-0.6733333333333333,0.02666666666666667,0.0,0.0,0.0,0.0,-0.02,0.0282842712474619,-0.06666666666666667,0.0,0.48666666666666664,0.6890250761442254,-2.3756247165532876,2.1856461210968634
mst_slt_minus_mst,mst_slt,mst,cross,0.08,0.04898979485566356,-0.013333333333333334,0.17333333333333334,-0.08,0.04898979485566357,-0.17333333333333334,0.013333333333333334,0.0,0.0,0.0,0.0,0.0,0.0,0.0,0.0,0.16,0.09797958971132707,2.5009447136616885,3.363319458429855
mst_slt_minus_mst,mst_slt,mst,roundabout_easy,0.02666666666666669,0.03399346342395193,-0.02,0.08,-0.02,0.0282842712474619,-0.06,0.02,0.0,0.0,0.0,0.0,-0.006666666666666667,0.009428090415820633,-0.02666666666666667,0.0,0.046666666666666634,0.061824123303304696,-1.4368797582862936,1.3034293939237789
mst_slt_minus_mst,mst_slt,mst,roundabout_medium,-0.013333333333333308,0.06798692684790376,-0.10666666666666667,0.08666666666666667,0.01333333333333333,0.06798692684790379,-0.08666666666666667,0.10666666666666667,0.0,0.0,0.0,0.0,0.0,0.0,0.0,0.0,-0.02666666666666669,0.13597385369580756,-3.275813256314778,7.848035402415056
mst_slt_minus_mst,mst_slt,mst,roundabout,-0.01999999999999998,0.043204937989385725,-0.1,0.05333333333333334,0.019999999999999993,0.04320493798938573,-0.05333333333333334,0.1,0.0,0.0,0.0,0.0,0.0,0.0,0.0,0.0,-0.040000000000000036,0.08640987597877146,1.886144049187531,9.350096021857638
mst_slt_minus_mst,mst_slt,mst,carla,-0.020000000000000018,0.028284271247461926,-0.06666666666666667,0.0,0.02,0.0282842712474619,0.0,0.06666666666666667,0.0,0.0,0.0,0.0,0.0,0.0,0.0,0.0,-0.04,0.0565685424949238,3.5874609929078,0.8630815068348227
temporal_graph_minus_mst_slt,temporal_graph,mst_slt,left_turn,-0.01999999999999998,0.032659863237109024,-0.08,0.03333333333333333,0.02,0.032659863237109045,-0.03333333333333333,0.08,0.0,0.0,0.0,0.0,0.0,0.0,0.0,0.0,-0.04,0.06531972647421805,1.066838583259391,1.0655024815858098
temporal_graph_minus_mst_slt,temporal_graph,mst_slt,cross,-0.04,0.1608311744241976,-0.25333333333333335,0.13333333333333333,0.006666666666666664,0.11585431464655177,-0.13333333333333333,0.16666666666666666,0.0,0.0,0.0,0.0,0.04666666666666667,0.06599663291074444,0.0,0.13349999999999757,-0.04666666666666669,0.27632509034750274,6.567686452127806,2.672870802932321
temporal_graph_minus_mst_slt,temporal_graph,mst_slt,roundabout_easy,-0.02666666666666669,0.009428090415820642,-0.06,0.006666666666666667,0.02666666666666667,0.009428090415820633,-0.006666666666666667,0.06,0.0,0.0,0.0,0.0,0.0,0.0,0.0,0.0,-0.05333333333333331,0.018856180831641256,2.9658928571428596,2.3886127369765466
temporal_graph_minus_mst_slt,temporal_graph,mst_slt,roundabout_medium,-0.04,0.07118052168020875,-0.14666666666666667,0.06,0.04000000000000001,0.07118052168020875,-0.06,0.15333333333333332,0.0,0.0,0.0,0.0,0.0,0.0,0.0,0.0,-0.07999999999999996,0.14236104336041747,2.9844190201333056,2.4003999315722333
temporal_graph_minus_mst_slt,temporal_graph,mst_slt,roundabout,-0.09333333333333334,0.0410960933531265,-0.18,-0.006666666666666667,0.09333333333333334,0.041096093353126514,0.006666666666666667,0.18666666666666668,0.0,0.0,0.0,0.0,0.0,0.0,0.0,0.0,-0.18666666666666662,0.082192186706253,-2.980846086280877,7.285430653219318
temporal_graph_minus_mst_slt,temporal_graph,mst_slt,carla,0.020000000000000018,0.028284271247461926,0.0,0.06666666666666667,-0.02,0.0282842712474619,-0.06666666666666667,0.0,0.0,0.0,0.0,0.0,0.0,0.0,0.0,0.0,0.04,0.0565685424949238,-3.5641276595744666,1.3617128674221861
full_balanced_minus_temporal_graph,full_balanced,temporal_graph,left_turn,0.026666666666666655,0.04988876515698589,-0.04666666666666667,0.09333333333333334,-0.02666666666666667,0.049888765156985884,-0.09333333333333334,0.04666666666666667,0.0,0.0,0.0,0.0,0.0,0.0,0.0,0.0,0.053333333333333344,0.09977753031397177,4.201377740858911,4.181117566302656
full_balanced_minus_temporal_graph,full_balanced,temporal_graph,cross,-0.053333333333333344,0.03399346342395188,-0.14,0.04,0.08666666666666666,0.03399346342395191,-0.006666666666666667,0.18,0.0,0.0,0.0,0.0,-0.04666666666666667,0.06599663291074444,-0.14,0.0,-0.13999999999999999,0.048989794855663606,-6.687674801761233,5.525095874604182
full_balanced_minus_temporal_graph,full_balanced,temporal_graph,roundabout_easy,-0.01999999999999998,0.043204937989385725,-0.09333333333333334,0.04,0.006666666666666667,0.05249338582674541,-0.06,0.08666666666666667,0.0,0.0,0.0,0.0,0.013333333333333334,0.018856180831641266,0.0,0.04666666666666667,-0.02666666666666669,0.09428090415820627,0.6285506424792123,6.743307491432063
full_balanced_minus_temporal_graph,full_balanced,temporal_graph,roundabout_medium,-0.22666666666666668,0.19067132861433456,-0.47333333333333333,-0.02,0.22666666666666666,0.19067132861433456,0.02,0.4666666666666667,0.0,0.0,0.0,0.0,0.0,0.0,0.0,0.0,-0.45333333333333337,0.3813426572286691,-1.741358826358823,7.453901681337266
full_balanced_minus_temporal_graph,full_balanced,temporal_graph,roundabout,0.01999999999999998,0.07483314773547885,-0.09333333333333334,0.14,-0.02666666666666666,0.07363574011458174,-0.14,0.08666666666666667,0.0,0.0,0.0,0.0,0.006666666666666667,0.009428090415820633,0.0,0.02666666666666667,0.046666666666666634,0.14817407180595246,4.625627917701088,6.464066456381244
full_balanced_minus_temporal_graph,full_balanced,temporal_graph,carla,-0.3333333333333333,0.4714045207910317,-1.0,0.0,0.013333333333333334,0.018856180831641266,0.0,0.04666666666666667,0.0,0.0,0.0,0.0,0.32,0.4525483399593904,0.0,0.9466666666666667,-0.3466666666666667,0.490260701622673,0.29999999999999893,0.8999999999999986
full_balanced_minus_mst_slt,full_balanced,mst_slt,left_turn,0.006666666666666672,0.018856180831641284,-0.04,0.04,-0.006666666666666668,0.018856180831641266,-0.04,0.04,0.0,0.0,0.0,0.0,0.0,0.0,0.0,0.0,0.013333333333333345,0.03771236166328257,5.268216324118302,3.6302473880313695
full_balanced_minus_mst_slt,full_balanced,mst_slt,cross,-0.09333333333333334,0.13299958228840003,-0.2733333333333333,0.05333333333333334,0.09333333333333332,0.1329995822884,-0.06,0.28,0.0,0.0,0.0,0.0,0.0,0.0,0.0,0.0,-0.18666666666666668,0.2659991645768,-0.11998834963342613,4.452446523444539
full_balanced_minus_mst_slt,full_balanced,mst_slt,roundabout_easy,-0.04666666666666667,0.03771236166328251,-0.11333333333333333,0.0,0.03333333333333333,0.049888765156985884,-0.02,0.10666666666666667,0.0,0.0,0.0,0.0,0.013333333333333334,0.018856180831641266,0.0,0.04666666666666667,-0.08,0.08640987597877145,3.5944434996220718,4.994820572786903
full_balanced_minus_mst_slt,full_balanced,mst_slt,roundabout_medium,-0.26666666666666666,0.2562984371565478,-0.6,-0.006666666666666667,0.26666666666666666,0.2562984371565478,0.006666666666666667,0.5866666666666667,0.0,0.0,0.0,0.0,0.0,0.0,0.0,0.0,-0.5333333333333333,0.5125968743130956,1.2430601937744825,9.852366638239307
full_balanced_minus_mst_slt,full_balanced,mst_slt,roundabout,-0.07333333333333336,0.03771236166328254,-0.16,0.006666666666666667,0.06666666666666667,0.033993463423951896,-0.006833333333333182,0.14666666666666667,0.0,0.0,0.0,0.0,0.006666666666666667,0.009428090415820633,0.0,0.02666666666666667,-0.13999999999999999,0.07118052168020877,1.644781831420211,5.475477665713719
full_balanced_minus_mst_slt,full_balanced,mst_slt,carla,-0.3133333333333333,0.4861641240934542,-1.0,0.06,-0.006666666666666665,0.04109609335312651,-0.06666666666666667,0.04666666666666667,0.0,0.0,0.0,0.0,0.32,0.4525483399593904,0.0,0.9533333333333334,-0.3066666666666667,0.5208539995899897,-4.110191489361702,0.10380851063829866
ppo_minus_sac,ppo,sac,left_turn,-0.3466666666666667,0.4135483311805553,-0.9133333333333333,0.03333333333333333,0.3466666666666667,0.4135483311805553,-0.03333333333333333,0.9066666666666666,0.0,0.0,0.0,0.0,0.0,0.0,0.0,0.0,-0.6933333333333332,0.8270966623611105,3.7705930735930746,1.4884978354978369
ppo_minus_sac,ppo,sac,cross,0.04,0.44181444068749043,-0.46,0.56,-0.11333333333333333,0.42153159892099296,-0.4866666666666667,0.46,0.0,0.0,0.0,0.0,0.07333333333333332,0.21060758665241752,-0.13333333333333333,0.3466666666666667,0.15333333333333335,0.8375095356007729,-9.475638528138536,1.0625432900432834
ppo_minus_sac,ppo,sac,roundabout_easy,-0.06000000000000002,0.043204937989385725,-0.15333333333333332,0.02666666666666667,0.060000000000000005,0.04320493798938574,-0.02666666666666667,0.15333333333333332,0.0,0.0,0.0,0.0,0.0,0.0,0.0,0.0,-0.12,0.08640987597877146,7.4156165660837265,0.7841347927463121
ppo_minus_sac,ppo,sac,roundabout_medium,-0.13999999999999999,0.08640987597877145,-0.26,0.0,0.13999999999999999,0.08640987597877148,0.0,0.26,0.0,0.0,0.0,0.0,0.0,0.0,0.0,0.0,-0.27999999999999997,0.17281975195754298,6.433979248672572,11.09107429480783
ppo_minus_sac,ppo,sac,roundabout,-0.47333333333333333,0.24783507060588145,-0.7866666666666666,-0.2,0.13999999999999999,0.2566450207322688,-0.18666666666666668,0.42,0.0,0.0,0.0,0.0,0.3333333333333333,0.4714045207910317,0.0,1.0,-0.6133333333333333,0.17987650084309387,-13.04006444099379,2.878457298136647
ppo_minus_sac,ppo,sac,carla,-0.8066666666666666,0.11813363431112905,-0.9266666666666666,-0.64,-0.02666666666666667,0.10498677165349081,-0.14,0.11333333333333333,0.0,0.0,0.0,0.0,0.8333333333333334,0.2217105219775452,0.5466666666666666,1.0,-0.78,0.028284271247461874,11.039583333333336,0.0
