#{"t_start": 1790699488.85111, "env_id": "None"}
r,l,t,raw_simulation_steps,is_success,collision,off_route,max_time,reward_success,reward_collision,reward_off_route,reward_timeout,reward_step_cost,reward_progress
12.298675,104,14.15842,310,True,False,False,False,10.0,0.0,0.0,0.0,-1.0400000000000007,3.33867475092411
12.261975,104,23.974972,311,True,False,False,False,10.0,0.0,0.0,0.0,-1.0400000000000007,3.301975062489509
-10.204436,170,40.177196,508,False,True,False,False,0.0,-10.0,0.0,0.0,-1.7000000000000013,1.4955641016364105
12.243387,107,49.463764,321,True,False,False,False,10.0,0.0,0.0,0.0,-1.0700000000000007,3.3133866891264914
-9.230948,85,57.120728,255,False,True,False,False,0.0,-10.0,0.0,0.0,-0.8500000000000005,1.6190521550178532
-8.854744,71,63.344724,212,False,True,False,False,0.0,-10.0,0.0,0.0,-0.7100000000000004,1.8552560299634933
-8.920646,73,69.72432,218,False,True,False,False,0.0,-10.0,0.0,0.0,-0.7300000000000004,1.8093540573120122
-8.832005,60,75.058265,179,False,True,False,False,0.0,-10.0,0.0,0.0,-0.6000000000000003,1.7679950559139253
-9.020064,75,81.893664,224,False,True,False,False,0.0,-10.0,0.0,0.0,-0.7500000000000004,1.7299355393648146
-9.697627,133,93.540341,397,False,True,False,False,0.0,-10.0,0.0,0.0,-1.330000000000001,1.6323729947209362
-9.131907,64,99.403602,192,False,True,False,False,0.0,-10.0,0.0,0.0,-0.6400000000000003,1.5080925685167315
-8.953541,58,104.765577,173,False,True,False,False,0.0,-10.0,0.0,0.0,-0.5800000000000003,1.626459376215935
-9.501278,116,114.52181,348,False,True,False,False,0.0,-10.0,0.0,0.0,-1.1600000000000008,1.6587215584516521
-9.305953,81,121.842278,241,False,True,False,False,0.0,-10.0,0.0,0.0,-0.8100000000000005,1.504047074913978
-9.387865,124,132.379624,372,False,True,False,False,0.0,-10.0,0.0,0.0,-1.2400000000000009,1.8521350282430646
-8.752984,60,137.866159,179,False,True,False,False,0.0,-10.0,0.0,0.0,-0.6000000000000003,1.8470161843299866
-8.853837,76,144.408988,227,False,True,False,False,0.0,-10.0,0.0,0.0,-0.7600000000000005,1.9061632046103476
-8.938629,63,150.316166,187,False,True,False,False,0.0,-10.0,0.0,0.0,-0.6300000000000003,1.6913707232475272
12.048938,126,220.955902,378,True,False,False,False,10.0,0.0,0.0,0.0,-1.260000000000001,3.308938021957874
-9.00333,73,280.473485,218,False,True,False,False,0.0,-10.0,0.0,0.0,-0.7300000000000004,1.7266700488328925
