#{"t_start": 1790635709.849779, "env_id": "None"}
r,l,t,raw_simulation_steps,is_success,collision,off_route,max_time
12.299513,104,12.915262,310,True,False,False,False
-9.035811,62,19.016778,186,False,True,False,False
12.240009,108,70.930745,323,True,False,False,False
-8.589231,33,87.844073,98,False,True,False,False
-8.73236,48,111.438646,142,False,True,False,False
-8.745412,51,136.102107,152,False,True,False,False
-8.908576,62,165.870686,184,False,True,False,False
11.968598,135,230.560333,404,True,False,False,False
-9.69284,122,289.167635,365,False,True,False,False
-9.659678,117,345.974685,351,False,True,False,False
-5.6,200,443.094732,600,False,False,False,True
-10.101639,170,525.604869,509,False,True,False,False
-5.6,200,622.501181,600,False,False,False,True
-9.632789,120,680.269969,359,False,True,False,False
-5.6,200,778.75748,600,False,False,False,True
-5.6,200,875.366709,600,False,False,False,True
-5.49715,200,972.33194,600,False,False,False,True
-9.046153,87,1015.03723,261,False,True,False,False
-10.368395,189,1106.636213,567,False,True,False,False
-10.1715,170,1188.451921,510,False,True,False,False
-9.362743,100,1237.001202,299,False,True,False,False
-9.808084,146,1307.30926,436,False,True,False,False
-9.685939,119,1365.035694,357,False,True,False,False
-10.240301,182,1452.760246,546,False,True,False,False
-9.292681,79,1490.961818,235,False,True,False,False
-9.599666,110,1544.103109,329,False,True,False,False
-10.188699,179,1631.253763,536,False,True,False,False
-9.705641,142,1699.616632,426,False,True,False,False
-10.160887,166,1779.975547,498,False,True,False,False
-9.637664,154,1854.657807,462,False,True,False,False
-9.037673,56,1882.62938,168,False,True,False,False
-9.425055,102,1932.820129,305,False,True,False,False
-9.100541,84,1973.70908,251,False,True,False,False
-9.522342,115,2029.569428,343,False,True,False,False
12.092514,123,2088.95589,368,True,False,False,False
-9.120993,72,2124.23846,215,False,True,False,False
12.276594,106,2175.714811,316,True,False,False,False
12.207774,113,2230.323946,337,True,False,False,False
-9.264631,76,2267.12242,227,False,True,False,False
12.040354,127,2328.924259,381,True,False,False,False
-8.942748,69,2362.924826,207,False,True,False,False
12.346903,95,2408.944276,285,True,False,False,False
12.461478,87,2451.823459,259,True,False,False,False
-8.937671,58,2480.815057,173,False,True,False,False
-8.707364,52,2506.378104,156,False,True,False,False
-8.670707,52,2532.082254,155,False,True,False,False
-8.992493,59,2561.211392,177,False,True,False,False
-8.736804,40,2581.427987,120,False,True,False,False
12.379212,93,2627.031442,279,True,False,False,False
-9.038901,55,2653.858622,164,False,True,False,False
-8.714992,54,2680.560272,162,False,True,False,False
12.454903,85,2722.275419,254,True,False,False,False
-8.878105,64,2753.997279,190,False,True,False,False
12.348544,97,2800.200465,291,True,False,False,False
-8.8982,47,2823.438363,140,False,True,False,False
12.477173,84,2864.574183,251,True,False,False,False
-8.874194,44,2886.028271,131,False,True,False,False
12.470281,84,2926.296683,251,True,False,False,False
-8.905306,61,2955.937173,183,False,True,False,False
12.469949,83,2996.188663,249,True,False,False,False
-8.906511,54,3022.996693,160,False,True,False,False
-8.781212,61,3052.569649,183,False,True,False,False
12.447001,89,3095.568848,265,True,False,False,False
-8.756289,57,3123.64641,171,False,True,False,False
-9.061973,58,3151.914613,174,False,True,False,False
-8.806895,52,3177.388796,156,False,True,False,False
-8.891529,52,3203.054752,156,False,True,False,False
12.406789,92,3247.499742,275,True,False,False,False
-8.783166,63,3278.481585,188,False,True,False,False
-8.872855,51,3303.872149,151,False,True,False,False
-8.921375,66,3335.874562,197,False,True,False,False
-8.996785,50,3360.986339,150,False,True,False,False
12.513351,80,3399.56673,239,True,False,False,False
-8.691222,57,3428.114578,169,False,True,False,False
12.434094,89,3470.929538,265,True,False,False,False
12.572604,76,3507.471099,226,True,False,False,False
-8.780934,59,3536.443605,175,False,True,False,False
-8.944712,50,3561.885851,148,False,True,False,False
-9.050373,56,3589.540943,168,False,True,False,False
12.480575,83,3630.123898,248,True,False,False,False
-8.664961,55,3657.115169,164,False,True,False,False
-8.825651,59,3686.083528,177,False,True,False,False
-8.830947,54,3712.785488,162,False,True,False,False
12.397596,94,3758.488281,280,True,False,False,False
12.435309,86,3800.087334,258,True,False,False,False
-8.899131,60,3830.319149,180,False,True,False,False
-8.827567,55,3859.684233,164,False,True,False,False
-8.953622,57,3890.107152,170,False,True,False,False
-8.837463,56,3919.583145,168,False,True,False,False
-8.820918,64,3953.164872,190,False,True,False,False
-8.401724,71,3990.272169,211,False,True,False,False
-8.965714,56,4019.498299,167,False,True,False,False
12.478781,84,4063.721423,251,True,False,False,False
12.434146,85,4107.64373,255,True,False,False,False
-8.897619,62,4140.386851,184,False,True,False,False
12.41332,91,4187.769068,271,True,False,False,False
12.378333,91,4235.199304,273,True,False,False,False
-8.946475,73,4273.046801,218,False,True,False,False
12.335651,97,4323.513775,291,True,False,False,False
-8.916608,68,4359.692925,203,False,True,False,False
-8.978115,61,4391.372586,181,False,True,False,False
12.282764,102,4444.201099,305,True,False,False,False
12.309133,98,4495.665797,294,True,False,False,False
-9.099594,65,4530.067565,195,False,True,False,False
-8.890234,70,4566.527879,208,False,True,False,False
-9.155721,73,4604.461844,217,False,True,False,False
12.442028,85,4648.352558,255,True,False,False,False
12.427499,89,4694.847904,266,True,False,False,False
-8.923667,55,4723.839377,165,False,True,False,False
-9.33108,83,4767.156101,248,False,True,False,False
-10.109109,170,4856.033816,508,False,True,False,False
-8.927869,66,4890.684641,197,False,True,False,False
12.389332,90,4937.84734,270,True,False,False,False
12.409798,90,4984.768627,269,True,False,False,False
-5.6,200,5089.560756,600,False,False,False,True
-5.6,200,5194.831731,600,False,False,False,True
-8.861354,73,5232.784599,217,False,True,False,False
-5.6,200,5337.731319,600,False,False,False,True
12.415407,90,5385.252041,269,True,False,False,False
-5.6,200,5492.423316,600,False,False,False,True
-9.077536,68,5528.932633,202,False,True,False,False
-9.437723,100,5582.21713,299,False,True,False,False
-8.919228,66,5617.269307,198,False,True,False,False
12.089815,125,5682.883974,373,True,False,False,False
-9.085927,59,5714.462092,175,False,True,False,False
-8.792633,63,5747.814767,189,False,True,False,False
-8.879894,69,5784.323364,205,False,True,False,False
12.371782,96,5834.425889,286,True,False,False,False
-9.131688,63,5867.402567,189,False,True,False,False
-9.02167,64,5901.186207,192,False,True,False,False
-8.955895,64,5935.018408,191,False,True,False,False
12.431315,90,5981.696162,268,True,False,False,False
-8.914545,48,6007.124859,143,False,True,False,False
12.428384,86,6051.927878,258,True,False,False,False
-8.837381,67,6087.257532,201,False,True,False,False
-8.867617,55,6116.059753,165,False,True,False,False
-8.825148,64,6149.963575,192,False,True,False,False
-8.899346,51,6177.489013,153,False,True,False,False
-8.959368,61,6209.753775,183,False,True,False,False
-8.825095,63,6242.65837,188,False,True,False,False
-8.919884,48,6268.061634,143,False,True,False,False
12.489642,83,6310.787651,248,True,False,False,False
-8.938612,58,6341.509882,172,False,True,False,False
-8.857914,62,6374.140218,185,False,True,False,False
-8.883903,66,6408.487945,196,False,True,False,False
-9.0407,54,6437.060909,160,False,True,False,False
-8.899958,53,6465.045576,157,False,True,False,False
-8.732352,61,6497.325564,181,False,True,False,False
-9.081861,63,6530.730689,189,False,True,False,False
-8.88516,69,6566.581134,205,False,True,False,False
12.524142,77,6607.177973,231,True,False,False,False
-8.924064,66,6642.072347,196,False,True,False,False
12.449976,86,6687.544537,257,True,False,False,False
-8.992145,60,6718.982386,179,False,True,False,False
-9.081206,58,6750.185067,173,False,True,False,False
12.540696,79,6791.771914,235,True,False,False,False
-8.750769,67,6826.765136,200,False,True,False,False
-9.286383,83,6870.824268,248,False,True,False,False
-8.848759,51,6898.253478,153,False,True,False,False
12.478149,85,6942.567215,253,True,False,False,False
-8.893504,62,6975.523915,184,False,True,False,False
-8.887633,70,7012.686726,210,False,True,False,False
12.354565,93,7061.1747,279,True,False,False,False
-9.068283,64,7095.033181,190,False,True,False,False
12.410683,89,7141.33399,267,True,False,False,False
-8.812791,63,7174.235583,189,False,True,False,False
12.528804,79,7215.257332,236,True,False,False,False
-8.723274,58,7245.794307,172,False,True,False,False
12.46713,87,7291.194905,259,True,False,False,False
-8.813201,53,7319.534557,157,False,True,False,False
-8.88062,56,7349.24205,167,False,True,False,False
-8.628995,50,7375.591769,148,False,True,False,False
-9.020529,62,7408.2061,186,False,True,False,False
-8.786782,59,7438.530677,177,False,True,False,False
12.414153,87,7480.741547,261,True,False,False,False
-9.351746,85,7522.216018,253,False,True,False,False
-8.830698,67,7554.61427,200,False,True,False,False
12.431318,88,7597.919222,263,True,False,False,False
-8.919251,66,7630.82907,196,False,True,False,False
-8.989998,57,7658.68886,171,False,True,False,False
-8.994763,56,7686.523823,167,False,True,False,False
12.408097,91,7730.735697,272,True,False,False,False
-9.031278,63,7761.791867,188,False,True,False,False
-9.067904,57,7790.071017,170,False,True,False,False
-9.022294,65,7817.803269,195,False,True,False,False
-8.828173,66,7843.726808,197,False,True,False,False
12.378718,96,7881.898309,286,True,False,False,False
12.350593,98,7919.972526,292,True,False,False,False
12.3049,100,7959.085004,299,True,False,False,False
-8.84265,65,7983.136501,193,False,True,False,False
12.455419,85,8016.063875,254,True,False,False,False
-8.931839,67,8042.472289,201,False,True,False,False
-8.968936,60,8066.629392,180,False,True,False,False
-9.068772,57,8088.791705,169,False,True,False,False
-8.929249,61,8111.79675,182,False,True,False,False
-8.985688,60,8135.662505,178,False,True,False,False
-5.6,200,8212.74005,600,False,False,False,True
-8.964588,66,8239.024025,196,False,True,False,False
