#{"t_start": 1790675237.7188144, "env_id": "None"}
r,l,t,raw_simulation_steps,is_success,collision,off_route,max_time,reward_success,reward_collision,reward_off_route,reward_timeout,reward_step_cost,reward_progress
12.298675,104,13.211318,310,True,False,False,False,10.0,0.0,0.0,0.0,-1.0400000000000007,3.33867475092411
12.261975,104,22.873753,311,True,False,False,False,10.0,0.0,0.0,0.0,-1.0400000000000007,3.301975062489509
-10.204436,170,39.818822,508,False,True,False,False,0.0,-10.0,0.0,0.0,-1.7000000000000013,1.4955641016364105
12.243387,107,49.029304,321,True,False,False,False,10.0,0.0,0.0,0.0,-1.0700000000000007,3.3133866891264914
-9.230948,85,56.643122,255,False,True,False,False,0.0,-10.0,0.0,0.0,-0.8500000000000005,1.6190521550178532
-8.854744,71,63.051419,212,False,True,False,False,0.0,-10.0,0.0,0.0,-0.7100000000000004,1.8552560299634933
-8.920646,73,70.414348,218,False,True,False,False,0.0,-10.0,0.0,0.0,-0.7300000000000004,1.8093540573120122
-8.832005,60,76.455165,179,False,True,False,False,0.0,-10.0,0.0,0.0,-0.6000000000000003,1.7679950559139253
-9.020064,75,83.578365,224,False,True,False,False,0.0,-10.0,0.0,0.0,-0.7500000000000004,1.7299355393648146
-9.697627,133,96.388235,397,False,True,False,False,0.0,-10.0,0.0,0.0,-1.330000000000001,1.6323729947209362
-9.131907,64,102.689826,192,False,True,False,False,0.0,-10.0,0.0,0.0,-0.6400000000000003,1.5080925685167315
-8.953541,58,108.5265,173,False,True,False,False,0.0,-10.0,0.0,0.0,-0.5800000000000003,1.626459376215935
-9.501278,116,119.285064,348,False,True,False,False,0.0,-10.0,0.0,0.0,-1.1600000000000008,1.6587215584516521
-9.305953,81,127.113237,241,False,True,False,False,0.0,-10.0,0.0,0.0,-0.8100000000000005,1.504047074913978
-9.387865,124,138.78797,372,False,True,False,False,0.0,-10.0,0.0,0.0,-1.2400000000000009,1.8521350282430646
-8.752984,60,144.509576,179,False,True,False,False,0.0,-10.0,0.0,0.0,-0.6000000000000003,1.8470161843299866
-8.853837,76,151.705082,227,False,True,False,False,0.0,-10.0,0.0,0.0,-0.7600000000000005,1.9061632046103476
-8.938629,63,157.985993,187,False,True,False,False,0.0,-10.0,0.0,0.0,-0.6300000000000003,1.6913707232475272
12.120917,119,192.960666,357,True,False,False,False,10.0,0.0,0.0,0.0,-1.1900000000000008,3.3109174445271483
-10.1369,164,261.344535,492,False,True,False,False,0.0,-10.0,0.0,0.0,-1.6400000000000012,1.503100356459618
-8.836283,52,282.750136,155,False,True,False,False,0.0,-10.0,0.0,0.0,-0.5200000000000002,1.683716644048691
12.015801,128,342.295858,384,True,False,False,False,10.0,0.0,0.0,0.0,-1.280000000000001,3.2958007550239556
-9.479552,100,382.108047,298,False,True,False,False,0.0,-10.0,0.0,0.0,-1.0000000000000007,1.5204480606317523
-5.6,200,463.270592,600,False,False,False,True,0.0,0.0,0.0,-5.0,-2.0000000000000013,1.3999999999999997
-9.818181,139,522.591689,416,False,True,False,False,0.0,-10.0,0.0,0.0,-1.390000000000001,1.5718194711208342
-9.448825,105,567.132516,315,False,True,False,False,0.0,-10.0,0.0,0.0,-1.0500000000000007,1.601174511909485
-9.342125,98,609.514444,292,False,True,False,False,0.0,-10.0,0.0,0.0,-0.9800000000000006,1.6378745144605642
-5.6,200,699.489574,600,False,False,False,True,0.0,0.0,0.0,-5.0,-2.0000000000000013,1.4000000000000001
-5.6,200,785.524068,600,False,False,False,True,0.0,0.0,0.0,-5.0,-2.0000000000000013,1.4
-9.78761,131,841.135293,393,False,True,False,False,0.0,-10.0,0.0,0.0,-1.310000000000001,1.5223904740810392
-8.902142,61,867.557952,183,False,True,False,False,0.0,-10.0,0.0,0.0,-0.6100000000000003,1.7078583663702014
-9.619837,152,935.24122,455,False,True,False,False,0.0,-10.0,0.0,0.0,-1.5200000000000011,1.9001625782251357
-5.6,200,1023.164282,600,False,False,False,True,0.0,0.0,0.0,-5.0,-2.0000000000000013,1.4000000000000001
-9.160964,81,1060.79293,242,False,True,False,False,0.0,-10.0,0.0,0.0,-0.8100000000000005,1.6490362486243249
-8.717908,58,1086.089956,174,False,True,False,False,0.0,-10.0,0.0,0.0,-0.5800000000000003,1.86209243029356
-8.864146,59,1111.475268,175,False,True,False,False,0.0,-10.0,0.0,0.0,-0.5900000000000003,1.725854025781155
-5.6,200,1199.197424,600,False,False,False,True,0.0,0.0,0.0,-5.0,-2.0000000000000013,1.4
-5.6,200,1289.140959,600,False,False,False,True,0.0,0.0,0.0,-5.0,-2.0000000000000013,1.4
-8.921676,51,1311.749086,151,False,True,False,False,0.0,-10.0,0.0,0.0,-0.5100000000000002,1.5883238792419434
-9.974467,163,1382.038286,487,False,True,False,False,0.0,-10.0,0.0,0.0,-1.6300000000000012,1.6555327206850052
11.756434,155,1446.802463,465,True,False,False,False,10.0,0.0,0.0,0.0,-1.5500000000000012,3.3064341771602637
11.438881,186,1514.285665,558,True,False,False,False,10.0,0.0,0.0,0.0,-1.8600000000000014,3.298881070017815
-8.761271,61,1538.105885,183,False,True,False,False,0.0,-10.0,0.0,0.0,-0.6100000000000003,1.8487290832400314
-9.592108,111,1578.044601,333,False,True,False,False,0.0,-10.0,0.0,0.0,-1.1100000000000008,1.5178919219970706
-8.923745,68,1602.4658,202,False,True,False,False,0.0,-10.0,0.0,0.0,-0.6800000000000004,1.756255081295967
-9.312059,123,1650.163678,369,False,True,False,False,0.0,-10.0,0.0,0.0,-1.2300000000000009,1.917940708100795
-8.880041,47,1669.051851,140,False,True,False,False,0.0,-10.0,0.0,0.0,-0.47000000000000025,1.5899586081504822
-8.856878,59,1693.46159,175,False,True,False,False,0.0,-10.0,0.0,0.0,-0.5900000000000003,1.7331218832731248
12.367301,95,1730.195838,284,True,False,False,False,10.0,0.0,0.0,0.0,-0.9500000000000006,3.3173006945848478
-8.932149,53,1752.769652,158,False,True,False,False,0.0,-10.0,0.0,0.0,-0.5300000000000002,1.5978507283329968
-8.669623,55,1776.58946,165,False,True,False,False,0.0,-10.0,0.0,0.0,-0.5500000000000003,1.880376868844032
-8.774138,48,1797.676991,143,False,True,False,False,0.0,-10.0,0.0,0.0,-0.48000000000000026,1.7058616089820866
-8.655499,57,1822.587248,170,False,True,False,False,0.0,-10.0,0.0,0.0,-0.5700000000000003,1.9145012336969376
-8.824777,58,1847.50127,172,False,True,False,False,0.0,-10.0,0.0,0.0,-0.5800000000000003,1.7552234554290767
12.163211,114,1894.477092,342,True,False,False,False,10.0,0.0,0.0,0.0,-1.1400000000000008,3.303211299180985
-9.050537,63,1919.446875,189,False,True,False,False,0.0,-10.0,0.0,0.0,-0.6300000000000003,1.5794627872109412
11.954835,138,1973.707163,412,True,False,False,False,10.0,0.0,0.0,0.0,-1.380000000000001,3.3348352426290506
12.33147,98,2012.10008,293,True,False,False,False,10.0,0.0,0.0,0.0,-0.9800000000000006,3.311469833850861
-9.07534,61,2036.778824,181,False,True,False,False,0.0,-10.0,0.0,0.0,-0.6100000000000003,1.5346600228548053
-8.776125,65,2062.129762,195,False,True,False,False,0.0,-10.0,0.0,0.0,-0.6500000000000004,1.8738752496242523
12.430875,86,2105.997518,258,True,False,False,False,10.0,0.0,0.0,0.0,-0.8600000000000005,3.2908746397495277
12.228158,109,2150.350925,326,True,False,False,False,10.0,0.0,0.0,0.0,-1.0900000000000007,3.3181581491231924
-9.047995,67,2176.951566,199,False,True,False,False,0.0,-10.0,0.0,0.0,-0.6700000000000004,1.6220051842927934
-8.972138,69,2204.973453,207,False,True,False,False,0.0,-10.0,0.0,0.0,-0.6900000000000004,1.7178621351718901
-8.933568,68,2231.07727,204,False,True,False,False,0.0,-10.0,0.0,0.0,-0.6800000000000004,1.7464321556687348
-8.767902,62,2255.810514,185,False,True,False,False,0.0,-10.0,0.0,0.0,-0.6200000000000003,1.8520980465412138
-8.929552,49,2277.27149,146,False,True,False,False,0.0,-10.0,0.0,0.0,-0.49000000000000027,1.5604477223753928
-9.097097,74,2310.332122,222,False,True,False,False,0.0,-10.0,0.0,0.0,-0.7400000000000004,1.6429031652212143
12.250506,109,2353.001127,325,True,False,False,False,10.0,0.0,0.0,0.0,-1.0900000000000007,3.3405062419176104
-8.834936,49,2370.791608,147,False,True,False,False,0.0,-10.0,0.0,0.0,-0.49000000000000027,1.6550639683008195
-9.127356,67,2396.540965,201,False,True,False,False,0.0,-10.0,0.0,0.0,-0.6700000000000004,1.5426437559723851
-8.952784,57,2417.90866,170,False,True,False,False,0.0,-10.0,0.0,0.0,-0.5700000000000003,1.6172160637378694
-8.919387,42,2433.506184,124,False,True,False,False,0.0,-10.0,0.0,0.0,-0.4200000000000002,1.5006127345561981
-9.071119,63,2456.741354,187,False,True,False,False,0.0,-10.0,0.0,0.0,-0.6300000000000003,1.5588805288076404
-8.872463,50,2475.055356,149,False,True,False,False,0.0,-10.0,0.0,0.0,-0.5000000000000002,1.6275368034839626
-8.92769,59,2496.301066,177,False,True,False,False,0.0,-10.0,0.0,0.0,-0.5900000000000003,1.6623101937770854
-8.85064,46,2514.375371,138,False,True,False,False,0.0,-10.0,0.0,0.0,-0.46000000000000024,1.609359558820725
-8.764075,62,2540.560661,184,False,True,False,False,0.0,-10.0,0.0,0.0,-0.6200000000000003,1.8559253770112993
-9.23446,81,2574.758779,243,False,True,False,False,0.0,-10.0,0.0,0.0,-0.8100000000000005,1.5755401974916452
-5.6,200,2662.105999,600,False,False,False,True,0.0,0.0,0.0,-5.0,-2.0000000000000013,1.4000000000000001
-9.35293,110,2711.904794,328,False,True,False,False,0.0,-10.0,0.0,0.0,-1.1000000000000008,1.7470701152086259
-8.797169,50,2734.817156,148,False,True,False,False,0.0,-10.0,0.0,0.0,-0.5000000000000002,1.7028313422203065
12.455218,88,2773.480397,262,True,False,False,False,10.0,0.0,0.0,0.0,-0.8800000000000006,3.3352178224921216
-8.704501,52,2796.324473,156,False,True,False,False,0.0,-10.0,0.0,0.0,-0.5200000000000002,1.8154989457130433
-8.69643,55,2820.619363,163,False,True,False,False,0.0,-10.0,0.0,0.0,-0.5500000000000003,1.853569601178169
-8.805905,59,2846.281189,177,False,True,False,False,0.0,-10.0,0.0,0.0,-0.5900000000000003,1.7840953540802
-9.274324,84,2882.770365,250,False,True,False,False,0.0,-10.0,0.0,0.0,-0.8400000000000005,1.565675546228886
-8.863817,67,2911.826972,200,False,True,False,False,0.0,-10.0,0.0,0.0,-0.6700000000000004,1.8061831176280974
-8.905578,55,2935.760266,164,False,True,False,False,0.0,-10.0,0.0,0.0,-0.5500000000000003,1.6444220942258831
-8.928079,56,2960.01323,167,False,True,False,False,0.0,-10.0,0.0,0.0,-0.5600000000000003,1.6319206345081334
-8.698041,51,2982.727654,152,False,True,False,False,0.0,-10.0,0.0,0.0,-0.5100000000000002,1.8119588774442672
-8.736283,46,3004.009403,136,False,True,False,False,0.0,-10.0,0.0,0.0,-0.46000000000000024,1.7237166404724122
-8.950573,76,3037.428013,228,False,True,False,False,0.0,-10.0,0.0,0.0,-0.7600000000000005,1.8094265049695966
-8.862595,62,3064.857872,184,False,True,False,False,0.0,-10.0,0.0,0.0,-0.6200000000000003,1.7574054270982737
12.445591,87,3102.076927,260,True,False,False,False,10.0,0.0,0.0,0.0,-0.8700000000000006,3.315590972900391
-8.713634,56,3128.996051,168,False,True,False,False,0.0,-10.0,0.0,0.0,-0.5600000000000003,1.8463655191659931
-9.23655,99,3177.253441,295,False,True,False,False,0.0,-10.0,0.0,0.0,-0.9900000000000007,1.7534504508972169
-9.153385,73,3212.790767,218,False,True,False,False,0.0,-10.0,0.0,0.0,-0.7300000000000004,1.5766150948405273
-9.726502,126,3273.460342,377,False,True,False,False,0.0,-10.0,0.0,0.0,-1.260000000000001,1.533497802019119
-9.167204,81,3312.583806,242,False,True,False,False,0.0,-10.0,0.0,0.0,-0.8100000000000005,1.6427959683537479
12.22954,108,3364.877947,324,True,False,False,False,10.0,0.0,0.0,0.0,-1.0800000000000007,3.309540064334869
-9.104556,86,3406.719152,258,False,True,False,False,0.0,-10.0,0.0,0.0,-0.8600000000000005,1.755444145202637
-9.128723,65,3438.732871,194,False,True,False,False,0.0,-10.0,0.0,0.0,-0.6500000000000004,1.521277204155922
-9.096611,100,3487.398734,298,False,True,False,False,0.0,-10.0,0.0,0.0,-1.0000000000000007,1.903388715982437
11.989195,133,3553.202158,398,True,False,False,False,10.0,0.0,0.0,0.0,-1.330000000000001,3.3191946396231664
-9.011484,58,3582.157022,173,False,True,False,False,0.0,-10.0,0.0,0.0,-0.5800000000000003,1.568516494631768
12.117795,122,3641.738459,364,True,False,False,False,10.0,0.0,0.0,0.0,-1.2200000000000009,3.3377947473525995
-9.312428,89,3685.456494,266,False,True,False,False,0.0,-10.0,0.0,0.0,-0.8900000000000006,1.5775722843408586
-9.416359,96,3731.998802,286,False,True,False,False,0.0,-10.0,0.0,0.0,-0.9600000000000006,1.543641172349452
-9.469506,107,3784.089253,320,False,True,False,False,0.0,-10.0,0.0,0.0,-1.0700000000000007,1.6004940921068196
-9.374962,106,3835.444687,318,False,True,False,False,0.0,-10.0,0.0,0.0,-1.0600000000000007,1.685038339197636
-9.37618,106,3887.876724,316,False,True,False,False,0.0,-10.0,0.0,0.0,-1.0600000000000007,1.683820040822029
-9.216926,103,3937.827242,307,False,True,False,False,0.0,-10.0,0.0,0.0,-1.0300000000000007,1.8130743193626402
-9.277631,84,3978.580608,252,False,True,False,False,0.0,-10.0,0.0,0.0,-0.8400000000000005,1.5623693960905076
-9.304819,87,4021.74047,259,False,True,False,False,0.0,-10.0,0.0,0.0,-0.8700000000000006,1.5651807251572611
-9.410617,103,4072.895405,307,False,True,False,False,0.0,-10.0,0.0,0.0,-1.0300000000000007,1.6193825352191915
-9.589719,113,4128.974159,338,False,True,False,False,0.0,-10.0,0.0,0.0,-1.1300000000000008,1.540281341671944
-8.652414,54,4156.259234,161,False,True,False,False,0.0,-10.0,0.0,0.0,-0.5400000000000003,1.8875860422849664
-8.763546,57,4184.914197,171,False,True,False,False,0.0,-10.0,0.0,0.0,-0.5700000000000003,1.806454281806946
-8.871584,52,4211.220273,155,False,True,False,False,0.0,-10.0,0.0,0.0,-0.5200000000000002,1.64841592669487
-8.658787,57,4240.014695,170,False,True,False,False,0.0,-10.0,0.0,0.0,-0.5700000000000003,1.9112134003639223
12.469765,86,4283.608469,256,True,False,False,False,10.0,0.0,0.0,0.0,-0.8600000000000005,3.3297649806737892
12.151024,118,4344.125797,352,True,False,False,False,10.0,0.0,0.0,0.0,-1.1800000000000008,3.3310235905647274
12.416703,91,4390.859735,271,True,False,False,False,10.0,0.0,0.0,0.0,-0.9100000000000006,3.3267031532526006
-8.944412,72,4428.407758,214,False,True,False,False,0.0,-10.0,0.0,0.0,-0.7200000000000004,1.7755878284573559
-8.861288,60,4459.362149,180,False,True,False,False,0.0,-10.0,0.0,0.0,-0.6000000000000003,1.7387117844820021
12.134544,119,4521.610181,355,True,False,False,False,10.0,0.0,0.0,0.0,-1.1900000000000008,3.324543973803519
-8.956597,68,4556.883636,202,False,True,False,False,0.0,-10.0,0.0,0.0,-0.6800000000000004,1.7234034296870235
-8.943134,52,4584.126522,155,False,True,False,False,0.0,-10.0,0.0,0.0,-0.5200000000000002,1.576865702271462
-9.346761,113,4642.869957,338,False,True,False,False,0.0,-10.0,0.0,0.0,-1.1300000000000008,1.7832390671968457
12.489289,83,4682.280883,248,True,False,False,False,10.0,0.0,0.0,0.0,-0.8300000000000005,3.3192890197038656
-8.719114,45,4704.637038,135,False,True,False,False,0.0,-10.0,0.0,0.0,-0.45000000000000023,1.7308864074945447
-8.767109,49,4728.750634,146,False,True,False,False,0.0,-10.0,0.0,0.0,-0.49000000000000027,1.7228907001018523
-8.804373,65,4760.056799,195,False,True,False,False,0.0,-10.0,0.0,0.0,-0.6500000000000004,1.8456271350383748
12.355478,95,4805.401747,285,True,False,False,False,10.0,0.0,0.0,0.0,-0.9500000000000006,3.3054776728153237
12.228315,109,4857.49704,326,True,False,False,False,10.0,0.0,0.0,0.0,-1.0900000000000007,3.3183148938417424
12.027837,129,4917.18885,387,True,False,False,False,10.0,0.0,0.0,0.0,-1.290000000000001,3.317836739420892
-9.391974,95,4960.726603,284,False,True,False,False,0.0,-10.0,0.0,0.0,-0.9500000000000006,1.558025556206703
-8.770635,61,4989.151884,181,False,True,False,False,0.0,-10.0,0.0,0.0,-0.6100000000000003,1.8393650615215302
-9.103282,91,5031.405946,272,False,True,False,False,0.0,-10.0,0.0,0.0,-0.9100000000000006,1.8067175656557082
11.71582,158,5103.931377,474,True,False,False,False,10.0,0.0,0.0,0.0,-1.5800000000000012,3.295819678306579
-8.990755,65,5134.557848,195,False,True,False,False,0.0,-10.0,0.0,0.0,-0.6500000000000004,1.6592453077435494
12.52048,78,5171.239642,234,True,False,False,False,10.0,0.0,0.0,0.0,-0.7800000000000005,3.300479609966279
12.164783,113,5224.607066,339,True,False,False,False,10.0,0.0,0.0,0.0,-1.1300000000000008,3.2947829210758206
-8.903773,52,5249.525976,156,False,True,False,False,0.0,-10.0,0.0,0.0,-0.5200000000000002,1.6162273851037028
-8.51419,33,5266.0963,99,False,True,False,False,0.0,-10.0,0.0,0.0,-0.3300000000000001,1.815810225605965
-8.842125,48,5289.035481,142,False,True,False,False,0.0,-10.0,0.0,0.0,-0.48000000000000026,1.637874831557274
12.605545,72,5322.458287,214,True,False,False,False,10.0,0.0,0.0,0.0,-0.7200000000000004,3.32554488837719
-8.804472,37,5341.066776,109,False,True,False,False,0.0,-10.0,0.0,0.0,-0.37000000000000016,1.5655280768871302
12.567443,76,5376.896133,226,True,False,False,False,10.0,0.0,0.0,0.0,-0.7600000000000005,3.3274433839321134
-8.776168,48,5399.774825,144,False,True,False,False,0.0,-10.0,0.0,0.0,-0.48000000000000026,1.7038317275047299
-8.912057,42,5420.378066,126,False,True,False,False,0.0,-10.0,0.0,0.0,-0.4200000000000002,1.507943167984486
12.542317,78,5456.127239,233,True,False,False,False,10.0,0.0,0.0,0.0,-0.7800000000000005,3.3223169225454354
-9.071531,83,5494.368729,249,False,True,False,False,0.0,-10.0,0.0,0.0,-0.8300000000000005,1.7584694319963459
-8.868823,48,5516.78265,143,False,True,False,False,0.0,-10.0,0.0,0.0,-0.48000000000000026,1.6111765694618225
12.6542,68,5547.804439,202,True,False,False,False,10.0,0.0,0.0,0.0,-0.6800000000000004,3.334200105667114
-8.800445,41,5566.990577,123,False,True,False,False,0.0,-10.0,0.0,0.0,-0.4100000000000002,1.6095548284053802
-8.778943,41,5586.362557,123,False,True,False,False,0.0,-10.0,0.0,0.0,-0.4100000000000002,1.6310569563508042
-8.919882,46,5607.495965,136,False,True,False,False,0.0,-10.0,0.0,0.0,-0.46000000000000024,1.5401178771257402
12.322375,100,5654.107018,299,True,False,False,False,10.0,0.0,0.0,0.0,-1.0000000000000007,3.32237509071827
-9.263942,81,5690.740284,241,False,True,False,False,0.0,-10.0,0.0,0.0,-0.8100000000000005,1.5460581824183466
-8.803015,41,5710.400204,123,False,True,False,False,0.0,-10.0,0.0,0.0,-0.4100000000000002,1.6069849252700803
-8.776034,28,5724.716701,82,False,True,False,False,0.0,-10.0,0.0,0.0,-0.2800000000000001,1.503965619802475
-9.428293,107,5777.090293,320,False,True,False,False,0.0,-10.0,0.0,0.0,-1.0700000000000007,1.6417072212696078
12.302834,100,5826.15368,299,True,False,False,False,10.0,0.0,0.0,0.0,-1.0000000000000007,3.302833916544915
12.566403,77,5864.13904,229,True,False,False,False,10.0,0.0,0.0,0.0,-0.7700000000000005,3.3364029777050024
-8.544539,46,5887.423811,138,False,True,False,False,0.0,-10.0,0.0,0.0,-0.46000000000000024,1.9154611557722094
-8.837952,44,5909.469553,131,False,True,False,False,0.0,-10.0,0.0,0.0,-0.4400000000000002,1.602047602236271
12.638867,67,5941.272178,200,True,False,False,False,10.0,0.0,0.0,0.0,-0.6700000000000004,3.3088670903444286
-8.529997,34,5958.234329,101,False,True,False,False,0.0,-10.0,0.0,0.0,-0.34000000000000014,1.8100025063753125
-8.737305,33,5974.83482,99,False,True,False,False,0.0,-10.0,0.0,0.0,-0.3300000000000001,1.5926945328712465
-8.526312,40,5994.609074,120,False,True,False,False,0.0,-10.0,0.0,0.0,-0.4000000000000002,1.8736877632141113
-8.702649,41,6014.576112,121,False,True,False,False,0.0,-10.0,0.0,0.0,-0.4100000000000002,1.7073508682847025
-8.780608,31,6030.141152,93,False,True,False,False,0.0,-10.0,0.0,0.0,-0.3100000000000001,1.5293919944763181
-8.511482,32,6046.584865,96,False,True,False,False,0.0,-10.0,0.0,0.0,-0.3200000000000001,1.8085175836086278
12.627678,69,6079.146088,206,True,False,False,False,10.0,0.0,0.0,0.0,-0.6900000000000004,3.317677982449531
-8.795939,44,6100.105551,132,False,True,False,False,0.0,-10.0,0.0,0.0,-0.4400000000000002,1.6440614426136015
-8.720983,35,6117.21665,103,False,True,False,False,0.0,-10.0,0.0,0.0,-0.35000000000000014,1.6290166908502577
-8.466184,33,6133.060189,99,False,True,False,False,0.0,-10.0,0.0,0.0,-0.3300000000000001,1.8638155388832096
-8.784053,28,6146.867652,82,False,True,False,False,0.0,-10.0,0.0,0.0,-0.2800000000000001,1.4959470504522323
-8.820433,63,6176.17071,188,False,True,False,False,0.0,-10.0,0.0,0.0,-0.6300000000000003,1.8095667237043382
12.533325,79,6212.450513,236,True,False,False,False,10.0,0.0,0.0,0.0,-0.7900000000000005,3.3233245450258253
-8.702995,36,6229.756149,107,False,True,False,False,0.0,-10.0,0.0,0.0,-0.36000000000000015,1.657004599571228
-8.722531,38,6248.34729,112,False,True,False,False,0.0,-10.0,0.0,0.0,-0.38000000000000017,1.6574691775441166
12.352018,98,6292.502373,293,True,False,False,False,10.0,0.0,0.0,0.0,-0.9800000000000006,3.332018372714519
12.50966,80,6329.670623,239,True,False,False,False,10.0,0.0,0.0,0.0,-0.8000000000000005,3.3096598047018047
-8.691197,32,6347.671283,95,False,True,False,False,0.0,-10.0,0.0,0.0,-0.3200000000000001,1.6288031190633776
-8.76061,34,6364.680312,102,False,True,False,False,0.0,-10.0,0.0,0.0,-0.34000000000000014,1.579390263259411
-8.490001,32,6379.969859,96,False,True,False,False,0.0,-10.0,0.0,0.0,-0.3200000000000001,1.8299990689754488
12.509571,83,6419.720133,247,True,False,False,False,10.0,0.0,0.0,0.0,-0.8300000000000005,3.3395711165666593
12.627095,71,6453.259489,211,True,False,False,False,10.0,0.0,0.0,0.0,-0.7100000000000004,3.3370954096317296
-8.592723,41,6472.117265,121,False,True,False,False,0.0,-10.0,0.0,0.0,-0.4100000000000002,1.8172767043113707
-8.696473,29,6485.661393,86,False,True,False,False,0.0,-10.0,0.0,0.0,-0.2900000000000001,1.593526953756809
12.574661,73,6518.155068,218,True,False,False,False,10.0,0.0,0.0,0.0,-0.7300000000000004,3.3046609109640115
-8.777267,34,6533.513273,100,False,True,False,False,0.0,-10.0,0.0,0.0,-0.34000000000000014,1.5627325481176375
-8.751702,28,6546.328332,83,False,True,False,False,0.0,-10.0,0.0,0.0,-0.2800000000000001,1.5282980069518093
12.449137,89,6585.418044,265,True,False,False,False,10.0,0.0,0.0,0.0,-0.8900000000000006,3.339137392938137
12.297084,104,6634.183149,310,True,False,False,False,10.0,0.0,0.0,0.0,-1.0400000000000007,3.3370844316482553
12.617596,72,6671.276015,214,True,False,False,False,10.0,0.0,0.0,0.0,-0.7200000000000004,3.337596069574355
12.444767,88,6714.863588,263,True,False,False,False,10.0,0.0,0.0,0.0,-0.8800000000000006,3.3247670048475264
-8.647654,41,6736.14723,122,False,True,False,False,0.0,-10.0,0.0,0.0,-0.4100000000000002,1.762345692515373
-8.525836,33,6753.22733,99,False,True,False,False,0.0,-10.0,0.0,0.0,-0.3300000000000001,1.8041641038656238
12.725777,58,6779.959757,173,True,False,False,False,10.0,0.0,0.0,0.0,-0.5800000000000003,3.305777360200882
12.654598,67,6811.605978,199,True,False,False,False,10.0,0.0,0.0,0.0,-0.6700000000000004,3.3245982301235206
-8.658402,32,6826.325042,94,False,True,False,False,0.0,-10.0,0.0,0.0,-0.3200000000000001,1.661598417758942
-8.641698,37,6844.551631,110,False,True,False,False,0.0,-10.0,0.0,0.0,-0.37000000000000016,1.728302373290062
12.718314,60,6873.904074,179,True,False,False,False,10.0,0.0,0.0,0.0,-0.6000000000000003,3.31831385076046
-8.728978,30,6889.230587,88,False,True,False,False,0.0,-10.0,0.0,0.0,-0.3000000000000001,1.5710218030214311
-8.765053,27,6903.362276,79,False,True,False,False,0.0,-10.0,0.0,0.0,-0.2700000000000001,1.5049467033147816
12.71949,61,6933.417871,181,True,False,False,False,10.0,0.0,0.0,0.0,-0.6100000000000003,3.3294901669025423
-8.781016,38,6952.942307,112,False,True,False,False,0.0,-10.0,0.0,0.0,-0.38000000000000017,1.5989835947752002
-8.678312,33,6969.631567,97,False,True,False,False,0.0,-10.0,0.0,0.0,-0.3300000000000001,1.6516879385709762
-8.8176,36,6987.958167,108,False,True,False,False,0.0,-10.0,0.0,0.0,-0.36000000000000015,1.5424004060029983
-8.716046,35,7005.63717,104,False,True,False,False,0.0,-10.0,0.0,0.0,-0.35000000000000014,1.6339540654420854
-8.658077,39,7026.05018,117,False,True,False,False,0.0,-10.0,0.0,0.0,-0.3900000000000002,1.7319225454330445
-8.678383,34,7043.649739,100,False,True,False,False,0.0,-10.0,0.0,0.0,-0.34000000000000014,1.6616174298524862
-8.779373,34,7060.543863,101,False,True,False,False,0.0,-10.0,0.0,0.0,-0.34000000000000014,1.560626640915871
-8.802244,30,7076.145442,88,False,True,False,False,0.0,-10.0,0.0,0.0,-0.3000000000000001,1.4977564710378646
12.692499,64,7107.552725,190,True,False,False,False,10.0,0.0,0.0,0.0,-0.6400000000000003,3.332498554587365
12.710731,59,7136.04302,177,True,False,False,False,10.0,0.0,0.0,0.0,-0.5900000000000003,3.300730637907982
12.737443,60,7164.409378,178,True,False,False,False,10.0,0.0,0.0,0.0,-0.6000000000000003,3.3374426484107977
-8.706324,33,7180.602268,98,False,True,False,False,0.0,-10.0,0.0,0.0,-0.3300000000000001,1.6236763018369673
-8.575663,32,7196.321741,95,False,True,False,False,0.0,-10.0,0.0,0.0,-0.3200000000000001,1.7443374162912368
-8.740724,30,7211.707863,90,False,True,False,False,0.0,-10.0,0.0,0.0,-0.3000000000000001,1.5592757064104081
-8.706035,39,7230.853303,115,False,True,False,False,0.0,-10.0,0.0,0.0,-0.3900000000000002,1.683964914679527
-8.735643,35,7247.936758,105,False,True,False,False,0.0,-10.0,0.0,0.0,-0.35000000000000014,1.6143573033809664
12.659801,65,7280.162259,194,True,False,False,False,10.0,0.0,0.0,0.0,-0.6500000000000004,3.3098013347387316
-8.676003,33,7297.050483,99,False,True,False,False,0.0,-10.0,0.0,0.0,-0.3300000000000001,1.653996707797051
12.698437,59,7323.788152,177,True,False,False,False,10.0,0.0,0.0,0.0,-0.5900000000000003,3.288437291383742
-8.842711,52,7350.444156,155,False,True,False,False,0.0,-10.0,0.0,0.0,-0.5200000000000002,1.677289196848869
-8.706166,41,7371.324238,121,False,True,False,False,0.0,-10.0,0.0,0.0,-0.4100000000000002,1.7038340359926232
12.570983,74,7407.657188,221,True,False,False,False,10.0,0.0,0.0,0.0,-0.7400000000000004,3.3109832566976545
12.705936,59,7435.02323,177,True,False,False,False,10.0,0.0,0.0,0.0,-0.5900000000000003,3.29593565762043
-8.954672,56,7461.34761,168,False,True,False,False,0.0,-10.0,0.0,0.0,-0.5600000000000003,1.6053278261423118
12.700552,59,7488.444413,177,True,False,False,False,10.0,0.0,0.0,0.0,-0.5900000000000003,3.290551959276199
-8.665093,35,7506.406441,104,False,True,False,False,0.0,-10.0,0.0,0.0,-0.35000000000000014,1.6849072927236557
-8.776126,30,7520.929752,89,False,True,False,False,0.0,-10.0,0.0,0.0,-0.3000000000000001,1.523874344229698
-8.797147,37,7538.173982,109,False,True,False,False,0.0,-10.0,0.0,0.0,-0.37000000000000016,1.5728530952334405
-8.766887,28,7551.278371,82,False,True,False,False,0.0,-10.0,0.0,0.0,-0.2800000000000001,1.513113397359848
-8.731546,31,7565.756747,93,False,True,False,False,0.0,-10.0,0.0,0.0,-0.3100000000000001,1.5784538495540623
-8.525602,33,7581.387696,98,False,True,False,False,0.0,-10.0,0.0,0.0,-0.3300000000000001,1.804398218393326
12.704833,62,7608.063795,184,True,False,False,False,10.0,0.0,0.0,0.0,-0.6200000000000003,3.324833449721337
-8.770609,27,7619.813172,80,False,True,False,False,0.0,-10.0,0.0,0.0,-0.2700000000000001,1.4993910723924635
-8.686992,32,7633.513428,95,False,True,False,False,0.0,-10.0,0.0,0.0,-0.3200000000000001,1.63300841152668
-9.621494,112,7681.472844,335,False,True,False,False,0.0,-10.0,0.0,0.0,-1.1200000000000008,1.4985055851936337
-9.2164,75,7717.331988,225,False,True,False,False,0.0,-10.0,0.0,0.0,-0.7500000000000004,1.5335995465517045
12.538904,78,7750.422983,233,True,False,False,False,10.0,0.0,0.0,0.0,-0.7800000000000005,3.318904058933258
12.618956,71,7786.570447,211,True,False,False,False,10.0,0.0,0.0,0.0,-0.7100000000000004,3.3289559638500217
12.677102,62,7816.098814,186,True,False,False,False,10.0,0.0,0.0,0.0,-0.6200000000000003,3.2971019089221962
-8.888454,46,7838.757908,136,False,True,False,False,0.0,-10.0,0.0,0.0,-0.46000000000000024,1.5715459454059602
12.745143,59,7867.333025,175,True,False,False,False,10.0,0.0,0.0,0.0,-0.5900000000000003,3.335142950415611
12.729272,61,7896.760571,181,True,False,False,False,10.0,0.0,0.0,0.0,-0.6100000000000003,3.3392715585231776
-8.771509,34,7913.646744,100,False,True,False,False,0.0,-10.0,0.0,0.0,-0.34000000000000014,1.5684909981489183
12.706014,61,7943.039088,182,True,False,False,False,10.0,0.0,0.0,0.0,-0.6100000000000003,3.3160135126113897
12.294236,102,7992.827198,305,True,False,False,False,10.0,0.0,0.0,0.0,-1.0200000000000007,3.3142356914281836
-8.667343,38,8012.148643,113,False,True,False,False,0.0,-10.0,0.0,0.0,-0.38000000000000017,1.712656740546227
12.593545,73,8051.823895,217,True,False,False,False,10.0,0.0,0.0,0.0,-0.7300000000000004,3.3235446792840952
-8.81447,42,8073.981659,126,False,True,False,False,0.0,-10.0,0.0,0.0,-0.4200000000000002,1.6055295380949974
-8.636395,45,8098.746872,133,False,True,False,False,0.0,-10.0,0.0,0.0,-0.45000000000000023,1.8136054468154912
-8.775994,28,8114.448106,82,False,True,False,False,0.0,-10.0,0.0,0.0,-0.2800000000000001,1.5040058755874635
-8.535717,35,8131.1637,103,False,True,False,False,0.0,-10.0,0.0,0.0,-0.35000000000000014,1.8142832440137864
-8.703185,31,8143.782987,92,False,True,False,False,0.0,-10.0,0.0,0.0,-0.3100000000000001,1.6068153324723247
12.748166,58,8167.862179,172,True,False,False,False,10.0,0.0,0.0,0.0,-0.5800000000000003,3.3281659239530574
12.740862,60,8195.132101,178,True,False,False,False,10.0,0.0,0.0,0.0,-0.6000000000000003,3.340861848592759
-8.532993,35,8210.773932,104,False,True,False,False,0.0,-10.0,0.0,0.0,-0.35000000000000014,1.817006687521935
12.740941,59,8236.712726,175,True,False,False,False,10.0,0.0,0.0,0.0,-0.5900000000000003,3.330941097140313
-8.733271,30,8253.348836,89,False,True,False,False,0.0,-10.0,0.0,0.0,-0.3000000000000001,1.5667291572690007
-8.763146,41,8269.775006,121,False,True,False,False,0.0,-10.0,0.0,0.0,-0.4100000000000002,1.6468539857864382
-8.745199,35,8282.34609,105,False,True,False,False,0.0,-10.0,0.0,0.0,-0.35000000000000014,1.6048012644052507
12.371982,95,8312.759669,283,True,False,False,False,10.0,0.0,0.0,0.0,-0.9500000000000006,3.321981557011603
12.660575,66,8334.486248,197,True,False,False,False,10.0,0.0,0.0,0.0,-0.6600000000000004,3.3205751419067377
12.729931,59,8353.837419,176,True,False,False,False,10.0,0.0,0.0,0.0,-0.5900000000000003,3.319930852055549
12.64205,68,8376.321313,202,True,False,False,False,10.0,0.0,0.0,0.0,-0.6800000000000004,3.322050486803055
12.690731,61,8396.104483,183,True,False,False,False,10.0,0.0,0.0,0.0,-0.6100000000000003,3.3007314079999914
-8.765187,40,8410.667492,118,False,True,False,False,0.0,-10.0,0.0,0.0,-0.4000000000000002,1.6348134151101112
12.648627,64,8434.160785,192,True,False,False,False,10.0,0.0,0.0,0.0,-0.6400000000000003,3.2886270356178287
-8.841503,37,8451.51229,111,False,True,False,False,0.0,-10.0,0.0,0.0,-0.37000000000000016,1.5284969717264179
12.640398,66,8478.742169,198,True,False,False,False,10.0,0.0,0.0,0.0,-0.6600000000000004,3.300397658348085
12.717534,61,8503.221237,181,True,False,False,False,10.0,0.0,0.0,0.0,-0.6100000000000003,3.327534460425377
-8.769396,30,8515.473139,89,False,True,False,False,0.0,-10.0,0.0,0.0,-0.3000000000000001,1.5306044232845306
12.650374,66,8537.706867,197,True,False,False,False,10.0,0.0,0.0,0.0,-0.6600000000000004,3.3103743654489506
-8.860013,37,8551.065407,110,False,True,False,False,0.0,-10.0,0.0,0.0,-0.37000000000000016,1.5099866992235182
-8.828472,45,8567.37413,134,False,True,False,False,0.0,-10.0,0.0,0.0,-0.45000000000000023,1.6215278524160384
-8.777456,31,8579.739572,92,False,True,False,False,0.0,-10.0,0.0,0.0,-0.3100000000000001,1.5325436317920684
-8.831159,38,8595.15912,114,False,True,False,False,0.0,-10.0,0.0,0.0,-0.38000000000000017,1.5488409698009495
12.681787,63,8621.191287,188,True,False,False,False,10.0,0.0,0.0,0.0,-0.6300000000000003,3.3117872971296314
-8.652726,38,8635.481511,114,False,True,False,False,0.0,-10.0,0.0,0.0,-0.38000000000000017,1.7272736215591433
-8.628358,44,8650.010655,130,False,True,False,False,0.0,-10.0,0.0,0.0,-0.4400000000000002,1.81164154291153
-8.964578,50,8666.319198,148,False,True,False,False,0.0,-10.0,0.0,0.0,-0.5000000000000002,1.5354220962524414
-8.734472,44,8680.726584,132,False,True,False,False,0.0,-10.0,0.0,0.0,-0.4400000000000002,1.705528340339661
12.686537,63,8701.495457,188,True,False,False,False,10.0,0.0,0.0,0.0,-0.6300000000000003,3.3165372318029402
12.678534,61,8721.474749,183,True,False,False,False,10.0,0.0,0.0,0.0,-0.6100000000000003,3.288534224629402
12.718762,62,8741.533791,184,True,False,False,False,10.0,0.0,0.0,0.0,-0.6200000000000003,3.338761658072472
12.64655,68,8769.140693,202,True,False,False,False,10.0,0.0,0.0,0.0,-0.6800000000000004,3.3265496271848685
-8.548416,36,8782.15373,106,False,True,False,False,0.0,-10.0,0.0,0.0,-0.36000000000000015,1.8115840649604797
12.699149,62,8804.162249,185,True,False,False,False,10.0,0.0,0.0,0.0,-0.6200000000000003,3.3191491007804874
12.678685,63,8825.834183,188,True,False,False,False,10.0,0.0,0.0,0.0,-0.6300000000000003,3.308684619069099
12.640664,65,8850.001037,195,True,False,False,False,10.0,0.0,0.0,0.0,-0.6500000000000004,3.2906636136770246
-8.815227,32,8861.165054,94,False,True,False,False,0.0,-10.0,0.0,0.0,-0.3200000000000001,1.5047728943824772
12.697395,60,8879.931521,180,True,False,False,False,10.0,0.0,0.0,0.0,-0.6000000000000003,3.2973950147628783
12.710221,59,8905.201997,177,True,False,False,False,10.0,0.0,0.0,0.0,-0.5900000000000003,3.300221196413041
-8.895439,51,8926.572873,153,False,True,False,False,0.0,-10.0,0.0,0.0,-0.5100000000000002,1.6145611232519153
12.646101,68,8953.549033,202,True,False,False,False,10.0,0.0,0.0,0.0,-0.6800000000000004,3.3261010652780527
12.669922,64,8977.131941,191,True,False,False,False,10.0,0.0,0.0,0.0,-0.6400000000000003,3.3099215680360796
-8.671366,35,8991.012644,104,False,True,False,False,0.0,-10.0,0.0,0.0,-0.35000000000000014,1.6786340591311455
-8.623813,34,9005.06524,102,False,True,False,False,0.0,-10.0,0.0,0.0,-0.34000000000000014,1.7161865016818045
-8.827097,39,9019.928348,117,False,True,False,False,0.0,-10.0,0.0,0.0,-0.3900000000000002,1.5629034954309462
-8.725205,35,9033.503031,104,False,True,False,False,0.0,-10.0,0.0,0.0,-0.35000000000000014,1.6247949564456945
-8.868654,38,9047.532921,112,False,True,False,False,0.0,-10.0,0.0,0.0,-0.38000000000000017,1.511346066594124
12.617211,67,9071.46119,201,True,False,False,False,10.0,0.0,0.0,0.0,-0.6700000000000004,3.2872113484144205
-8.657939,39,9086.243129,117,False,True,False,False,0.0,-10.0,0.0,0.0,-0.3900000000000002,1.7320611125230791
-8.976634,48,9102.780772,142,False,True,False,False,0.0,-10.0,0.0,0.0,-0.48000000000000026,1.5033658593893047
12.585435,72,9130.596648,215,True,False,False,False,10.0,0.0,0.0,0.0,-0.7200000000000004,3.305435101389886
-8.773279,54,9151.451683,162,False,True,False,False,0.0,-10.0,0.0,0.0,-0.5400000000000003,1.7667210537195206
-8.768364,45,9167.846324,134,False,True,False,False,0.0,-10.0,0.0,0.0,-0.45000000000000023,1.6816364496946337
12.579076,76,9193.235214,226,True,False,False,False,10.0,0.0,0.0,0.0,-0.7600000000000005,3.339075677990913
12.644996,65,9214.426985,195,True,False,False,False,10.0,0.0,0.0,0.0,-0.6500000000000004,3.294995774626732
-8.790317,31,9225.200688,91,False,True,False,False,0.0,-10.0,0.0,0.0,-0.3100000000000001,1.5196831098198895
12.703914,60,9244.896215,179,True,False,False,False,10.0,0.0,0.0,0.0,-0.6000000000000003,3.3039141535758976
-8.786957,44,9259.347663,132,False,True,False,False,0.0,-10.0,0.0,0.0,-0.4400000000000002,1.653042747974396
-8.616589,45,9274.509814,134,False,True,False,False,0.0,-10.0,0.0,0.0,-0.45000000000000023,1.8334109401702878
-8.707994,51,9291.369259,151,False,True,False,False,0.0,-10.0,0.0,0.0,-0.5100000000000002,1.8020061177015303
-8.90991,72,9315.280663,215,False,True,False,False,0.0,-10.0,0.0,0.0,-0.7200000000000004,1.810089638829232
12.390855,90,9344.543751,270,True,False,False,False,10.0,0.0,0.0,0.0,-0.9000000000000006,3.290854963660241
-8.729531,57,9363.097535,169,False,True,False,False,0.0,-10.0,0.0,0.0,-0.5700000000000003,1.8404687404632567
12.496406,84,9390.784341,250,True,False,False,False,10.0,0.0,0.0,0.0,-0.8400000000000005,3.3364055836200714
12.586231,73,9413.972697,218,True,False,False,False,10.0,0.0,0.0,0.0,-0.7300000000000004,3.316231497526169
-8.805447,37,9426.547292,111,False,True,False,False,0.0,-10.0,0.0,0.0,-0.37000000000000016,1.5645527607202527
-8.673603,34,9440.908088,102,False,True,False,False,0.0,-10.0,0.0,0.0,-0.34000000000000014,1.6663971871137617
-8.80124,51,9461.685069,151,False,True,False,False,0.0,-10.0,0.0,0.0,-0.5100000000000002,1.708760454654694
12.622621,67,9485.599144,201,True,False,False,False,10.0,0.0,0.0,0.0,-0.6700000000000004,3.292621040344239
12.590367,75,9512.77016,223,True,False,False,False,10.0,0.0,0.0,0.0,-0.7500000000000004,3.340366737246514
-9.052281,58,9533.53987,174,False,True,False,False,0.0,-10.0,0.0,0.0,-0.5800000000000003,1.5277188825607297
-8.751283,53,9554.438838,157,False,True,False,False,0.0,-10.0,0.0,0.0,-0.5300000000000002,1.778717451691627
-8.946832,45,9571.16023,135,False,True,False,False,0.0,-10.0,0.0,0.0,-0.45000000000000023,1.5031680887937546
12.526885,80,9599.634946,238,True,False,False,False,10.0,0.0,0.0,0.0,-0.8000000000000005,3.3268848592042928
12.585406,72,9625.351718,215,True,False,False,False,10.0,0.0,0.0,0.0,-0.7200000000000004,3.30540601193905
12.501584,78,9653.294243,234,True,False,False,False,10.0,0.0,0.0,0.0,-0.7800000000000005,3.281583809256553
12.672778,64,9676.285181,191,True,False,False,False,10.0,0.0,0.0,0.0,-0.6400000000000003,3.312777999639512
12.48845,80,9704.693228,240,True,False,False,False,10.0,0.0,0.0,0.0,-0.8000000000000005,3.2884496927261364
12.6948,60,9726.136767,180,True,False,False,False,10.0,0.0,0.0,0.0,-0.6000000000000003,3.2947997170686736
12.482399,84,9755.953851,250,True,False,False,False,10.0,0.0,0.0,0.0,-0.8400000000000005,3.322398866415024
-9.013696,58,9776.420971,173,False,True,False,False,0.0,-10.0,0.0,0.0,-0.5800000000000003,1.5663044196367262
-9.079982,64,9797.96109,191,False,True,False,False,0.0,-10.0,0.0,0.0,-0.6400000000000003,1.5600175768136977
-9.046628,78,9824.250345,232,False,True,False,False,0.0,-10.0,0.0,0.0,-0.7800000000000005,1.733372394442558
-9.256097,78,9849.824753,232,False,True,False,False,0.0,-10.0,0.0,0.0,-0.7800000000000005,1.5239033344388009
-8.13586,60,9869.321757,179,False,True,False,False,0.0,-10.0,0.0,0.0,-0.6000000000000003,2.464139689207076
-8.736675,47,9885.882953,141,False,True,False,False,0.0,-10.0,0.0,0.0,-0.47000000000000025,1.733324959278107
12.595316,72,9913.164393,215,True,False,False,False,10.0,0.0,0.0,0.0,-0.7200000000000004,3.315315676927566
-9.357537,95,9947.836112,283,False,True,False,False,0.0,-10.0,0.0,0.0,-0.9500000000000006,1.5924626976251601
-8.846079,40,9963.660759,118,False,True,False,False,0.0,-10.0,0.0,0.0,-0.4000000000000002,1.553921047449112
-8.860882,52,9983.059877,155,False,True,False,False,0.0,-10.0,0.0,0.0,-0.5200000000000002,1.6591181266307828
-8.831408,62,10004.908153,184,False,True,False,False,0.0,-10.0,0.0,0.0,-0.6200000000000003,1.7885922095179558
12.476953,82,10031.52347,246,True,False,False,False,10.0,0.0,0.0,0.0,-0.8200000000000005,3.296952878832817
12.511314,82,10064.046085,244,True,False,False,False,10.0,0.0,0.0,0.0,-0.8200000000000005,3.3313140499591825
-9.002141,75,10095.941971,223,False,True,False,False,0.0,-10.0,0.0,0.0,-0.7500000000000004,1.7478591692447663
-8.940769,58,10118.658544,172,False,True,False,False,0.0,-10.0,0.0,0.0,-0.5800000000000003,1.6392306974530217
12.530974,77,10143.785545,231,True,False,False,False,10.0,0.0,0.0,0.0,-0.7700000000000005,3.300973874330521
-9.058567,73,10168.032051,217,False,True,False,False,0.0,-10.0,0.0,0.0,-0.7300000000000004,1.671432862579823
12.151753,118,10207.799399,352,True,False,False,False,10.0,0.0,0.0,0.0,-1.1800000000000008,3.3317530608177193
-8.884712,60,10228.125573,179,False,True,False,False,0.0,-10.0,0.0,0.0,-0.6000000000000003,1.7152877908945088
-9.259949,82,10257.604985,245,False,True,False,False,0.0,-10.0,0.0,0.0,-0.8200000000000005,1.5600510811805726
-8.880138,58,10276.562162,172,False,True,False,False,0.0,-10.0,0.0,0.0,-0.5800000000000003,1.6998619997501374
12.424622,87,10304.482692,261,True,False,False,False,10.0,0.0,0.0,0.0,-0.8700000000000006,3.2946217805147184
-9.60976,145,10356.054776,434,False,True,False,False,0.0,-10.0,0.0,0.0,-1.450000000000001,1.8402397811412798
-8.674345,42,10370.915405,124,False,True,False,False,0.0,-10.0,0.0,0.0,-0.4200000000000002,1.745655038356781
-8.998196,70,10395.097493,209,False,True,False,False,0.0,-10.0,0.0,0.0,-0.7000000000000004,1.7018040794134144
-8.891275,54,10413.620658,160,False,True,False,False,0.0,-10.0,0.0,0.0,-0.5400000000000003,1.648725216090679
-8.916925,124,10455.185056,370,False,True,False,False,0.0,-10.0,0.0,0.0,-1.2400000000000009,2.3230751842260364
-8.901918,72,10479.396528,214,False,True,False,False,0.0,-10.0,0.0,0.0,-0.7200000000000004,1.8180818510055543
-8.762042,57,10498.726106,169,False,True,False,False,0.0,-10.0,0.0,0.0,-0.5700000000000003,1.807958295941353
11.798062,150,10549.478513,450,True,False,False,False,10.0,0.0,0.0,0.0,-1.500000000000001,3.298061713576317
12.575428,75,10575.698565,223,True,False,False,False,10.0,0.0,0.0,0.0,-0.7500000000000004,3.3254280447959896
-4.612933,200,10649.565352,600,False,False,False,True,0.0,0.0,0.0,-5.0,-2.0000000000000013,2.3870670562982554
-4.067633,200,10724.330858,600,False,False,False,True,0.0,0.0,0.0,-5.0,-2.0000000000000013,2.9323665046691887
-5.6,200,10795.925831,600,False,False,False,True,0.0,0.0,0.0,-5.0,-2.0000000000000013,1.3999999999999997
-10.299799,181,10857.547786,542,False,True,False,False,0.0,-10.0,0.0,0.0,-1.8100000000000014,1.5102007192373275
-8.951997,45,10873.690246,134,False,True,False,False,0.0,-10.0,0.0,0.0,-0.45000000000000023,1.4980030578374863
12.661934,62,10895.438329,186,True,False,False,False,10.0,0.0,0.0,0.0,-0.6200000000000003,3.2819338941574094
-8.768031,58,10916.349446,174,False,True,False,False,0.0,-10.0,0.0,0.0,-0.5800000000000003,1.811969165802001
12.158216,118,10956.566829,352,True,False,False,False,10.0,0.0,0.0,0.0,-1.1800000000000008,3.3382161480188364
12.552506,74,10983.43167,222,True,False,False,False,10.0,0.0,0.0,0.0,-0.7400000000000004,3.292505517005922
-5.6,200,11053.155059,600,False,False,False,True,0.0,0.0,0.0,-5.0,-2.0000000000000013,1.4000000000000001
12.525784,80,11081.155112,238,True,False,False,False,10.0,0.0,0.0,0.0,-0.8000000000000005,3.3257843554019932
-8.76522,41,11096.284513,123,False,True,False,False,0.0,-10.0,0.0,0.0,-0.4100000000000002,1.6447798907756803
12.41021,89,11126.761165,267,True,False,False,False,10.0,0.0,0.0,0.0,-0.8900000000000006,3.300209707021714
-9.068274,57,11146.407114,169,False,True,False,False,0.0,-10.0,0.0,0.0,-0.5700000000000003,1.5017261564731608
-8.895009,65,11168.929086,194,False,True,False,False,0.0,-10.0,0.0,0.0,-0.6500000000000004,1.7549905192852029
-9.19758,93,11200.478177,279,False,True,False,False,0.0,-10.0,0.0,0.0,-0.9300000000000006,1.7324197831749917
12.321791,100,11234.154391,298,True,False,False,False,10.0,0.0,0.0,0.0,-1.0000000000000007,3.3217908531427405
12.715396,62,11255.146179,184,True,False,False,False,10.0,0.0,0.0,0.0,-0.6200000000000003,3.3353962075710295
-8.82435,44,11270.555535,130,False,True,False,False,0.0,-10.0,0.0,0.0,-0.4400000000000002,1.6156497073173521
12.705723,62,11292.519806,184,True,False,False,False,10.0,0.0,0.0,0.0,-0.6200000000000003,3.325723246932029
12.43935,87,11321.861476,260,True,False,False,False,10.0,0.0,0.0,0.0,-0.8700000000000006,3.3093498152494445
-9.043059,60,11345.467806,178,False,True,False,False,0.0,-10.0,0.0,0.0,-0.6000000000000003,1.5569409388303752
12.619557,72,11378.401276,214,True,False,False,False,10.0,0.0,0.0,0.0,-0.7200000000000004,3.3395574104785917
12.477383,84,11409.496946,251,True,False,False,False,10.0,0.0,0.0,0.0,-0.8400000000000005,3.3173830884695055
-8.262128,54,11427.692321,160,False,True,False,False,0.0,-10.0,0.0,0.0,-0.5400000000000003,2.2778717488050475
12.388042,95,11459.141147,283,True,False,False,False,10.0,0.0,0.0,0.0,-0.9500000000000006,3.3380420553684225
12.41544,90,11490.487575,269,True,False,False,False,10.0,0.0,0.0,0.0,-0.9000000000000006,3.3154403156042096
-8.962971,61,11511.298967,181,False,True,False,False,0.0,-10.0,0.0,0.0,-0.6100000000000003,1.6470290651917456
-8.964812,53,11529.11065,158,False,True,False,False,0.0,-10.0,0.0,0.0,-0.5300000000000002,1.5651879072189336
-8.618741,44,11543.132228,131,False,True,False,False,0.0,-10.0,0.0,0.0,-0.4400000000000002,1.8212588435411459
-8.830186,34,11554.910078,101,False,True,False,False,0.0,-10.0,0.0,0.0,-0.34000000000000014,1.5098142904043201
-8.973521,48,11570.840474,143,False,True,False,False,0.0,-10.0,0.0,0.0,-0.48000000000000026,1.5064793622493748
12.653483,63,11591.981666,189,True,False,False,False,10.0,0.0,0.0,0.0,-0.6300000000000003,3.283482769131662
12.577542,74,11615.20498,221,True,False,False,False,10.0,0.0,0.0,0.0,-0.7400000000000004,3.317542299628257
12.610802,73,11638.357723,217,True,False,False,False,10.0,0.0,0.0,0.0,-0.7300000000000004,3.3408022916316984
12.625832,71,11660.45436,211,True,False,False,False,10.0,0.0,0.0,0.0,-0.7100000000000004,3.3358324825763703
12.594754,70,11682.555884,210,True,False,False,False,10.0,0.0,0.0,0.0,-0.7000000000000004,3.294753522872924
-9.001974,59,11702.010704,175,False,True,False,False,0.0,-10.0,0.0,0.0,-0.5900000000000003,1.5880257922410967
12.53306,79,11727.416944,236,True,False,False,False,10.0,0.0,0.0,0.0,-0.7900000000000005,3.3230599629878994
-9.101503,70,11750.120776,210,False,True,False,False,0.0,-10.0,0.0,0.0,-0.7000000000000004,1.5984973007440564
-8.808877,46,11766.166528,138,False,True,False,False,0.0,-10.0,0.0,0.0,-0.46000000000000024,1.6511227518320086
12.498811,80,11791.673146,240,True,False,False,False,10.0,0.0,0.0,0.0,-0.8000000000000005,3.2988112819194795
-8.761754,53,11812.791092,159,False,True,False,False,0.0,-10.0,0.0,0.0,-0.5300000000000002,1.7682463768124574
12.401059,91,11844.523885,272,True,False,False,False,10.0,0.0,0.0,0.0,-0.9100000000000006,3.3110592484474184
-8.892825,53,11862.538821,158,False,True,False,False,0.0,-10.0,0.0,0.0,-0.5300000000000002,1.6371745195984833
12.513586,81,11889.416373,241,True,False,False,False,10.0,0.0,0.0,0.0,-0.8100000000000005,3.3235862374305722
12.647097,68,11912.151991,202,True,False,False,False,10.0,0.0,0.0,0.0,-0.6800000000000004,3.3270971053838725
-9.157214,66,11934.747967,198,False,True,False,False,0.0,-10.0,0.0,0.0,-0.6600000000000004,1.5027860528230668
12.387762,90,11964.923771,270,True,False,False,False,10.0,0.0,0.0,0.0,-0.9000000000000006,3.2877619373798384
-9.178038,73,11989.233548,217,False,True,False,False,0.0,-10.0,0.0,0.0,-0.7300000000000004,1.5519621163606643
-8.988064,71,12013.042297,211,False,True,False,False,0.0,-10.0,0.0,0.0,-0.7100000000000004,1.7219359439611432
12.309394,99,12045.699326,297,True,False,False,False,10.0,0.0,0.0,0.0,-0.9900000000000007,3.2993938845396045
-8.510071,44,12061.055678,132,False,True,False,False,0.0,-10.0,0.0,0.0,-0.4400000000000002,1.9299293422698978
-8.97167,50,12080.491034,150,False,True,False,False,0.0,-10.0,0.0,0.0,-0.5000000000000002,1.5283303606510166
-8.912912,60,12101.093864,178,False,True,False,False,0.0,-10.0,0.0,0.0,-0.6000000000000003,1.687087946534157
-9.274783,91,12130.985229,272,False,True,False,False,0.0,-10.0,0.0,0.0,-0.9100000000000006,1.6352174288034442
12.38189,93,12161.673143,279,True,False,False,False,10.0,0.0,0.0,0.0,-0.9300000000000006,3.311890209317208
12.345205,98,12194.122328,292,True,False,False,False,10.0,0.0,0.0,0.0,-0.9800000000000006,3.325204890370368
12.30203,100,12226.839471,300,True,False,False,False,10.0,0.0,0.0,0.0,-1.0000000000000007,3.3020303672552096
-8.949455,60,12246.963274,180,False,True,False,False,0.0,-10.0,0.0,0.0,-0.6000000000000003,1.6505448055267335
-8.659065,47,12263.014691,141,False,True,False,False,0.0,-10.0,0.0,0.0,-0.47000000000000025,1.8109354966878892
12.511594,82,12290.204273,244,True,False,False,False,10.0,0.0,0.0,0.0,-0.8200000000000005,3.3315940934419634
12.58874,73,12314.398784,218,True,False,False,False,10.0,0.0,0.0,0.0,-0.7300000000000004,3.318740381598473
12.542298,77,12342.495775,230,True,False,False,False,10.0,0.0,0.0,0.0,-0.7700000000000005,3.3122981756925585
12.558004,75,12367.770269,224,True,False,False,False,10.0,0.0,0.0,0.0,-0.7500000000000004,3.3080040955543506
12.556464,76,12392.976388,227,True,False,False,False,10.0,0.0,0.0,0.0,-0.7600000000000005,3.3164644658565527
12.421244,90,12424.386271,268,True,False,False,False,10.0,0.0,0.0,0.0,-0.9000000000000006,3.3212437945604325
12.636546,69,12446.903339,205,True,False,False,False,10.0,0.0,0.0,0.0,-0.6900000000000004,3.326545614004136
-8.934206,47,12462.882322,139,False,True,False,False,0.0,-10.0,0.0,0.0,-0.47000000000000025,1.5357944038510325
-8.829247,56,12481.530968,166,False,True,False,False,0.0,-10.0,0.0,0.0,-0.5600000000000003,1.7307534009218213
-8.901955,51,12498.416063,151,False,True,False,False,0.0,-10.0,0.0,0.0,-0.5100000000000002,1.6080452063679695
-8.952953,62,12518.974302,186,False,True,False,False,0.0,-10.0,0.0,0.0,-0.6200000000000003,1.6670468315482143
-8.728268,49,12535.143023,145,False,True,False,False,0.0,-10.0,0.0,0.0,-0.49000000000000027,1.7617324417829514
12.38011,91,12568.198857,273,True,False,False,False,10.0,0.0,0.0,0.0,-0.9100000000000006,3.2901101058721545
12.559196,74,12595.184186,222,True,False,False,False,10.0,0.0,0.0,0.0,-0.7400000000000004,3.2991955262422556
-7.902164,96,12628.816528,288,False,True,False,False,0.0,-10.0,0.0,0.0,-0.9600000000000006,3.0578361427783958
-8.868123,50,12646.298115,150,False,True,False,False,0.0,-10.0,0.0,0.0,-0.5000000000000002,1.6318773311376575
12.628066,70,12670.400087,208,True,False,False,False,10.0,0.0,0.0,0.0,-0.7000000000000004,3.328066302537918
12.09361,121,12712.570727,362,True,False,False,False,10.0,0.0,0.0,0.0,-1.2100000000000009,3.303610033988952
-8.660708,48,12729.68042,142,False,True,False,False,0.0,-10.0,0.0,0.0,-0.48000000000000026,1.8192915630340576
-8.90047,58,12749.604088,172,False,True,False,False,0.0,-10.0,0.0,0.0,-0.5800000000000003,1.6795297002792355
12.281274,102,12782.065334,306,True,False,False,False,10.0,0.0,0.0,0.0,-1.0200000000000007,3.3012736636400235
-9.356169,100,12814.841465,298,False,True,False,False,0.0,-10.0,0.0,0.0,-1.0000000000000007,1.643831282258033
12.353839,98,12845.518545,292,True,False,False,False,10.0,0.0,0.0,0.0,-0.9800000000000006,3.3338393610715884
12.494728,84,12871.599468,250,True,False,False,False,10.0,0.0,0.0,0.0,-0.8400000000000005,3.334728242158891
-9.362997,90,12899.4031,269,False,True,False,False,0.0,-10.0,0.0,0.0,-0.9000000000000006,1.53700290709734
-9.04831,79,12925.005396,236,False,True,False,False,0.0,-10.0,0.0,0.0,-0.7900000000000005,1.7416903075575825
-8.916854,68,12948.253484,202,False,True,False,False,0.0,-10.0,0.0,0.0,-0.6800000000000004,1.7631460735201836
12.325316,100,12980.19004,298,True,False,False,False,10.0,0.0,0.0,0.0,-1.0000000000000007,3.325315930247306
12.319383,102,13014.260793,304,True,False,False,False,10.0,0.0,0.0,0.0,-1.0200000000000007,3.3393833816051472
12.383154,94,13045.042663,280,True,False,False,False,10.0,0.0,0.0,0.0,-0.9400000000000006,3.3231539762020113
-8.93115,54,13063.025314,161,False,True,False,False,0.0,-10.0,0.0,0.0,-0.5400000000000003,1.6088500356674198
12.437776,86,13092.331897,258,True,False,False,False,10.0,0.0,0.0,0.0,-0.8600000000000005,3.297776267528534
-8.853636,51,13110.792465,153,False,True,False,False,0.0,-10.0,0.0,0.0,-0.5100000000000002,1.6563641765713697
-8.852492,45,13127.162796,134,False,True,False,False,0.0,-10.0,0.0,0.0,-0.45000000000000023,1.5975078177452084
-8.943001,59,13149.789049,175,False,True,False,False,0.0,-10.0,0.0,0.0,-0.5900000000000003,1.6469987431168565
-8.810878,66,13173.804118,198,False,True,False,False,0.0,-10.0,0.0,0.0,-0.6600000000000004,1.8491223108768464
