#{"t_start": 1790827329.1903374, "env_id": "None"}
r,l,t,raw_simulation_steps,is_success,collision,off_route,max_time,reward_success,reward_collision,reward_off_route,reward_timeout,reward_step_cost,reward_progress
-8.779966,58,13.82806,172,False,True,False,False,0.0,-10.0,0.0,0.0,-0.5800000000000003,1.8000344061851494
-8.900735,47,17.93053,139,False,True,False,False,0.0,-10.0,0.0,0.0,-0.47000000000000025,1.5692647856473922
-8.799597,53,22.310744,157,False,True,False,False,0.0,-10.0,0.0,0.0,-0.5300000000000002,1.730403011441231
-9.059459,62,27.254655,184,False,True,False,False,0.0,-10.0,0.0,0.0,-0.6200000000000003,1.560540899634361
-9.375238,94,34.944534,282,False,True,False,False,0.0,-10.0,0.0,0.0,-0.9400000000000006,1.564761652946472
-9.025443,77,40.989875,229,False,True,False,False,0.0,-10.0,0.0,0.0,-0.7700000000000005,1.7445572513341905
-9.058473,62,46.898634,184,False,True,False,False,0.0,-10.0,0.0,0.0,-0.6200000000000003,1.561527251005173
-8.803713,61,50.777576,183,False,True,False,False,0.0,-10.0,0.0,0.0,-0.6100000000000003,1.806287308633328
-9.753549,143,64.147474,428,False,True,False,False,0.0,-10.0,0.0,0.0,-1.430000000000001,1.6764505803585052
-8.917527,54,68.662135,160,False,True,False,False,0.0,-10.0,0.0,0.0,-0.5400000000000003,1.6224726003408434
-9.567093,141,81.584692,422,False,True,False,False,0.0,-10.0,0.0,0.0,-1.410000000000001,1.8429072451591493
-9.874606,145,93.185098,433,False,True,False,False,0.0,-10.0,0.0,0.0,-1.450000000000001,1.5753939014673233
-9.146017,71,99.047303,213,False,True,False,False,0.0,-10.0,0.0,0.0,-0.7100000000000004,1.5639830288290975
-8.870926,60,104.238161,178,False,True,False,False,0.0,-10.0,0.0,0.0,-0.6000000000000003,1.7290743815898897
-9.190628,96,113.56421,287,False,True,False,False,0.0,-10.0,0.0,0.0,-0.9600000000000006,1.7693723028898238
-9.389492,97,120.549316,291,False,True,False,False,0.0,-10.0,0.0,0.0,-0.9700000000000006,1.5805082023143766
-8.436141,157,131.229501,471,False,True,False,False,0.0,-10.0,0.0,0.0,-1.5700000000000012,3.133858588337899
-9.22625,104,139.511605,312,False,True,False,False,0.0,-10.0,0.0,0.0,-1.0400000000000007,1.8137501645088192
-8.895206,63,143.96043,187,False,True,False,False,0.0,-10.0,0.0,0.0,-0.6300000000000003,1.7347939109802248
-4.967782,200,216.997206,600,False,False,False,True,0.0,0.0,0.0,-5.0,-2.0000000000000013,2.032217742800712
-8.960948,69,246.720319,206,False,True,False,False,0.0,-10.0,0.0,0.0,-0.6900000000000004,1.7290520405769347
-10.114249,173,319.528515,517,False,True,False,False,0.0,-10.0,0.0,0.0,-1.7300000000000013,1.6157505261898046
-10.268345,183,395.975175,548,False,True,False,False,0.0,-10.0,0.0,0.0,-1.8300000000000014,1.5616546899080275
-9.569764,114,441.596192,342,False,True,False,False,0.0,-10.0,0.0,0.0,-1.1400000000000008,1.5702362072467804
-9.638034,141,501.905295,422,False,True,False,False,0.0,-10.0,0.0,0.0,-1.410000000000001,1.7719660007953641
-5.458396,200,584.177504,600,False,False,False,True,0.0,0.0,0.0,-5.0,-2.0000000000000013,1.5416041404008862
-9.136608,90,620.44999,269,False,True,False,False,0.0,-10.0,0.0,0.0,-0.9000000000000006,1.7633918115496636
-9.507202,136,676.93714,406,False,True,False,False,0.0,-10.0,0.0,0.0,-1.360000000000001,1.8527980569005014
-10.221699,181,752.164756,541,False,True,False,False,0.0,-10.0,0.0,0.0,-1.8100000000000014,1.5883009183406827
-5.6,200,836.900689,600,False,False,False,True,0.0,0.0,0.0,-5.0,-2.0000000000000013,1.4000000000000001
-5.6,200,919.432772,600,False,False,False,True,0.0,0.0,0.0,-5.0,-2.0000000000000013,1.3999999999999995
-9.38933,99,961.257505,297,False,True,False,False,0.0,-10.0,0.0,0.0,-0.9900000000000007,1.600669592618942
-5.6,200,1044.421258,600,False,False,False,True,0.0,0.0,0.0,-5.0,-2.0000000000000013,1.4000000000000001
-5.6,200,1128.157291,600,False,False,False,True,0.0,0.0,0.0,-5.0,-2.0000000000000013,1.4
-5.6,200,1214.333102,600,False,False,False,True,0.0,0.0,0.0,-5.0,-2.0000000000000013,1.4000000000000001
-5.6,200,1296.008445,600,False,False,False,True,0.0,0.0,0.0,-5.0,-2.0000000000000013,1.3999999999999995
-5.6,200,1382.013028,600,False,False,False,True,0.0,0.0,0.0,-5.0,-2.0000000000000013,1.4
-9.102052,73,1413.932914,218,False,True,False,False,0.0,-10.0,0.0,0.0,-0.7300000000000004,1.627948008179665
-5.6,200,1497.910911,600,False,False,False,True,0.0,0.0,0.0,-5.0,-2.0000000000000013,1.4000000000000001
-5.6,200,1581.365174,600,False,False,False,True,0.0,0.0,0.0,-5.0,-2.0000000000000013,1.3999999999999997
-9.367477,100,1623.325838,300,False,True,False,False,0.0,-10.0,0.0,0.0,-1.0000000000000007,1.632523052096367
-9.702151,137,1678.130197,409,False,True,False,False,0.0,-10.0,0.0,0.0,-1.370000000000001,1.66784933924675
-10.257641,184,1754.659525,551,False,True,False,False,0.0,-10.0,0.0,0.0,-1.8400000000000014,1.5823585632443422
-5.6,200,1837.876623,600,False,False,False,True,0.0,0.0,0.0,-5.0,-2.0000000000000013,1.4000000000000001
-8.762213,65,1865.046102,195,False,True,False,False,0.0,-10.0,0.0,0.0,-0.6500000000000004,1.8877869251370427
11.803744,151,1927.207613,453,True,False,False,False,10.0,0.0,0.0,0.0,-1.5100000000000011,3.313744194507601
-9.697344,127,1979.285671,381,False,True,False,False,0.0,-10.0,0.0,0.0,-1.270000000000001,1.5726558238267903
-9.719752,132,2035.617852,394,False,True,False,False,0.0,-10.0,0.0,0.0,-1.320000000000001,1.6002481803298
-9.851612,143,2094.749738,428,False,True,False,False,0.0,-10.0,0.0,0.0,-1.430000000000001,1.5783883771300318
-5.6,200,2175.964549,600,False,False,False,True,0.0,0.0,0.0,-5.0,-2.0000000000000013,1.3999999999999997
-10.293626,195,2257.82307,584,False,True,False,False,0.0,-10.0,0.0,0.0,-1.9500000000000015,1.6563744020462037
11.520456,181,2330.266979,541,True,False,False,False,10.0,0.0,0.0,0.0,-1.8100000000000014,3.330456477105618
-9.061301,65,2357.827937,195,False,True,False,False,0.0,-10.0,0.0,0.0,-0.6500000000000004,1.5886992371082302
-10.060009,162,2422.310666,484,False,True,False,False,0.0,-10.0,0.0,0.0,-1.6200000000000012,1.5599906083941455
-8.908883,54,2444.93943,160,False,True,False,False,0.0,-10.0,0.0,0.0,-0.5400000000000003,1.6311170160770416
-8.940083,54,2468.081199,161,False,True,False,False,0.0,-10.0,0.0,0.0,-0.5400000000000003,1.599916758835316
-8.940017,59,2492.254395,177,False,True,False,False,0.0,-10.0,0.0,0.0,-0.5900000000000003,1.6499825125932694
-8.783984,55,2516.128691,163,False,True,False,False,0.0,-10.0,0.0,0.0,-0.5500000000000003,1.7660164058208463
-8.940303,52,2537.384891,156,False,True,False,False,0.0,-10.0,0.0,0.0,-0.5200000000000002,1.5796974480152126
-9.796929,141,2595.207291,421,False,True,False,False,0.0,-10.0,0.0,0.0,-1.410000000000001,1.6130707564949993
-9.290433,90,2634.027959,269,False,True,False,False,0.0,-10.0,0.0,0.0,-0.9000000000000006,1.6095669549703602
-9.693512,127,2685.486279,381,False,True,False,False,0.0,-10.0,0.0,0.0,-1.270000000000001,1.5764883643388747
-5.6,200,2768.67827,600,False,False,False,True,0.0,0.0,0.0,-5.0,-2.0000000000000013,1.4000000000000004
-5.549921,200,2854.375912,600,False,False,False,True,0.0,0.0,0.0,-5.0,-2.0000000000000013,1.4500793087482453
-9.659407,151,2915.767702,452,False,True,False,False,0.0,-10.0,0.0,0.0,-1.5100000000000011,1.850592955946922
-9.131453,76,2949.530176,228,False,True,False,False,0.0,-10.0,0.0,0.0,-0.7600000000000005,1.628547151088715
-8.870089,43,2968.038884,127,False,True,False,False,0.0,-10.0,0.0,0.0,-0.4300000000000002,1.5599114227294926
12.226327,110,3014.263344,328,True,False,False,False,10.0,0.0,0.0,0.0,-1.1000000000000008,3.3263271009922017
-9.930975,151,3078.341412,452,False,True,False,False,0.0,-10.0,0.0,0.0,-1.5100000000000011,1.579025288820267
-8.79575,53,3101.836201,157,False,True,False,False,0.0,-10.0,0.0,0.0,-0.5300000000000002,1.7342499589920046
-8.734944,47,3122.024211,140,False,True,False,False,0.0,-10.0,0.0,0.0,-0.47000000000000025,1.7350557604432106
-9.069632,70,3152.725226,208,False,True,False,False,0.0,-10.0,0.0,0.0,-0.7000000000000004,1.6303684452176097
-8.78225,55,3176.937946,163,False,True,False,False,0.0,-10.0,0.0,0.0,-0.5500000000000003,1.7677500593662263
-9.723988,161,3243.058415,483,False,True,False,False,0.0,-10.0,0.0,0.0,-1.6100000000000012,1.8860119736194614
-8.745143,48,3263.688506,144,False,True,False,False,0.0,-10.0,0.0,0.0,-0.48000000000000026,1.7348570698499681
-8.915329,49,3285.29355,146,False,True,False,False,0.0,-10.0,0.0,0.0,-0.49000000000000027,1.5746710664033885
-8.714002,38,3302.044385,113,False,True,False,False,0.0,-10.0,0.0,0.0,-0.38000000000000017,1.6659982270002365
-9.061631,68,3333.27845,204,False,True,False,False,0.0,-10.0,0.0,0.0,-0.6800000000000004,1.6183690983057022
-8.828522,68,3362.884756,203,False,True,False,False,0.0,-10.0,0.0,0.0,-0.6800000000000004,1.8514779871702192
-10.188627,195,3444.184855,584,False,True,False,False,0.0,-10.0,0.0,0.0,-1.9500000000000015,1.7613726821541784
11.610048,168,3514.684207,504,True,False,False,False,10.0,0.0,0.0,0.0,-1.6800000000000013,3.290048130154609
-9.232846,90,3553.740636,269,False,True,False,False,0.0,-10.0,0.0,0.0,-0.9000000000000006,1.6671536219120027
-9.012496,64,3582.266005,192,False,True,False,False,0.0,-10.0,0.0,0.0,-0.6400000000000003,1.6275036579370505
-8.937234,71,3612.728883,212,False,True,False,False,0.0,-10.0,0.0,0.0,-0.7100000000000004,1.7727659624814982
12.390843,91,3651.880861,273,True,False,False,False,10.0,0.0,0.0,0.0,-0.9100000000000006,3.300843253731728
-8.962307,59,3678.08008,175,False,True,False,False,0.0,-10.0,0.0,0.0,-0.5900000000000003,1.6276928091049188
-8.834089,46,3697.692802,138,False,True,False,False,0.0,-10.0,0.0,0.0,-0.46000000000000024,1.6259110602736468
12.291502,103,3740.037232,308,True,False,False,False,10.0,0.0,0.0,0.0,-1.0300000000000007,3.321501517295837
-8.894663,49,3761.467576,145,False,True,False,False,0.0,-10.0,0.0,0.0,-0.49000000000000027,1.5953370577096937
-8.883147,64,3789.061028,191,False,True,False,False,0.0,-10.0,0.0,0.0,-0.6400000000000003,1.7568525499105456
-8.742477,52,3810.790908,154,False,True,False,False,0.0,-10.0,0.0,0.0,-0.5200000000000002,1.7775229969620705
-8.780849,55,3834.415983,165,False,True,False,False,0.0,-10.0,0.0,0.0,-0.5500000000000003,1.769151064455509
-8.892265,50,3857.079768,149,False,True,False,False,0.0,-10.0,0.0,0.0,-0.5000000000000002,1.6077350682020193
-10.157747,188,3936.632731,564,False,True,False,False,0.0,-10.0,0.0,0.0,-1.8800000000000014,1.7222533160448081
-8.856322,68,3966.976908,202,False,True,False,False,0.0,-10.0,0.0,0.0,-0.6800000000000004,1.8236777648329734
-9.629542,130,4024.113795,390,False,True,False,False,0.0,-10.0,0.0,0.0,-1.300000000000001,1.6704584211111075
-9.532585,127,4079.420995,380,False,True,False,False,0.0,-10.0,0.0,0.0,-1.270000000000001,1.737414510846138
-9.281331,85,4116.09629,253,False,True,False,False,0.0,-10.0,0.0,0.0,-0.8500000000000005,1.5686685478687292
-8.88138,45,4136.535259,133,False,True,False,False,0.0,-10.0,0.0,0.0,-0.45000000000000023,1.5686200648546218
-8.842767,47,4157.323034,141,False,True,False,False,0.0,-10.0,0.0,0.0,-0.47000000000000025,1.6272327864170069
-9.626122,120,4208.484142,359,False,True,False,False,0.0,-10.0,0.0,0.0,-1.2000000000000008,1.5738778042793276
-8.889512,46,4229.748355,137,False,True,False,False,0.0,-10.0,0.0,0.0,-0.46000000000000024,1.5704881089925766
-8.772739,51,4251.423918,152,False,True,False,False,0.0,-10.0,0.0,0.0,-0.5100000000000002,1.737261130213738
-8.646869,46,4270.700603,136,False,True,False,False,0.0,-10.0,0.0,0.0,-0.46000000000000024,1.8131313329935073
-8.837678,50,4291.054961,149,False,True,False,False,0.0,-10.0,0.0,0.0,-0.5000000000000002,1.6623223006725312
-8.691183,36,4305.946243,108,False,True,False,False,0.0,-10.0,0.0,0.0,-0.36000000000000015,1.6688166999816896
-9.229804,81,4340.934793,241,False,True,False,False,0.0,-10.0,0.0,0.0,-0.8100000000000005,1.5801961433887486
-8.913708,48,4360.780759,142,False,True,False,False,0.0,-10.0,0.0,0.0,-0.48000000000000026,1.5662921088933948
-8.881049,45,4380.623615,134,False,True,False,False,0.0,-10.0,0.0,0.0,-0.45000000000000023,1.568950955271721
-8.985696,56,4404.749856,168,False,True,False,False,0.0,-10.0,0.0,0.0,-0.5600000000000003,1.5743039041757583
-8.796514,52,4428.143771,155,False,True,False,False,0.0,-10.0,0.0,0.0,-0.5200000000000002,1.7234862041473389
-8.723294,51,4449.205322,153,False,True,False,False,0.0,-10.0,0.0,0.0,-0.5100000000000002,1.7867055082321162
12.348632,98,4488.975093,292,True,False,False,False,10.0,0.0,0.0,0.0,-0.9800000000000006,3.328632392287254
-8.626482,54,4513.369489,162,False,True,False,False,0.0,-10.0,0.0,0.0,-0.5400000000000003,1.9135181489586828
11.40935,188,4591.159473,564,True,False,False,False,10.0,0.0,0.0,0.0,-1.8800000000000014,3.2893497455120078
-8.694297,32,4605.208601,95,False,True,False,False,0.0,-10.0,0.0,0.0,-0.3200000000000001,1.6257030469179155
12.608939,72,4637.368749,214,True,False,False,False,10.0,0.0,0.0,0.0,-0.7200000000000004,3.32893887400627
-8.88491,45,4656.361862,134,False,True,False,False,0.0,-10.0,0.0,0.0,-0.45000000000000023,1.565089858174324
12.66935,64,4683.282728,191,True,False,False,False,10.0,0.0,0.0,0.0,-0.6400000000000003,3.3093504655361166
11.637912,166,4754.74531,498,True,False,False,False,10.0,0.0,0.0,0.0,-1.6600000000000013,3.2979124748706834
-8.579921,32,4769.254152,94,False,True,False,False,0.0,-10.0,0.0,0.0,-0.3200000000000001,1.7400792860984804
-8.874999,66,4796.413855,196,False,True,False,False,0.0,-10.0,0.0,0.0,-0.6600000000000004,1.7850013160705565
-5.6,200,4880.411334,600,False,False,False,True,0.0,0.0,0.0,-5.0,-2.0000000000000013,1.4000000000000001
-8.644752,48,4901.422418,142,False,True,False,False,0.0,-10.0,0.0,0.0,-0.48000000000000026,1.8352479684352876
12.698587,60,4926.087012,180,True,False,False,False,10.0,0.0,0.0,0.0,-0.6000000000000003,3.2985873019695275
12.489711,82,4960.160954,245,True,False,False,False,10.0,0.0,0.0,0.0,-0.8200000000000005,3.3097112762928007
-5.57031,200,5045.949469,600,False,False,False,True,0.0,0.0,0.0,-5.0,-2.0000000000000013,1.4296904337406162
12.438077,89,5082.471796,265,True,False,False,False,10.0,0.0,0.0,0.0,-0.8900000000000006,3.328076641559601
-9.056752,78,5114.585775,234,False,True,False,False,0.0,-10.0,0.0,0.0,-0.7800000000000005,1.7232476639747625
-8.664802,58,5139.123739,173,False,True,False,False,0.0,-10.0,0.0,0.0,-0.5800000000000003,1.915197596549988
-9.13794,70,5172.98674,208,False,True,False,False,0.0,-10.0,0.0,0.0,-0.7000000000000004,1.562060000896454
-8.494909,40,5191.185355,119,False,True,False,False,0.0,-10.0,0.0,0.0,-0.4000000000000002,1.9050913548469541
-8.695411,51,5212.850721,152,False,True,False,False,0.0,-10.0,0.0,0.0,-0.5100000000000002,1.8145892357826234
-8.781176,59,5237.749584,177,False,True,False,False,0.0,-10.0,0.0,0.0,-0.5900000000000003,1.8088244771957405
-9.263728,99,5279.876733,295,False,True,False,False,0.0,-10.0,0.0,0.0,-0.9900000000000007,1.7262719917297369
-8.873475,67,5307.721565,199,False,True,False,False,0.0,-10.0,0.0,0.0,-0.6700000000000004,1.7965253013372424
-8.74641,55,5330.908853,164,False,True,False,False,0.0,-10.0,0.0,0.0,-0.5500000000000003,1.803589500188828
-8.638113,47,5351.164362,141,False,True,False,False,0.0,-10.0,0.0,0.0,-0.47000000000000025,1.8318872493505478
-8.565472,38,5367.835356,112,False,True,False,False,0.0,-10.0,0.0,0.0,-0.38000000000000017,1.8145282393693927
12.586639,72,5398.654951,215,True,False,False,False,10.0,0.0,0.0,0.0,-0.7200000000000004,3.3066388249397263
-8.751088,32,5413.358899,95,False,True,False,False,0.0,-10.0,0.0,0.0,-0.3200000000000001,1.5689118254184722
-8.512697,37,5429.967154,110,False,True,False,False,0.0,-10.0,0.0,0.0,-0.37000000000000016,1.8573031389713288
12.73287,60,5454.644103,178,True,False,False,False,10.0,0.0,0.0,0.0,-0.6000000000000003,3.332869592308999
-8.759321,33,5468.347933,97,False,True,False,False,0.0,-10.0,0.0,0.0,-0.3300000000000001,1.570678909420967
-8.510813,37,5484.716348,110,False,True,False,False,0.0,-10.0,0.0,0.0,-0.37000000000000016,1.8591867488622662
-8.870607,45,5505.254918,133,False,True,False,False,0.0,-10.0,0.0,0.0,-0.45000000000000023,1.5793930399417877
-8.771636,41,5523.325136,122,False,True,False,False,0.0,-10.0,0.0,0.0,-0.4100000000000002,1.6383644700050355
-8.719682,32,5537.860497,95,False,True,False,False,0.0,-10.0,0.0,0.0,-0.3200000000000001,1.6003183400630951
12.678017,62,5563.617422,186,True,False,False,False,10.0,0.0,0.0,0.0,-0.6200000000000003,3.298016982078552
12.736218,60,5588.810106,178,True,False,False,False,10.0,0.0,0.0,0.0,-0.6000000000000003,3.336218281984329
-8.713905,31,5602.462675,92,False,True,False,False,0.0,-10.0,0.0,0.0,-0.3100000000000001,1.596094579696655
-8.511945,34,5617.300575,100,False,True,False,False,0.0,-10.0,0.0,0.0,-0.34000000000000014,1.828055163621903
12.745695,59,5641.635296,175,True,False,False,False,10.0,0.0,0.0,0.0,-0.5900000000000003,3.3356953090429315
-8.513507,33,5655.828956,99,False,True,False,False,0.0,-10.0,0.0,0.0,-0.3300000000000001,1.816493217945099
12.7404,59,5679.951606,175,True,False,False,False,10.0,0.0,0.0,0.0,-0.5900000000000003,3.330399792194367
12.721083,57,5703.860336,171,True,False,False,False,10.0,0.0,0.0,0.0,-0.5700000000000003,3.2910833489894875
-8.697269,28,5716.92317,82,False,True,False,False,0.0,-10.0,0.0,0.0,-0.2800000000000001,1.5827314567565915
-8.344056,36,5731.906911,107,False,True,False,False,0.0,-10.0,0.0,0.0,-0.36000000000000015,2.015943794250489
-8.493088,31,5746.055881,93,False,True,False,False,0.0,-10.0,0.0,0.0,-0.3100000000000001,1.8169121819734568
-8.501811,32,5759.900863,94,False,True,False,False,0.0,-10.0,0.0,0.0,-0.3200000000000001,1.8181893044710162
-8.669052,29,5772.715628,86,False,True,False,False,0.0,-10.0,0.0,0.0,-0.2900000000000001,1.6209484130144125
-8.673339,29,5786.063745,85,False,True,False,False,0.0,-10.0,0.0,0.0,-0.2900000000000001,1.6166609919071202
-8.402508,35,5801.114528,103,False,True,False,False,0.0,-10.0,0.0,0.0,-0.35000000000000014,1.9474916034936907
-8.702753,28,5813.75804,83,False,True,False,False,0.0,-10.0,0.0,0.0,-0.2800000000000001,1.5772465896606447
-8.625643,29,5827.199662,87,False,True,False,False,0.0,-10.0,0.0,0.0,-0.2900000000000001,1.664357478022575
-8.556514,30,5840.957966,89,False,True,False,False,0.0,-10.0,0.0,0.0,-0.3000000000000001,1.7434861367940901
-8.66463,28,5854.116621,84,False,True,False,False,0.0,-10.0,0.0,0.0,-0.2800000000000001,1.6153697502613067
-8.565764,30,5868.392538,90,False,True,False,False,0.0,-10.0,0.0,0.0,-0.3000000000000001,1.7342359429597858
12.734229,57,5891.940804,170,True,False,False,False,10.0,0.0,0.0,0.0,-0.5700000000000003,3.3042288255691536
-8.70569,28,5904.354742,82,False,True,False,False,0.0,-10.0,0.0,0.0,-0.2800000000000001,1.5743097805976867
-8.433476,34,5918.9524,101,False,True,False,False,0.0,-10.0,0.0,0.0,-0.34000000000000014,1.9065242636203765
-8.653692,29,5932.221453,87,False,True,False,False,0.0,-10.0,0.0,0.0,-0.2900000000000001,1.636307716369629
12.736056,57,5956.271194,170,True,False,False,False,10.0,0.0,0.0,0.0,-0.5700000000000003,3.3060559093952175
12.749786,58,5979.849494,172,True,False,False,False,10.0,0.0,0.0,0.0,-0.5800000000000003,3.329785827994348
-8.700758,29,5992.950821,85,False,True,False,False,0.0,-10.0,0.0,0.0,-0.2900000000000001,1.5892420697212222
-8.624052,30,6006.382363,88,False,True,False,False,0.0,-10.0,0.0,0.0,-0.3000000000000001,1.6759476089477539
-8.445994,34,6020.685962,101,False,True,False,False,0.0,-10.0,0.0,0.0,-0.34000000000000014,1.894006338715553
12.759138,58,6045.286074,172,True,False,False,False,10.0,0.0,0.0,0.0,-0.5800000000000003,3.3391382497549067
-8.692216,29,6057.917819,85,False,True,False,False,0.0,-10.0,0.0,0.0,-0.2900000000000001,1.5977842676639564
12.681896,64,6084.760969,190,True,False,False,False,10.0,0.0,0.0,0.0,-0.6400000000000003,3.321896024942399
12.757429,58,6110.366622,172,True,False,False,False,10.0,0.0,0.0,0.0,-0.5800000000000003,3.3374287927150728
-8.568032,31,6124.029464,92,False,True,False,False,0.0,-10.0,0.0,0.0,-0.3100000000000001,1.7419676059484486
-8.822489,39,6141.223394,115,False,True,False,False,0.0,-10.0,0.0,0.0,-0.3900000000000002,1.567511340975761
-8.728183,30,6154.64881,88,False,True,False,False,0.0,-10.0,0.0,0.0,-0.3000000000000001,1.5718172025680541
-8.825775,40,6172.208527,119,False,True,False,False,0.0,-10.0,0.0,0.0,-0.4000000000000002,1.5742252564430237
-8.903197,47,6192.615945,139,False,True,False,False,0.0,-10.0,0.0,0.0,-0.47000000000000025,1.5668033611774446
-8.537575,36,6207.930285,107,False,True,False,False,0.0,-10.0,0.0,0.0,-0.36000000000000015,1.8224253237247465
12.700909,59,6232.541097,177,True,False,False,False,10.0,0.0,0.0,0.0,-0.5900000000000003,3.290908648371695
-8.712716,29,6245.546643,87,False,True,False,False,0.0,-10.0,0.0,0.0,-0.2900000000000001,1.5772844022512438
-8.725218,31,6259.144436,92,False,True,False,False,0.0,-10.0,0.0,0.0,-0.3100000000000001,1.584782119989395
-8.543534,36,6274.874031,108,False,True,False,False,0.0,-10.0,0.0,0.0,-0.36000000000000015,1.8164656597375868
-8.705782,27,6286.924262,81,False,True,False,False,0.0,-10.0,0.0,0.0,-0.2700000000000001,1.5642176365852356
-8.564482,31,6300.87714,91,False,True,False,False,0.0,-10.0,0.0,0.0,-0.3100000000000001,1.7455181485414504
-8.481562,32,6315.385084,96,False,True,False,False,0.0,-10.0,0.0,0.0,-0.3200000000000001,1.838438285589218
-8.574119,30,6329.384157,90,False,True,False,False,0.0,-10.0,0.0,0.0,-0.3000000000000001,1.7258806848526007
-8.698003,28,6341.786802,82,False,True,False,False,0.0,-10.0,0.0,0.0,-0.2800000000000001,1.5819968533515933
12.725578,57,6367.080456,171,True,False,False,False,10.0,0.0,0.0,0.0,-0.5700000000000003,3.2955782771110544
12.716225,57,6391.593216,171,True,False,False,False,10.0,0.0,0.0,0.0,-0.5700000000000003,3.28622547507286
-8.566757,31,6405.50775,93,False,True,False,False,0.0,-10.0,0.0,0.0,-0.3100000000000001,1.743243180513382
-8.536036,34,6420.241912,101,False,True,False,False,0.0,-10.0,0.0,0.0,-0.34000000000000014,1.8039639043807982
-8.618028,29,6432.693546,87,False,True,False,False,0.0,-10.0,0.0,0.0,-0.2900000000000001,1.671971837282181
-8.551165,34,6448.404908,102,False,True,False,False,0.0,-10.0,0.0,0.0,-0.34000000000000014,1.7888352131843568
-8.651604,29,6461.582829,87,False,True,False,False,0.0,-10.0,0.0,0.0,-0.2900000000000001,1.6383959937095645
12.724112,57,6486.571245,171,True,False,False,False,10.0,0.0,0.0,0.0,-0.5700000000000003,3.29411204457283
12.711709,58,6511.270981,174,True,False,False,False,10.0,0.0,0.0,0.0,-0.5800000000000003,3.2917091578245157
12.754534,57,6535.911393,169,True,False,False,False,10.0,0.0,0.0,0.0,-0.5700000000000003,3.3245335191488263
-7.695698,48,6556.584145,144,False,True,False,False,0.0,-10.0,0.0,0.0,-0.48000000000000026,2.784301532506943
-8.703414,27,6568.915652,81,False,True,False,False,0.0,-10.0,0.0,0.0,-0.2700000000000001,1.566585567593574
-8.667967,28,6581.805771,83,False,True,False,False,0.0,-10.0,0.0,0.0,-0.2800000000000001,1.6120331311225895
12.743996,57,6606.196156,170,True,False,False,False,10.0,0.0,0.0,0.0,-0.5700000000000003,3.313996307253838
-8.691351,30,6619.846646,90,False,True,False,False,0.0,-10.0,0.0,0.0,-0.3000000000000001,1.6086488300561907
-8.70689,28,6632.987915,84,False,True,False,False,0.0,-10.0,0.0,0.0,-0.2800000000000001,1.5731104731559755
-8.566132,31,6646.138473,93,False,True,False,False,0.0,-10.0,0.0,0.0,-0.3100000000000001,1.7438676309585577
-8.618525,29,6658.862442,86,False,True,False,False,0.0,-10.0,0.0,0.0,-0.2900000000000001,1.671475051045418
-8.500641,32,6673.375289,95,False,True,False,False,0.0,-10.0,0.0,0.0,-0.3200000000000001,1.8193591582775113
-8.59524,33,6688.001291,97,False,True,False,False,0.0,-10.0,0.0,0.0,-0.3300000000000001,1.7347596961259844
-8.742074,31,6701.764557,91,False,True,False,False,0.0,-10.0,0.0,0.0,-0.3100000000000001,1.567925578355789
-8.581986,32,6715.8752,95,False,True,False,False,0.0,-10.0,0.0,0.0,-0.3200000000000001,1.7380144894123075
-8.560321,31,6729.477333,91,False,True,False,False,0.0,-10.0,0.0,0.0,-0.3100000000000001,1.7496790921688077
-8.689101,27,6741.179364,81,False,True,False,False,0.0,-10.0,0.0,0.0,-0.2700000000000001,1.5808988380432132
-8.532018,30,6755.293318,90,False,True,False,False,0.0,-10.0,0.0,0.0,-0.3000000000000001,1.7679815047979357
-8.455385,32,6769.812382,95,False,True,False,False,0.0,-10.0,0.0,0.0,-0.3200000000000001,1.8646148067712789
-8.678341,31,6784.211385,93,False,True,False,False,0.0,-10.0,0.0,0.0,-0.3100000000000001,1.631658881902695
12.72063,60,6810.666076,179,True,False,False,False,10.0,0.0,0.0,0.0,-0.6000000000000003,3.320630062222482
-8.487907,31,6823.73098,93,False,True,False,False,0.0,-10.0,0.0,0.0,-0.3100000000000001,1.8220931065082548
-8.58658,37,6840.479375,110,False,True,False,False,0.0,-10.0,0.0,0.0,-0.37000000000000016,1.7834203433990476
-8.65447,29,6853.698,85,False,True,False,False,0.0,-10.0,0.0,0.0,-0.2900000000000001,1.635529999732971
-8.813284,38,6869.885134,112,False,True,False,False,0.0,-10.0,0.0,0.0,-0.38000000000000017,1.56671639919281
-8.579952,40,6887.16344,118,False,True,False,False,0.0,-10.0,0.0,0.0,-0.4000000000000002,1.8200479388236999
-8.64533,29,6899.447299,87,False,True,False,False,0.0,-10.0,0.0,0.0,-0.2900000000000001,1.6446696513891221
-8.726978,34,6914.531575,101,False,True,False,False,0.0,-10.0,0.0,0.0,-0.34000000000000014,1.6130217307806014
12.590402,74,6945.995441,220,True,False,False,False,10.0,0.0,0.0,0.0,-0.7400000000000004,3.3304018753767024
-8.64984,43,6965.072646,127,False,True,False,False,0.0,-10.0,0.0,0.0,-0.4300000000000002,1.7801595842838287
-8.601819,33,6979.217481,98,False,True,False,False,0.0,-10.0,0.0,0.0,-0.3300000000000001,1.7281814914941787
-8.717625,28,6991.946143,83,False,True,False,False,0.0,-10.0,0.0,0.0,-0.2800000000000001,1.562375255227089
-8.769995,34,7007.146792,100,False,True,False,False,0.0,-10.0,0.0,0.0,-0.34000000000000014,1.5700048345327378
-8.511753,33,7021.445772,97,False,True,False,False,0.0,-10.0,0.0,0.0,-0.3300000000000001,1.818247109651565
12.726143,59,7047.356119,176,True,False,False,False,10.0,0.0,0.0,0.0,-0.5900000000000003,3.316143036484719
-8.743471,32,7061.562164,96,False,True,False,False,0.0,-10.0,0.0,0.0,-0.3200000000000001,1.5765291130542756
-8.781802,36,7077.906683,108,False,True,False,False,0.0,-10.0,0.0,0.0,-0.36000000000000015,1.5781984478235243
-8.75581,32,7091.746082,94,False,True,False,False,0.0,-10.0,0.0,0.0,-0.3200000000000001,1.5641901665925981
12.733601,58,7116.601377,173,True,False,False,False,10.0,0.0,0.0,0.0,-0.5800000000000003,3.3136007392406475
12.621412,70,7146.835178,208,True,False,False,False,10.0,0.0,0.0,0.0,-0.7000000000000004,3.321412402391434
-8.876767,44,7165.104764,132,False,True,False,False,0.0,-10.0,0.0,0.0,-0.4400000000000002,1.563233096599579
-8.652239,31,7179.236085,92,False,True,False,False,0.0,-10.0,0.0,0.0,-0.3100000000000001,1.6577614367008209
12.713694,59,7204.903116,176,True,False,False,False,10.0,0.0,0.0,0.0,-0.5900000000000003,3.303693668842317
-8.706855,27,7217.2519,81,False,True,False,False,0.0,-10.0,0.0,0.0,-0.2700000000000001,1.5631448388099671
12.734052,57,7241.015833,170,True,False,False,False,10.0,0.0,0.0,0.0,-0.5700000000000003,3.3040521717071543
-8.704476,28,7254.21118,82,False,True,False,False,0.0,-10.0,0.0,0.0,-0.2800000000000001,1.575524435043335
-8.551064,40,7271.472891,118,False,True,False,False,0.0,-10.0,0.0,0.0,-0.4000000000000002,1.8489360183477401
-8.528473,32,7285.922357,95,False,True,False,False,0.0,-10.0,0.0,0.0,-0.3200000000000001,1.791526717543602
-8.570124,31,7299.469428,93,False,True,False,False,0.0,-10.0,0.0,0.0,-0.3100000000000001,1.7398761790990829
-8.712226,28,7312.018912,82,False,True,False,False,0.0,-10.0,0.0,0.0,-0.2800000000000001,1.5677744424343112
-8.466474,33,7326.677929,98,False,True,False,False,0.0,-10.0,0.0,0.0,-0.3300000000000001,1.863525924682617
-8.6252,30,7340.02312,89,False,True,False,False,0.0,-10.0,0.0,0.0,-0.3000000000000001,1.6748000156879421
-8.505496,32,7354.118037,94,False,True,False,False,0.0,-10.0,0.0,0.0,-0.3200000000000001,1.8145035338401798
12.719312,57,7378.635731,171,True,False,False,False,10.0,0.0,0.0,0.0,-0.5700000000000003,3.2893124854564673
12.725711,57,7403.855021,171,True,False,False,False,10.0,0.0,0.0,0.0,-0.5700000000000003,3.295711169242859
-8.643028,29,7417.08759,85,False,True,False,False,0.0,-10.0,0.0,0.0,-0.2900000000000001,1.6469720220565796
-8.643233,29,7430.059975,85,False,True,False,False,0.0,-10.0,0.0,0.0,-0.2900000000000001,1.6467667126655572
-8.578829,30,7443.164561,89,False,True,False,False,0.0,-10.0,0.0,0.0,-0.3000000000000001,1.7211713755130769
12.698471,60,7467.576152,180,True,False,False,False,10.0,0.0,0.0,0.0,-0.6000000000000003,3.298470929861068
12.744379,57,7492.035683,170,True,False,False,False,10.0,0.0,0.0,0.0,-0.5700000000000003,3.3143789780139925
-8.466978,32,7506.614133,95,False,True,False,False,0.0,-10.0,0.0,0.0,-0.3200000000000001,1.8530218809843066
-8.520688,31,7520.874439,92,False,True,False,False,0.0,-10.0,0.0,0.0,-0.3100000000000001,1.7893119871616365
-7.402402,54,7544.684509,160,False,True,False,False,0.0,-10.0,0.0,0.0,-0.5400000000000003,3.137598179578781
12.73656,57,7569.103389,170,True,False,False,False,10.0,0.0,0.0,0.0,-0.5700000000000003,3.3065603178739567
12.728143,57,7593.715335,171,True,False,False,False,10.0,0.0,0.0,0.0,-0.5700000000000003,3.2981430512666687
12.756038,58,7618.033494,172,True,False,False,False,10.0,0.0,0.0,0.0,-0.5800000000000003,3.3360381805896764
-8.340411,37,7633.767806,110,False,True,False,False,0.0,-10.0,0.0,0.0,-0.37000000000000016,2.029589115977287
-8.694622,27,7645.890228,81,False,True,False,False,0.0,-10.0,0.0,0.0,-0.2700000000000001,1.5753780400753024
12.724323,57,7669.876644,171,True,False,False,False,10.0,0.0,0.0,0.0,-0.5700000000000003,3.2943233585357663
-8.625408,29,7683.250802,85,False,True,False,False,0.0,-10.0,0.0,0.0,-0.2900000000000001,1.6645920646190646
-8.70896,27,7695.52624,81,False,True,False,False,0.0,-10.0,0.0,0.0,-0.2700000000000001,1.5610399615764619
12.724729,57,7720.169343,171,True,False,False,False,10.0,0.0,0.0,0.0,-0.5700000000000003,3.294729103446006
-8.699566,27,7732.259641,81,False,True,False,False,0.0,-10.0,0.0,0.0,-0.2700000000000001,1.5704341852664947
-8.236001,39,7749.039398,116,False,True,False,False,0.0,-10.0,0.0,0.0,-0.3900000000000002,2.1539992851018908
-8.694292,29,7762.147838,87,False,True,False,False,0.0,-10.0,0.0,0.0,-0.2900000000000001,1.5957078719139097
12.742204,57,7786.872033,170,True,False,False,False,10.0,0.0,0.0,0.0,-0.5700000000000003,3.3122042161226264
12.746616,57,7811.908299,170,True,False,False,False,10.0,0.0,0.0,0.0,-0.5700000000000003,3.316616003513337
12.744023,57,7836.27211,170,True,False,False,False,10.0,0.0,0.0,0.0,-0.5700000000000003,3.314023219347
12.733351,57,7860.671679,170,True,False,False,False,10.0,0.0,0.0,0.0,-0.5700000000000003,3.303350700139999
-8.689496,27,7872.741379,80,False,True,False,False,0.0,-10.0,0.0,0.0,-0.2700000000000001,1.580503758788109
12.754302,57,7897.246969,169,True,False,False,False,10.0,0.0,0.0,0.0,-0.5700000000000003,3.3243024814128876
12.728495,57,7921.124926,171,True,False,False,False,10.0,0.0,0.0,0.0,-0.5700000000000003,3.2984949767589566
-8.49845,31,7935.642509,92,False,True,False,False,0.0,-10.0,0.0,0.0,-0.3100000000000001,1.811550081968307
-8.624635,28,7948.828,84,False,True,False,False,0.0,-10.0,0.0,0.0,-0.2800000000000001,1.6553650158643718
12.752138,57,7973.251329,169,True,False,False,False,10.0,0.0,0.0,0.0,-0.5700000000000003,3.322137557268142
-8.667293,28,7985.710844,82,False,True,False,False,0.0,-10.0,0.0,0.0,-0.2800000000000001,1.6127074444293974
12.726339,57,8009.362951,171,True,False,False,False,10.0,0.0,0.0,0.0,-0.5700000000000003,3.296339007019997
-8.694972,27,8021.945901,81,False,True,False,False,0.0,-10.0,0.0,0.0,-0.2700000000000001,1.5750278198719023
12.752966,57,8046.487584,169,True,False,False,False,10.0,0.0,0.0,0.0,-0.5700000000000003,3.3229658234119426
-8.670569,28,8059.161596,83,False,True,False,False,0.0,-10.0,0.0,0.0,-0.2800000000000001,1.6094311273097994
12.718665,57,8083.930642,171,True,False,False,False,10.0,0.0,0.0,0.0,-0.5700000000000003,3.28866450548172
-8.547376,30,8098.211633,90,False,True,False,False,0.0,-10.0,0.0,0.0,-0.3000000000000001,1.7526235878467564
-8.692066,27,8110.230286,80,False,True,False,False,0.0,-10.0,0.0,0.0,-0.2700000000000001,1.5779341864585876
-8.401736,34,8124.959998,100,False,True,False,False,0.0,-10.0,0.0,0.0,-0.34000000000000014,1.9382638645172117
-8.68498,28,8137.432024,84,False,True,False,False,0.0,-10.0,0.0,0.0,-0.2800000000000001,1.5950196301937105
-8.494289,32,8151.324126,94,False,True,False,False,0.0,-10.0,0.0,0.0,-0.3200000000000001,1.825710977315903
12.727604,57,8176.500018,171,True,False,False,False,10.0,0.0,0.0,0.0,-0.5700000000000003,3.297603645324707
-8.510955,31,8190.17262,93,False,True,False,False,0.0,-10.0,0.0,0.0,-0.3100000000000001,1.7990449589490891
-8.554976,31,8204.603993,93,False,True,False,False,0.0,-10.0,0.0,0.0,-0.3100000000000001,1.7550243389606475
-8.543762,30,8218.288192,90,False,True,False,False,0.0,-10.0,0.0,0.0,-0.3000000000000001,1.7562377738952637
-8.7127,28,8231.569302,82,False,True,False,False,0.0,-10.0,0.0,0.0,-0.2800000000000001,1.567300141453743
-8.391416,35,8247.384509,104,False,True,False,False,0.0,-10.0,0.0,0.0,-0.35000000000000014,1.9585841941833493
-8.504554,32,8262.439648,94,False,True,False,False,0.0,-10.0,0.0,0.0,-0.3200000000000001,1.8154463756084445
-8.678328,29,8276.315442,85,False,True,False,False,0.0,-10.0,0.0,0.0,-0.2900000000000001,1.6116720843315124
-8.669474,28,8289.442469,84,False,True,False,False,0.0,-10.0,0.0,0.0,-0.2800000000000001,1.6105258882045743
-8.673336,28,8302.124918,83,False,True,False,False,0.0,-10.0,0.0,0.0,-0.2800000000000001,1.606664108633995
12.715257,57,8325.68246,171,True,False,False,False,10.0,0.0,0.0,0.0,-0.5700000000000003,3.2852574086189277
12.723713,57,8350.939001,171,True,False,False,False,10.0,0.0,0.0,0.0,-0.5700000000000003,3.2937125003337857
-8.508435,31,8365.943234,93,False,True,False,False,0.0,-10.0,0.0,0.0,-0.3100000000000001,1.8015645813941947
12.733026,59,8390.306085,175,True,False,False,False,10.0,0.0,0.0,0.0,-0.5900000000000003,3.3230257666111
-8.644874,30,8403.62684,89,False,True,False,False,0.0,-10.0,0.0,0.0,-0.3000000000000001,1.655125776529312
12.747365,57,8427.649605,170,True,False,False,False,10.0,0.0,0.0,0.0,-0.5700000000000003,3.3173650109767916
-8.411416,35,8442.394691,103,False,True,False,False,0.0,-10.0,0.0,0.0,-0.35000000000000014,1.938584315776825
-8.509978,31,8456.296408,93,False,True,False,False,0.0,-10.0,0.0,0.0,-0.3100000000000001,1.8000222086906437
-8.461567,32,8470.261492,96,False,True,False,False,0.0,-10.0,0.0,0.0,-0.3200000000000001,1.858432675600052
-8.703832,27,8482.749941,81,False,True,False,False,0.0,-10.0,0.0,0.0,-0.2700000000000001,1.5661677944660188
-8.626593,29,8495.470871,85,False,True,False,False,0.0,-10.0,0.0,0.0,-0.2900000000000001,1.6634073054790495
-8.506015,32,8509.511843,95,False,True,False,False,0.0,-10.0,0.0,0.0,-0.3200000000000001,1.8139849305152893
12.736024,58,8533.785338,173,True,False,False,False,10.0,0.0,0.0,0.0,-0.5800000000000003,3.316023972630501
-8.711797,28,8546.764848,83,False,True,False,False,0.0,-10.0,0.0,0.0,-0.2800000000000001,1.5682033467292789
-8.677051,28,8559.632664,84,False,True,False,False,0.0,-10.0,0.0,0.0,-0.2800000000000001,1.6029494535923006
-8.689038,28,8572.894432,84,False,True,False,False,0.0,-10.0,0.0,0.0,-0.2800000000000001,1.5909621948003767
-8.702386,28,8586.664233,84,False,True,False,False,0.0,-10.0,0.0,0.0,-0.2800000000000001,1.5776144921779633
12.734501,58,8614.575885,173,True,False,False,False,10.0,0.0,0.0,0.0,-0.5800000000000003,3.3145012116432198
-8.61309,29,8629.111083,87,False,True,False,False,0.0,-10.0,0.0,0.0,-0.2900000000000001,1.6769095015525817
12.722848,57,8656.488603,171,True,False,False,False,10.0,0.0,0.0,0.0,-0.5700000000000003,3.29284823536873
-8.574226,30,8671.336311,89,False,True,False,False,0.0,-10.0,0.0,0.0,-0.3000000000000001,1.725774332284927
-8.708807,27,8684.967251,80,False,True,False,False,0.0,-10.0,0.0,0.0,-0.2700000000000001,1.5611934024095535
-8.686672,28,8698.812141,84,False,True,False,False,0.0,-10.0,0.0,0.0,-0.2800000000000001,1.5933282244205473
-8.56961,30,8714.268785,89,False,True,False,False,0.0,-10.0,0.0,0.0,-0.3000000000000001,1.7303897380828857
-7.355128,56,8740.803394,168,False,True,False,False,0.0,-10.0,0.0,0.0,-0.5600000000000003,3.204871848821641
-8.621186,29,8755.571074,87,False,True,False,False,0.0,-10.0,0.0,0.0,-0.2900000000000001,1.6688141524791715
-8.457562,35,8773.804721,105,False,True,False,False,0.0,-10.0,0.0,0.0,-0.35000000000000014,1.8924383556842805
-8.714722,29,8788.39753,86,False,True,False,False,0.0,-10.0,0.0,0.0,-0.2900000000000001,1.5752777945995329
-8.574974,30,8803.476956,89,False,True,False,False,0.0,-10.0,0.0,0.0,-0.3000000000000001,1.7250256258249286
-8.459411,33,8819.951127,97,False,True,False,False,0.0,-10.0,0.0,0.0,-0.3300000000000001,1.870589066743851
-8.694513,27,8834.135276,80,False,True,False,False,0.0,-10.0,0.0,0.0,-0.2700000000000001,1.5754874324798585
-8.455432,32,8851.188507,96,False,True,False,False,0.0,-10.0,0.0,0.0,-0.3200000000000001,1.8645676237344744
-8.654298,28,8865.917949,84,False,True,False,False,0.0,-10.0,0.0,0.0,-0.2800000000000001,1.6257024365663528
-8.706815,28,8880.600773,82,False,True,False,False,0.0,-10.0,0.0,0.0,-0.2800000000000001,1.573185408115387
-8.618875,29,8894.755784,85,False,True,False,False,0.0,-10.0,0.0,0.0,-0.2900000000000001,1.6711250472068788
-8.569055,30,8910.452104,90,False,True,False,False,0.0,-10.0,0.0,0.0,-0.3000000000000001,1.7309454780817035
-8.500324,32,8928.532733,94,False,True,False,False,0.0,-10.0,0.0,0.0,-0.3200000000000001,1.8196761775016788
12.738648,58,8958.581691,173,True,False,False,False,10.0,0.0,0.0,0.0,-0.5800000000000003,3.3186476135253913
12.731761,57,8987.031687,170,True,False,False,False,10.0,0.0,0.0,0.0,-0.5700000000000003,3.301761083006858
12.71843,57,9015.05285,171,True,False,False,False,10.0,0.0,0.0,0.0,-0.5700000000000003,3.2884295809268953
12.716399,57,9044.379006,171,True,False,False,False,10.0,0.0,0.0,0.0,-0.5700000000000003,3.286398725509644
12.732917,57,9072.954737,170,True,False,False,False,10.0,0.0,0.0,0.0,-0.5700000000000003,3.302917312383653
-8.57439,30,9087.841402,90,False,True,False,False,0.0,-10.0,0.0,0.0,-0.3000000000000001,1.7256102895736696
12.734999,58,9116.490085,173,True,False,False,False,10.0,0.0,0.0,0.0,-0.5800000000000003,3.314998695850373
-8.353768,38,9135.057091,112,False,True,False,False,0.0,-10.0,0.0,0.0,-0.38000000000000017,2.0262323647737506
-8.467257,33,9151.786664,97,False,True,False,False,0.0,-10.0,0.0,0.0,-0.3300000000000001,1.8627433061599736
-8.62859,30,9167.017135,89,False,True,False,False,0.0,-10.0,0.0,0.0,-0.3000000000000001,1.6714101684093474
12.739591,57,9195.742282,170,True,False,False,False,10.0,0.0,0.0,0.0,-0.5700000000000003,3.309590708017349
-8.701791,28,9210.363747,84,False,True,False,False,0.0,-10.0,0.0,0.0,-0.2800000000000001,1.5782091200351718
-8.567114,31,9225.766222,92,False,True,False,False,0.0,-10.0,0.0,0.0,-0.3100000000000001,1.7428856706619265
-8.713485,28,9239.972246,84,False,True,False,False,0.0,-10.0,0.0,0.0,-0.2800000000000001,1.566515315771103
-8.492561,31,9256.747912,93,False,True,False,False,0.0,-10.0,0.0,0.0,-0.3100000000000001,1.8174391257762905
-8.718304,28,9271.042665,82,False,True,False,False,0.0,-10.0,0.0,0.0,-0.2800000000000001,1.561695632934571
12.727077,57,9299.50615,171,True,False,False,False,10.0,0.0,0.0,0.0,-0.5700000000000003,3.2970770192146306
12.651856,63,9330.34753,189,True,False,False,False,10.0,0.0,0.0,0.0,-0.6300000000000003,3.2818557250499722
-8.507368,32,9346.430442,94,False,True,False,False,0.0,-10.0,0.0,0.0,-0.3200000000000001,1.8126319086551665
-8.516132,31,9362.878933,92,False,True,False,False,0.0,-10.0,0.0,0.0,-0.3100000000000001,1.7938676083087925
-8.588258,31,9378.209777,93,False,True,False,False,0.0,-10.0,0.0,0.0,-0.3100000000000001,1.721741763353348
12.721118,57,9405.786356,171,True,False,False,False,10.0,0.0,0.0,0.0,-0.5700000000000003,3.291118016839028
12.709606,58,9433.966628,174,True,False,False,False,10.0,0.0,0.0,0.0,-0.5800000000000003,3.2896061241626735
-8.64723,29,9449.937775,85,False,True,False,False,0.0,-10.0,0.0,0.0,-0.2900000000000001,1.6427698791027072
-8.514598,31,9466.134358,92,False,True,False,False,0.0,-10.0,0.0,0.0,-0.3100000000000001,1.7954016387462617
-8.519203,31,9481.988369,92,False,True,False,False,0.0,-10.0,0.0,0.0,-0.3100000000000001,1.7907966399192812
-8.353132,35,9500.834968,104,False,True,False,False,0.0,-10.0,0.0,0.0,-0.35000000000000014,1.996868182420731
-8.527531,31,9516.57483,93,False,True,False,False,0.0,-10.0,0.0,0.0,-0.3100000000000001,1.7824687361717222
-8.515164,32,9532.712642,94,False,True,False,False,0.0,-10.0,0.0,0.0,-0.3200000000000001,1.804835610985756
12.759941,58,9561.250667,172,True,False,False,False,10.0,0.0,0.0,0.0,-0.5800000000000003,3.3399409687519066
-8.553601,30,9576.537425,90,False,True,False,False,0.0,-10.0,0.0,0.0,-0.3000000000000001,1.7463989830017088
12.75257,58,9605.118799,172,True,False,False,False,10.0,0.0,0.0,0.0,-0.5800000000000003,3.3325701248645783
-8.713708,28,9619.9663,82,False,True,False,False,0.0,-10.0,0.0,0.0,-0.2800000000000001,1.5662921160459522
-8.545477,31,9635.559675,91,False,True,False,False,0.0,-10.0,0.0,0.0,-0.3100000000000001,1.7645232170820235
-8.668227,29,9649.940819,85,False,True,False,False,0.0,-10.0,0.0,0.0,-0.2900000000000001,1.62177262365818
-8.545422,31,9665.298599,92,False,True,False,False,0.0,-10.0,0.0,0.0,-0.3100000000000001,1.7645783364772798
-8.715771,28,9679.564477,84,False,True,False,False,0.0,-10.0,0.0,0.0,-0.2800000000000001,1.5642292594909672
12.721202,58,9707.984381,174,True,False,False,False,10.0,0.0,0.0,0.0,-0.5800000000000003,3.3012015986442567
-8.490181,33,9724.914224,99,False,True,False,False,0.0,-10.0,0.0,0.0,-0.3300000000000001,1.839818568825722
12.73075,57,9752.511297,171,True,False,False,False,10.0,0.0,0.0,0.0,-0.5700000000000003,3.300749636888505
12.725437,57,9781.223331,171,True,False,False,False,10.0,0.0,0.0,0.0,-0.5700000000000003,3.295437060594559
12.740448,58,9810.465251,173,True,False,False,False,10.0,0.0,0.0,0.0,-0.5800000000000003,3.3204482233524333
-8.713614,28,9824.69581,84,False,True,False,False,0.0,-10.0,0.0,0.0,-0.2800000000000001,1.5663857567310333
-8.551513,31,9840.79277,91,False,True,False,False,0.0,-10.0,0.0,0.0,-0.3100000000000001,1.7584873294830323
12.758059,58,9868.75627,172,True,False,False,False,10.0,0.0,0.0,0.0,-0.5800000000000003,3.3380587840080262
-8.650559,30,9883.795688,89,False,True,False,False,0.0,-10.0,0.0,0.0,-0.3000000000000001,1.6494407576322554
12.711643,57,9911.76244,171,True,False,False,False,10.0,0.0,0.0,0.0,-0.5700000000000003,3.281642910838128
12.75292,58,9940.951354,172,True,False,False,False,10.0,0.0,0.0,0.0,-0.5800000000000003,3.332919700145721
12.747682,58,9969.627963,172,True,False,False,False,10.0,0.0,0.0,0.0,-0.5800000000000003,3.3276819944381724
12.735529,58,9997.880245,173,True,False,False,False,10.0,0.0,0.0,0.0,-0.5800000000000003,3.315528584718705
-8.629142,30,10013.875592,88,False,True,False,False,0.0,-10.0,0.0,0.0,-0.3000000000000001,1.6708575236797336
12.727642,57,10040.778704,171,True,False,False,False,10.0,0.0,0.0,0.0,-0.5700000000000003,3.297641791701316
-8.575962,30,10055.669466,89,False,True,False,False,0.0,-10.0,0.0,0.0,-0.3000000000000001,1.7240381366014483
12.747219,58,10083.593402,172,True,False,False,False,10.0,0.0,0.0,0.0,-0.5800000000000003,3.32721949994564
-8.707393,28,10098.07749,82,False,True,False,False,0.0,-10.0,0.0,0.0,-0.2800000000000001,1.5726072210073474
12.744149,58,10127.92284,172,True,False,False,False,10.0,0.0,0.0,0.0,-0.5800000000000003,3.324149402976037
12.735254,57,10156.183142,170,True,False,False,False,10.0,0.0,0.0,0.0,-0.5700000000000003,3.3052544116973883
12.712895,57,10184.040766,171,True,False,False,False,10.0,0.0,0.0,0.0,-0.5700000000000003,3.2828950631618508
12.712418,58,10212.316818,174,True,False,False,False,10.0,0.0,0.0,0.0,-0.5800000000000003,3.2924184918403627
-8.5686,30,10228.09638,89,False,True,False,False,0.0,-10.0,0.0,0.0,-0.3000000000000001,1.7313995879888533
-8.514884,33,10244.921399,97,False,True,False,False,0.0,-10.0,0.0,0.0,-0.3300000000000001,1.8151157718896864
-8.710487,28,10259.466946,84,False,True,False,False,0.0,-10.0,0.0,0.0,-0.2800000000000001,1.569512964487076
-8.704073,28,10274.039627,84,False,True,False,False,0.0,-10.0,0.0,0.0,-0.2800000000000001,1.57592747926712
-8.42298,36,10292.373537,106,False,True,False,False,0.0,-10.0,0.0,0.0,-0.36000000000000015,1.937020134925843
-8.640522,30,10307.893669,88,False,True,False,False,0.0,-10.0,0.0,0.0,-0.3000000000000001,1.6594781792163844
12.710941,59,10336.674144,177,True,False,False,False,10.0,0.0,0.0,0.0,-0.5900000000000003,3.3009411495923997
-8.481437,34,10354.134426,100,False,True,False,False,0.0,-10.0,0.0,0.0,-0.34000000000000014,1.8585627937316895
12.760586,58,10382.399339,172,True,False,False,False,10.0,0.0,0.0,0.0,-0.5800000000000003,3.340585913658142
-8.674401,28,10396.204178,82,False,True,False,False,0.0,-10.0,0.0,0.0,-0.2800000000000001,1.6055994743108746
-8.567534,31,10411.596834,91,False,True,False,False,0.0,-10.0,0.0,0.0,-0.3100000000000001,1.7424657332897189
-8.466688,36,10429.649923,106,False,True,False,False,0.0,-10.0,0.0,0.0,-0.36000000000000015,1.8933124995231627
12.718054,57,10457.475554,171,True,False,False,False,10.0,0.0,0.0,0.0,-0.5700000000000003,3.288053879141808
-8.569807,33,10474.146456,98,False,True,False,False,0.0,-10.0,0.0,0.0,-0.3300000000000001,1.7601929569244383
-8.382,36,10492.881503,108,False,True,False,False,0.0,-10.0,0.0,0.0,-0.36000000000000015,1.977999995946884
-8.474427,33,10510.299481,97,False,True,False,False,0.0,-10.0,0.0,0.0,-0.3300000000000001,1.8555733549594884
-8.337216,36,10528.603076,107,False,True,False,False,0.0,-10.0,0.0,0.0,-0.36000000000000015,2.02278390288353
-8.501685,32,10544.67895,96,False,True,False,False,0.0,-10.0,0.0,0.0,-0.3200000000000001,1.8183154690265657
-8.623844,30,10559.472892,89,False,True,False,False,0.0,-10.0,0.0,0.0,-0.3000000000000001,1.676155831217766
-8.648477,30,10575.776253,88,False,True,False,False,0.0,-10.0,0.0,0.0,-0.3000000000000001,1.6515226906538008
-8.705753,28,10589.360216,82,False,True,False,False,0.0,-10.0,0.0,0.0,-0.2800000000000001,1.5742468786239623
12.723843,58,10618.414994,173,True,False,False,False,10.0,0.0,0.0,0.0,-0.5800000000000003,3.3038434243202204
-8.772353,35,10636.051316,104,False,True,False,False,0.0,-10.0,0.0,0.0,-0.35000000000000014,1.5776467466354371
12.737858,59,10665.352335,175,True,False,False,False,10.0,0.0,0.0,0.0,-0.5900000000000003,3.3278584587574014
-8.469376,32,10681.446804,95,False,True,False,False,0.0,-10.0,0.0,0.0,-0.3200000000000001,1.8506238985061645
-8.866073,43,10703.602744,129,False,True,False,False,0.0,-10.0,0.0,0.0,-0.4300000000000002,1.5639267086982724
-8.723471,29,10718.466969,86,False,True,False,False,0.0,-10.0,0.0,0.0,-0.2900000000000001,1.566528882980347
-8.721883,29,10733.471155,85,False,True,False,False,0.0,-10.0,0.0,0.0,-0.2900000000000001,1.568117221593857
-8.531205,32,10749.571904,96,False,True,False,False,0.0,-10.0,0.0,0.0,-0.3200000000000001,1.788794825077057
-8.563709,32,10765.30884,96,False,True,False,False,0.0,-10.0,0.0,0.0,-0.3200000000000001,1.7562907063961033
-8.720887,29,10779.893651,86,False,True,False,False,0.0,-10.0,0.0,0.0,-0.2900000000000001,1.569112671017647
12.737169,58,10807.729323,173,True,False,False,False,10.0,0.0,0.0,0.0,-0.5800000000000003,3.317169251441955
-8.251398,38,10826.963382,113,False,True,False,False,0.0,-10.0,0.0,0.0,-0.38000000000000017,2.1286017268896105
12.743736,58,10856.645985,172,True,False,False,False,10.0,0.0,0.0,0.0,-0.5800000000000003,3.3237360686063764
-8.710999,28,10871.044244,84,False,True,False,False,0.0,-10.0,0.0,0.0,-0.2800000000000001,1.5690012675523757
-8.200525,41,10891.299113,122,False,True,False,False,0.0,-10.0,0.0,0.0,-0.4100000000000002,2.2094751465320592
-8.572512,31,10907.778004,92,False,True,False,False,0.0,-10.0,0.0,0.0,-0.3100000000000001,1.737487805485725
-8.55272,36,10926.241474,107,False,True,False,False,0.0,-10.0,0.0,0.0,-0.36000000000000015,1.8072796046733854
-8.560736,31,10942.3158,91,False,True,False,False,0.0,-10.0,0.0,0.0,-0.3100000000000001,1.749263871908188
-8.588187,33,10959.228146,97,False,True,False,False,0.0,-10.0,0.0,0.0,-0.3300000000000001,1.7418132573366163
-8.698471,29,10974.425232,85,False,True,False,False,0.0,-10.0,0.0,0.0,-0.2900000000000001,1.5915289187431334
-8.684078,29,10989.38329,86,False,True,False,False,0.0,-10.0,0.0,0.0,-0.2900000000000001,1.605922231078148
-8.708942,28,11004.100041,82,False,True,False,False,0.0,-10.0,0.0,0.0,-0.2800000000000001,1.571058294773102
-8.844022,41,11025.040136,121,False,True,False,False,0.0,-10.0,0.0,0.0,-0.4100000000000002,1.5659780621528625
-8.5799,31,11041.263619,93,False,True,False,False,0.0,-10.0,0.0,0.0,-0.3100000000000001,1.7300995194911954
-8.740051,31,11057.728279,92,False,True,False,False,0.0,-10.0,0.0,0.0,-0.3100000000000001,1.5699489784240723
-8.726471,30,11072.765103,88,False,True,False,False,0.0,-10.0,0.0,0.0,-0.3000000000000001,1.5735285788774487
-8.547989,35,11090.485042,104,False,True,False,False,0.0,-10.0,0.0,0.0,-0.35000000000000014,1.8020113903284074
-8.704202,31,11106.681225,92,False,True,False,False,0.0,-10.0,0.0,0.0,-0.3100000000000001,1.6057983273267744
-8.726106,29,11121.733092,86,False,True,False,False,0.0,-10.0,0.0,0.0,-0.2900000000000001,1.5638944798707968
-8.893463,54,11148.728581,162,False,True,False,False,0.0,-10.0,0.0,0.0,-0.5400000000000003,1.6465369766950606
12.709462,60,11178.071993,179,True,False,False,False,10.0,0.0,0.0,0.0,-0.6000000000000003,3.309461546540261
-8.546509,33,11194.671778,98,False,True,False,False,0.0,-10.0,0.0,0.0,-0.3300000000000001,1.7834909069538123
-8.46745,36,11212.915937,108,False,True,False,False,0.0,-10.0,0.0,0.0,-0.36000000000000015,1.8925498104095462
12.737468,60,11242.001072,178,True,False,False,False,10.0,0.0,0.0,0.0,-0.6000000000000003,3.337468260526658
-8.760003,32,11258.407482,94,False,True,False,False,0.0,-10.0,0.0,0.0,-0.3200000000000001,1.5599967801570898
12.731878,60,11287.847449,178,True,False,False,False,10.0,0.0,0.0,0.0,-0.6000000000000003,3.3318779063224793
-8.570905,31,11304.177982,92,False,True,False,False,0.0,-10.0,0.0,0.0,-0.3100000000000001,1.7390946418046949
-8.731877,31,11320.152854,91,False,True,False,False,0.0,-10.0,0.0,0.0,-0.3100000000000001,1.5781230139732363
-8.857486,42,11341.741565,125,False,True,False,False,0.0,-10.0,0.0,0.0,-0.4200000000000002,1.5625139236450194
12.6874,60,11371.266783,180,True,False,False,False,10.0,0.0,0.0,0.0,-0.6000000000000003,3.2873995840549464
-8.555022,36,11389.683429,106,False,True,False,False,0.0,-10.0,0.0,0.0,-0.36000000000000015,1.8049777311086654
-8.511116,33,11406.44444,98,False,True,False,False,0.0,-10.0,0.0,0.0,-0.3300000000000001,1.8188835757970805
-8.636692,30,11421.644196,90,False,True,False,False,0.0,-10.0,0.0,0.0,-0.3000000000000001,1.6633083570003506
12.706805,58,11451.123693,174,True,False,False,False,10.0,0.0,0.0,0.0,-0.5800000000000003,3.286804506778716
-8.74916,32,11467.999694,94,False,True,False,False,0.0,-10.0,0.0,0.0,-0.3200000000000001,1.570839923620224
-8.52105,34,11485.724044,100,False,True,False,False,0.0,-10.0,0.0,0.0,-0.34000000000000014,1.8189503467082981
-8.70711,28,11499.523754,83,False,True,False,False,0.0,-10.0,0.0,0.0,-0.2800000000000001,1.572890100181103
-8.461443,37,11517.925317,111,False,True,False,False,0.0,-10.0,0.0,0.0,-0.37000000000000016,1.9085570269823078
-8.571884,33,11534.629961,99,False,True,False,False,0.0,-10.0,0.0,0.0,-0.3300000000000001,1.7581160110235217
-8.36403,37,11553.107907,110,False,True,False,False,0.0,-10.0,0.0,0.0,-0.37000000000000016,2.005970258712768
-8.808254,57,11581.460194,170,False,True,False,False,0.0,-10.0,0.0,0.0,-0.5700000000000003,1.7617455601692198
-8.568818,31,11596.76715,91,False,True,False,False,0.0,-10.0,0.0,0.0,-0.3100000000000001,1.7411821252107622
-8.514432,33,11613.153734,97,False,True,False,False,0.0,-10.0,0.0,0.0,-0.3300000000000001,1.8155675506591797
-8.614492,34,11631.221156,102,False,True,False,False,0.0,-10.0,0.0,0.0,-0.34000000000000014,1.7255079352855687
12.715057,58,11660.737318,174,True,False,False,False,10.0,0.0,0.0,0.0,-0.5800000000000003,3.2950573253631585
-8.626951,38,11679.936615,112,False,True,False,False,0.0,-10.0,0.0,0.0,-0.38000000000000017,1.7530487245321276
-8.762909,34,11696.402066,100,False,True,False,False,0.0,-10.0,0.0,0.0,-0.34000000000000014,1.5770911854505543
-8.593626,34,11714.188271,101,False,True,False,False,0.0,-10.0,0.0,0.0,-0.34000000000000014,1.746374440789223
-8.75663,32,11730.652303,95,False,True,False,False,0.0,-10.0,0.0,0.0,-0.3200000000000001,1.5633699524402616
-8.744621,31,11747.12498,91,False,True,False,False,0.0,-10.0,0.0,0.0,-0.3100000000000001,1.5653792959451673
12.735794,59,11775.443274,175,True,False,False,False,10.0,0.0,0.0,0.0,-0.5900000000000003,3.325793518424034
-8.788654,35,11792.833214,103,False,True,False,False,0.0,-10.0,0.0,0.0,-0.35000000000000014,1.5613463455438614
-8.542687,34,11810.337018,101,False,True,False,False,0.0,-10.0,0.0,0.0,-0.34000000000000014,1.7973134529590602
-8.656955,39,11830.407065,115,False,True,False,False,0.0,-10.0,0.0,0.0,-0.3900000000000002,1.7330449831485746
-8.727462,30,11846.384716,89,False,True,False,False,0.0,-10.0,0.0,0.0,-0.3000000000000001,1.572538415193558
-8.69736,29,11861.755175,87,False,True,False,False,0.0,-10.0,0.0,0.0,-0.2900000000000001,1.5926397967338564
12.754179,58,11891.424285,172,True,False,False,False,10.0,0.0,0.0,0.0,-0.5800000000000003,3.334179182052612
12.552939,73,11929.873249,219,True,False,False,False,10.0,0.0,0.0,0.0,-0.7300000000000004,3.282939288616181
-8.630047,37,11949.335823,110,False,True,False,False,0.0,-10.0,0.0,0.0,-0.37000000000000016,1.739952760934829
-8.56575,36,11968.497618,108,False,True,False,False,0.0,-10.0,0.0,0.0,-0.36000000000000015,1.7942495393753057
12.565237,73,12002.809029,219,True,False,False,False,10.0,0.0,0.0,0.0,-0.7300000000000004,3.295236573815347
12.710088,60,12032.394935,179,True,False,False,False,10.0,0.0,0.0,0.0,-0.6000000000000003,3.3100875264406207
12.728671,59,12062.198073,176,True,False,False,False,10.0,0.0,0.0,0.0,-0.5900000000000003,3.318670645952226
12.723424,59,12090.49319,176,True,False,False,False,10.0,0.0,0.0,0.0,-0.5900000000000003,3.3134243905544274
-8.576486,32,12107.099226,94,False,True,False,False,0.0,-10.0,0.0,0.0,-0.3200000000000001,1.743514323830605
12.718078,61,12136.206112,181,True,False,False,False,10.0,0.0,0.0,0.0,-0.6100000000000003,3.3280781650543223
-8.618953,40,12155.25937,118,False,True,False,False,0.0,-10.0,0.0,0.0,-0.4000000000000002,1.7810468727350233
12.67212,62,12183.515577,186,True,False,False,False,10.0,0.0,0.0,0.0,-0.6200000000000003,3.2921204859018314
12.734113,58,12207.960902,173,True,False,False,False,10.0,0.0,0.0,0.0,-0.5800000000000003,3.3141133010387422
-8.842295,41,12226.494674,121,False,True,False,False,0.0,-10.0,0.0,0.0,-0.4100000000000002,1.5677049565315244
12.67328,64,12253.745916,191,True,False,False,False,10.0,0.0,0.0,0.0,-0.6400000000000003,3.313280265927315
-8.552128,37,12272.151832,109,False,True,False,False,0.0,-10.0,0.0,0.0,-0.37000000000000016,1.8178718745708462
12.684371,65,12303.96226,193,True,False,False,False,10.0,0.0,0.0,0.0,-0.6500000000000004,3.334370749592782
-8.705117,28,12318.138123,84,False,True,False,False,0.0,-10.0,0.0,0.0,-0.2800000000000001,1.5748833703994753
-8.523108,33,12334.721092,97,False,True,False,False,0.0,-10.0,0.0,0.0,-0.3300000000000001,1.8068924593925477
-8.713426,28,12348.985448,84,False,True,False,False,0.0,-10.0,0.0,0.0,-0.2800000000000001,1.5665738564729688
-8.731165,30,12363.768871,89,False,True,False,False,0.0,-10.0,0.0,0.0,-0.3000000000000001,1.5688353109359738
12.608887,69,12396.585641,207,True,False,False,False,10.0,0.0,0.0,0.0,-0.6900000000000004,3.298886586427688
-8.239491,38,12415.94078,112,False,True,False,False,0.0,-10.0,0.0,0.0,-0.38000000000000017,2.140508538484574
-8.739588,47,12438.344236,139,False,True,False,False,0.0,-10.0,0.0,0.0,-0.47000000000000025,1.730411975383759
12.60143,69,12470.202721,207,True,False,False,False,10.0,0.0,0.0,0.0,-0.6900000000000004,3.2914303135871896
12.730437,60,12499.21913,178,True,False,False,False,10.0,0.0,0.0,0.0,-0.6000000000000003,3.330436612367631
-8.610825,35,12516.949621,105,False,True,False,False,0.0,-10.0,0.0,0.0,-0.35000000000000014,1.739175480008125
-8.736386,30,12532.530919,89,False,True,False,False,0.0,-10.0,0.0,0.0,-0.3000000000000001,1.5636137294769288
12.592452,69,12564.527355,207,True,False,False,False,10.0,0.0,0.0,0.0,-0.6900000000000004,3.28245247900486
-8.668754,33,12581.33596,98,False,True,False,False,0.0,-10.0,0.0,0.0,-0.3300000000000001,1.6612461251020432
12.70091,62,12610.638675,185,True,False,False,False,10.0,0.0,0.0,0.0,-0.6200000000000003,3.3209096115827577
-8.85299,53,12637.036215,158,False,True,False,False,0.0,-10.0,0.0,0.0,-0.5300000000000002,1.677010114789009
-8.435956,37,12655.12324,109,False,True,False,False,0.0,-10.0,0.0,0.0,-0.37000000000000016,1.9340442669391629
12.695652,64,12685.93668,190,True,False,False,False,10.0,0.0,0.0,0.0,-0.6400000000000003,3.3356524473428735
-8.794662,37,12705.750744,111,False,True,False,False,0.0,-10.0,0.0,0.0,-0.37000000000000016,1.575338103175163
12.732066,60,12734.865011,178,True,False,False,False,10.0,0.0,0.0,0.0,-0.6000000000000003,3.3320663374662396
-8.693841,30,12749.434933,88,False,True,False,False,0.0,-10.0,0.0,0.0,-0.3000000000000001,1.6061586236953735
12.631407,69,12781.504398,206,True,False,False,False,10.0,0.0,0.0,0.0,-0.6900000000000004,3.3214067929983138
-8.527043,33,12797.379548,98,False,True,False,False,0.0,-10.0,0.0,0.0,-0.3300000000000001,1.802957409024239
12.573396,72,12831.034575,216,True,False,False,False,10.0,0.0,0.0,0.0,-0.7200000000000004,3.2933963418006904
-8.511585,36,12848.990045,108,False,True,False,False,0.0,-10.0,0.0,0.0,-0.36000000000000015,1.8484150338172907
-8.586711,33,12866.171842,97,False,True,False,False,0.0,-10.0,0.0,0.0,-0.3300000000000001,1.7432891577482226
-8.747559,32,12881.665593,95,False,True,False,False,0.0,-10.0,0.0,0.0,-0.3200000000000001,1.5724406933784485
-8.733582,31,12896.937229,91,False,True,False,False,0.0,-10.0,0.0,0.0,-0.3100000000000001,1.5764182007312773
-8.602316,34,12914.137761,100,False,True,False,False,0.0,-10.0,0.0,0.0,-0.34000000000000014,1.7376838582754135
-8.711276,28,12927.571726,84,False,True,False,False,0.0,-10.0,0.0,0.0,-0.2800000000000001,1.5687238019704821
-8.745815,40,12947.06996,119,False,True,False,False,0.0,-10.0,0.0,0.0,-0.4000000000000002,1.654184877276421
-8.716579,29,12962.048138,86,False,True,False,False,0.0,-10.0,0.0,0.0,-0.2900000000000001,1.573420994281769
-8.731073,30,12977.080968,88,False,True,False,False,0.0,-10.0,0.0,0.0,-0.3000000000000001,1.5689274954795838
-8.597178,33,12993.868433,99,False,True,False,False,0.0,-10.0,0.0,0.0,-0.3300000000000001,1.7328224575519562
12.59635,71,13028.302457,212,True,False,False,False,10.0,0.0,0.0,0.0,-0.7100000000000004,3.3063498097658157
-8.634314,36,13046.369052,107,False,True,False,False,0.0,-10.0,0.0,0.0,-0.36000000000000015,1.7256859999895096
-9.018234,59,13074.628097,175,False,True,False,False,0.0,-10.0,0.0,0.0,-0.5900000000000003,1.571765884757042
-8.773056,35,13092.17569,103,False,True,False,False,0.0,-10.0,0.0,0.0,-0.35000000000000014,1.5769443279504776
12.634085,67,13124.477525,200,True,False,False,False,10.0,0.0,0.0,0.0,-0.6700000000000004,3.304084953665734
-8.744561,32,13140.819043,96,False,True,False,False,0.0,-10.0,0.0,0.0,-0.3200000000000001,1.5754389947652814
-8.596339,45,13163.031376,133,False,True,False,False,0.0,-10.0,0.0,0.0,-0.45000000000000023,1.853660728335381
-8.727306,33,13178.7309,98,False,True,False,False,0.0,-10.0,0.0,0.0,-0.3300000000000001,1.6026939046382906
12.616883,69,13209.080046,206,True,False,False,False,10.0,0.0,0.0,0.0,-0.6900000000000004,3.3068832749128334
12.407747,91,13249.558697,272,True,False,False,False,10.0,0.0,0.0,0.0,-0.9100000000000006,3.3177469342947004
-8.748742,31,13264.985507,93,False,True,False,False,0.0,-10.0,0.0,0.0,-0.3100000000000001,1.5612581354379655
-8.769655,34,13280.832736,101,False,True,False,False,0.0,-10.0,0.0,0.0,-0.34000000000000014,1.5703453409671781
12.64479,69,13312.551885,205,True,False,False,False,10.0,0.0,0.0,0.0,-0.6900000000000004,3.334789785146714
12.709966,62,13339.099335,184,True,False,False,False,10.0,0.0,0.0,0.0,-0.6200000000000003,3.329965500235558
-8.250433,48,13360.689729,144,False,True,False,False,0.0,-10.0,0.0,0.0,-0.48000000000000026,2.229567112922669
-8.678873,41,13379.415132,121,False,True,False,False,0.0,-10.0,0.0,0.0,-0.4100000000000002,1.7311267989873882
-8.514967,33,13394.477288,98,False,True,False,False,0.0,-10.0,0.0,0.0,-0.3300000000000001,1.815032572746277
12.623432,67,13423.736832,201,True,False,False,False,10.0,0.0,0.0,0.0,-0.6700000000000004,3.293432072997094
12.585771,71,13456.497955,213,True,False,False,False,10.0,0.0,0.0,0.0,-0.7100000000000004,3.295771107673645
-8.660279,39,13474.557973,116,False,True,False,False,0.0,-10.0,0.0,0.0,-0.3900000000000002,1.7297209435701366
12.739691,59,13501.199631,175,True,False,False,False,10.0,0.0,0.0,0.0,-0.5900000000000003,3.3296912920475004
-8.878085,46,13521.823095,137,False,True,False,False,0.0,-10.0,0.0,0.0,-0.46000000000000024,1.581915484070777
12.718537,62,13548.496886,184,True,False,False,False,10.0,0.0,0.0,0.0,-0.6200000000000003,3.3385369026660916
-8.9195,51,13571.482784,151,False,True,False,False,0.0,-10.0,0.0,0.0,-0.5100000000000002,1.5905004006624222
-9.426931,99,13613.657883,295,False,True,False,False,0.0,-10.0,0.0,0.0,-0.9900000000000007,1.5630694195628168
12.70953,61,13639.806358,182,True,False,False,False,10.0,0.0,0.0,0.0,-0.6100000000000003,3.3195303136110303
-8.733408,30,13653.541383,89,False,True,False,False,0.0,-10.0,0.0,0.0,-0.3000000000000001,1.5665922224521638
-8.650567,44,13674.128555,132,False,True,False,False,0.0,-10.0,0.0,0.0,-0.4400000000000002,1.7894333165884013
12.570464,77,13707.548997,229,True,False,False,False,10.0,0.0,0.0,0.0,-0.7700000000000005,3.3404640591144563
-8.981663,57,13732.991816,170,False,True,False,False,0.0,-10.0,0.0,0.0,-0.5700000000000003,1.5883374112844473
-8.889424,45,13753.763104,134,False,True,False,False,0.0,-10.0,0.0,0.0,-0.45000000000000023,1.5605757755041125
-8.961255,57,13779.100669,170,False,True,False,False,0.0,-10.0,0.0,0.0,-0.5700000000000003,1.608744885027409
12.717604,62,13805.228311,184,True,False,False,False,10.0,0.0,0.0,0.0,-0.6200000000000003,3.3376042824983596
12.656066,68,13835.174704,202,True,False,False,False,10.0,0.0,0.0,0.0,-0.6800000000000004,3.336066446304321
-8.924948,52,13857.855837,155,False,True,False,False,0.0,-10.0,0.0,0.0,-0.5200000000000002,1.5950518298149108
-8.829641,39,13875.332485,115,False,True,False,False,0.0,-10.0,0.0,0.0,-0.3900000000000002,1.5603592422604562
12.689783,61,13902.779946,183,True,False,False,False,10.0,0.0,0.0,0.0,-0.6100000000000003,3.2997831732034686
12.646731,64,13931.011442,192,True,False,False,False,10.0,0.0,0.0,0.0,-0.6400000000000003,3.286731393933296
-9.159735,73,13963.830806,219,False,True,False,False,0.0,-10.0,0.0,0.0,-0.7300000000000004,1.570265476405621
-9.015172,60,13991.019733,178,False,True,False,False,0.0,-10.0,0.0,0.0,-0.6000000000000003,1.5848283466696738
-8.58589,31,14006.213165,92,False,True,False,False,0.0,-10.0,0.0,0.0,-0.3100000000000001,1.7241101807355883
12.674386,61,14033.396341,183,True,False,False,False,10.0,0.0,0.0,0.0,-0.6100000000000003,3.284385941624641
-8.635626,37,14051.003995,110,False,True,False,False,0.0,-10.0,0.0,0.0,-0.37000000000000016,1.734374039769173
-8.61806,34,14066.312804,100,False,True,False,False,0.0,-10.0,0.0,0.0,-0.34000000000000014,1.7219400399923326
12.629109,69,14095.176167,206,True,False,False,False,10.0,0.0,0.0,0.0,-0.6900000000000004,3.3191085588932054
12.685231,63,14123.058418,188,True,False,False,False,10.0,0.0,0.0,0.0,-0.6300000000000003,3.315231007337571
-8.823557,39,14141.493971,115,False,True,False,False,0.0,-10.0,0.0,0.0,-0.3900000000000002,1.5664427903294564
12.586676,70,14171.996751,210,True,False,False,False,10.0,0.0,0.0,0.0,-0.7000000000000004,3.2866762536764145
12.713503,61,14199.154447,181,True,False,False,False,10.0,0.0,0.0,0.0,-0.6100000000000003,3.3235033017396924
-8.780048,44,14218.836898,130,False,True,False,False,0.0,-10.0,0.0,0.0,-0.4400000000000002,1.6599521732330322
-8.864908,48,14240.13574,143,False,True,False,False,0.0,-10.0,0.0,0.0,-0.48000000000000026,1.6150922781229022
12.474714,86,14277.704318,256,True,False,False,False,10.0,0.0,0.0,0.0,-0.8600000000000005,3.33471364080906
12.564696,77,14312.234461,229,True,False,False,False,10.0,0.0,0.0,0.0,-0.7700000000000005,3.3346961653232574
-8.799551,36,14329.852597,108,False,True,False,False,0.0,-10.0,0.0,0.0,-0.36000000000000015,1.5604490113258362
12.51528,82,14365.651175,244,True,False,False,False,10.0,0.0,0.0,0.0,-0.8200000000000005,3.3352799540758133
12.574687,74,14399.114077,221,True,False,False,False,10.0,0.0,0.0,0.0,-0.7400000000000004,3.314686740636824
-8.918173,52,14423.791569,155,False,True,False,False,0.0,-10.0,0.0,0.0,-0.5200000000000002,1.6018265247344965
-8.681129,35,14440.472811,105,False,True,False,False,0.0,-10.0,0.0,0.0,-0.35000000000000014,1.6688710984587671
-8.824795,42,14459.64438,125,False,True,False,False,0.0,-10.0,0.0,0.0,-0.4200000000000002,1.5952052056789405
-8.918663,48,14480.898796,142,False,True,False,False,0.0,-10.0,0.0,0.0,-0.48000000000000026,1.5613372012972835
