#{"t_start": 1790702659.341354, "env_id": "None"}
r,l,t,raw_simulation_steps,is_success,collision,off_route,max_time,reward_success,reward_collision,reward_off_route,reward_timeout,reward_step_cost,reward_progress
12.298675,104,14.407468,310,True,False,False,False,10.0,0.0,0.0,0.0,-1.0400000000000007,3.33867475092411
12.261975,104,25.450486,311,True,False,False,False,10.0,0.0,0.0,0.0,-1.0400000000000007,3.301975062489509
-10.204436,170,43.241892,508,False,True,False,False,0.0,-10.0,0.0,0.0,-1.7000000000000013,1.4955641016364105
12.243387,107,52.906024,321,True,False,False,False,10.0,0.0,0.0,0.0,-1.0700000000000007,3.3133866891264914
-9.230948,85,60.089799,255,False,True,False,False,0.0,-10.0,0.0,0.0,-0.8500000000000005,1.6190521550178532
-8.854744,71,66.489114,212,False,True,False,False,0.0,-10.0,0.0,0.0,-0.7100000000000004,1.8552560299634933
-8.920646,73,72.859293,218,False,True,False,False,0.0,-10.0,0.0,0.0,-0.7300000000000004,1.8093540573120122
-8.832005,60,78.274643,179,False,True,False,False,0.0,-10.0,0.0,0.0,-0.6000000000000003,1.7679950559139253
-9.020064,75,84.568486,224,False,True,False,False,0.0,-10.0,0.0,0.0,-0.7500000000000004,1.7299355393648146
-9.697627,133,95.985595,397,False,True,False,False,0.0,-10.0,0.0,0.0,-1.330000000000001,1.6323729947209362
-9.131907,64,101.523196,192,False,True,False,False,0.0,-10.0,0.0,0.0,-0.6400000000000003,1.5080925685167315
-8.953541,58,106.915535,173,False,True,False,False,0.0,-10.0,0.0,0.0,-0.5800000000000003,1.626459376215935
-9.501278,116,116.384296,348,False,True,False,False,0.0,-10.0,0.0,0.0,-1.1600000000000008,1.6587215584516521
-9.305953,81,123.511884,241,False,True,False,False,0.0,-10.0,0.0,0.0,-0.8100000000000005,1.504047074913978
-9.387865,124,133.891136,372,False,True,False,False,0.0,-10.0,0.0,0.0,-1.2400000000000009,1.8521350282430646
-8.752984,60,138.974081,179,False,True,False,False,0.0,-10.0,0.0,0.0,-0.6000000000000003,1.8470161843299866
-8.853837,76,145.56119,227,False,True,False,False,0.0,-10.0,0.0,0.0,-0.7600000000000005,1.9061632046103476
-8.938629,63,151.072246,187,False,True,False,False,0.0,-10.0,0.0,0.0,-0.6300000000000003,1.6913707232475272
12.180335,116,200.618846,346,True,False,False,False,10.0,0.0,0.0,0.0,-1.1600000000000008,3.340334748327733
-8.86343,51,235.300458,153,False,True,False,False,0.0,-10.0,0.0,0.0,-0.5100000000000002,1.646570432186127
-9.280974,91,297.320469,273,False,True,False,False,0.0,-10.0,0.0,0.0,-0.9100000000000006,1.6290264564752577
-8.869242,62,339.604492,186,False,True,False,False,0.0,-10.0,0.0,0.0,-0.6200000000000003,1.7507581153511995
-8.99773,56,377.387975,167,False,True,False,False,0.0,-10.0,0.0,0.0,-0.5600000000000003,1.562270464897156
-9.733898,131,466.327655,392,False,True,False,False,0.0,-10.0,0.0,0.0,-1.310000000000001,1.5761023923754693
-5.6,200,609.962928,600,False,False,False,True,0.0,0.0,0.0,-5.0,-2.0000000000000013,1.4
-5.6,200,745.571935,600,False,False,False,True,0.0,0.0,0.0,-5.0,-2.0000000000000013,1.4000000000000001
-9.456465,96,809.290812,288,False,True,False,False,0.0,-10.0,0.0,0.0,-0.9600000000000006,1.5035350513458259
-9.415453,103,879.759509,307,False,True,False,False,0.0,-10.0,0.0,0.0,-1.0300000000000007,1.614547330737115
-9.292858,86,937.311773,256,False,True,False,False,0.0,-10.0,0.0,0.0,-0.8600000000000005,1.567141762375832
-5.6,200,1072.217283,600,False,False,False,True,0.0,0.0,0.0,-5.0,-2.0000000000000013,1.4
-8.787893,64,1116.143948,191,False,True,False,False,0.0,-10.0,0.0,0.0,-0.6400000000000003,1.8521065235137941
-9.129765,78,1168.813968,233,False,True,False,False,0.0,-10.0,0.0,0.0,-0.7800000000000005,1.650235180854798
-8.909767,62,1215.584169,185,False,True,False,False,0.0,-10.0,0.0,0.0,-0.6200000000000003,1.710233436226845
-9.371559,97,1290.082338,289,False,True,False,False,0.0,-10.0,0.0,0.0,-0.9700000000000006,1.5984412819147114
-9.095131,70,1338.844573,209,False,True,False,False,0.0,-10.0,0.0,0.0,-0.7000000000000004,1.6048685514926906
-9.180663,103,1409.894532,308,False,True,False,False,0.0,-10.0,0.0,0.0,-1.0300000000000007,1.8493367838859558
-9.305611,102,1481.657069,305,False,True,False,False,0.0,-10.0,0.0,0.0,-1.0200000000000007,1.714389294683933
-9.418769,124,1568.618022,372,False,True,False,False,0.0,-10.0,0.0,0.0,-1.2400000000000009,1.821230798959732
12.268344,106,1644.67156,316,True,False,False,False,10.0,0.0,0.0,0.0,-1.0600000000000007,3.328343740105629
-5.595828,200,1790.589506,600,False,False,False,True,0.0,0.0,0.0,-5.0,-2.0000000000000013,1.4041716307401657
-8.97601,69,1847.09984,207,False,True,False,False,0.0,-10.0,0.0,0.0,-0.6900000000000004,1.7139896383881565
-9.418087,106,1931.807279,317,False,True,False,False,0.0,-10.0,0.0,0.0,-1.0600000000000007,1.6419130945205689
-9.197292,90,2004.645226,270,False,True,False,False,0.0,-10.0,0.0,0.0,-0.9000000000000006,1.702707972824573
-9.000931,60,2053.398206,180,False,True,False,False,0.0,-10.0,0.0,0.0,-0.6000000000000003,1.5990691915154458
-9.242679,101,2142.546727,303,False,True,False,False,0.0,-10.0,0.0,0.0,-1.0100000000000007,1.767321094274521
-9.29956,90,2226.068306,269,False,True,False,False,0.0,-10.0,0.0,0.0,-0.9000000000000006,1.6004395341873165
-8.849731,55,2279.986907,163,False,True,False,False,0.0,-10.0,0.0,0.0,-0.5500000000000003,1.7002692979574199
-9.092529,65,2339.233897,195,False,True,False,False,0.0,-10.0,0.0,0.0,-0.6500000000000004,1.5574711143970488
11.783716,154,2481.870762,461,True,False,False,False,10.0,0.0,0.0,0.0,-1.5400000000000011,3.3237159445881863
-8.889492,47,2523.701555,141,False,True,False,False,0.0,-10.0,0.0,0.0,-0.47000000000000025,1.580507673025131
-9.183477,81,2595.520203,243,False,True,False,False,0.0,-10.0,0.0,0.0,-0.8100000000000005,1.6265230625867844
-8.939271,81,2663.623644,242,False,True,False,False,0.0,-10.0,0.0,0.0,-0.8100000000000005,1.8707289779186247
12.350338,97,2735.554158,290,True,False,False,False,10.0,0.0,0.0,0.0,-0.9700000000000006,3.320338276624679
-9.078666,64,2787.9733,190,False,True,False,False,0.0,-10.0,0.0,0.0,-0.6400000000000003,1.561334400177002
12.227075,109,2877.013606,326,True,False,False,False,10.0,0.0,0.0,0.0,-1.0900000000000007,3.3170748135447488
-9.078617,74,2936.728279,220,False,True,False,False,0.0,-10.0,0.0,0.0,-0.7400000000000004,1.661382769942284
-9.004548,79,3003.46926,236,False,True,False,False,0.0,-10.0,0.0,0.0,-0.7900000000000005,1.7854516315460207
-8.851486,52,3048.295004,155,False,True,False,False,0.0,-10.0,0.0,0.0,-0.5200000000000002,1.6685136902332303
12.387808,93,3120.390474,278,True,False,False,False,10.0,0.0,0.0,0.0,-0.9300000000000006,3.3178082394599913
-8.941973,57,3162.028577,169,False,True,False,False,0.0,-10.0,0.0,0.0,-0.5700000000000003,1.628026876449585
-8.980104,57,3202.865267,170,False,True,False,False,0.0,-10.0,0.0,0.0,-0.5700000000000003,1.5898961198329924
-8.777087,49,3237.963172,147,False,True,False,False,0.0,-10.0,0.0,0.0,-0.49000000000000027,1.7129131466150287
-8.880857,56,3275.813533,168,False,True,False,False,0.0,-10.0,0.0,0.0,-0.5600000000000003,1.6791433840990069
-8.817312,60,3317.994171,179,False,True,False,False,0.0,-10.0,0.0,0.0,-0.6000000000000003,1.782688261270523
-8.820699,55,3359.285499,163,False,True,False,False,0.0,-10.0,0.0,0.0,-0.5500000000000003,1.7293007850646973
12.322563,101,3426.614097,301,True,False,False,False,10.0,0.0,0.0,0.0,-1.0100000000000007,3.3325629451870924
12.426712,90,3478.924985,268,True,False,False,False,10.0,0.0,0.0,0.0,-0.9000000000000006,3.326712499856948
12.339549,98,3536.182971,293,True,False,False,False,10.0,0.0,0.0,0.0,-0.9800000000000006,3.3195493590831755
-8.906312,60,3571.193901,180,False,True,False,False,0.0,-10.0,0.0,0.0,-0.6000000000000003,1.693687927722931
12.46112,86,3634.875708,257,True,False,False,False,10.0,0.0,0.0,0.0,-0.8600000000000005,3.32111995458603
-9.064726,71,3686.370493,211,False,True,False,False,0.0,-10.0,0.0,0.0,-0.7100000000000004,1.6452735638618468
-8.984837,62,3726.616853,184,False,True,False,False,0.0,-10.0,0.0,0.0,-0.6200000000000003,1.635163173377514
-9.339479,91,3783.555913,272,False,True,False,False,0.0,-10.0,0.0,0.0,-0.9100000000000006,1.570521182417869
12.267095,105,3850.185817,314,True,False,False,False,10.0,0.0,0.0,0.0,-1.0500000000000007,3.31709523677826
12.141734,115,3923.585138,345,True,False,False,False,10.0,0.0,0.0,0.0,-1.1500000000000008,3.2917344182729735
-8.907428,69,3967.831275,205,False,True,False,False,0.0,-10.0,0.0,0.0,-0.6900000000000004,1.7825717878341674
-8.950852,73,4014.168492,218,False,True,False,False,0.0,-10.0,0.0,0.0,-0.7300000000000004,1.779147783815861
-9.106975,69,4061.426208,206,False,True,False,False,0.0,-10.0,0.0,0.0,-0.6900000000000004,1.5830252212285991
-9.174203,73,4114.724055,218,False,True,False,False,0.0,-10.0,0.0,0.0,-0.7300000000000004,1.55579747736454
-8.925751,70,4172.921398,209,False,True,False,False,0.0,-10.0,0.0,0.0,-0.7000000000000004,1.7742492914199839
-9.108137,71,4221.746593,211,False,True,False,False,0.0,-10.0,0.0,0.0,-0.7100000000000004,1.601862501502037
-9.002026,60,4262.753989,179,False,True,False,False,0.0,-10.0,0.0,0.0,-0.6000000000000003,1.597973530590534
12.172334,116,4348.013267,346,True,False,False,False,10.0,0.0,0.0,0.0,-1.1600000000000008,3.332334226965904
12.271665,104,4427.711528,312,True,False,False,False,10.0,0.0,0.0,0.0,-1.0400000000000007,3.3116649127006523
-9.046522,79,4485.468162,235,False,True,False,False,0.0,-10.0,0.0,0.0,-0.7900000000000005,1.7434776794910434
-9.029936,74,4535.86325,222,False,True,False,False,0.0,-10.0,0.0,0.0,-0.7400000000000004,1.7100639295578004
12.358769,95,4592.219596,284,True,False,False,False,10.0,0.0,0.0,0.0,-0.9500000000000006,3.3087693685293202
-9.23641,78,4638.506018,232,False,True,False,False,0.0,-10.0,0.0,0.0,-0.7800000000000005,1.5435895478725432
-9.20753,82,4689.143277,245,False,True,False,False,0.0,-10.0,0.0,0.0,-0.8200000000000005,1.6124698626995084
-9.145425,66,4740.543063,198,False,True,False,False,0.0,-10.0,0.0,0.0,-0.6600000000000004,1.514575190246105
-9.244868,83,4806.660987,249,False,True,False,False,0.0,-10.0,0.0,0.0,-0.8300000000000005,1.5851320379972458
-9.113897,80,4870.476596,238,False,True,False,False,0.0,-10.0,0.0,0.0,-0.8000000000000005,1.6861031341552735
12.357336,96,4950.987254,287,True,False,False,False,10.0,0.0,0.0,0.0,-0.9600000000000006,3.317335733771324
-8.933313,73,5010.127058,219,False,True,False,False,0.0,-10.0,0.0,0.0,-0.7300000000000004,1.7966870576143268
-9.147084,80,5079.118517,240,False,True,False,False,0.0,-10.0,0.0,0.0,-0.8000000000000005,1.6529162809252733
-8.96863,72,5141.018963,216,False,True,False,False,0.0,-10.0,0.0,0.0,-0.7200000000000004,1.7513704782724366
12.274291,102,5224.426982,306,True,False,False,False,10.0,0.0,0.0,0.0,-1.0200000000000007,3.294290819168091
-8.8913,52,5268.666196,156,False,True,False,False,0.0,-10.0,0.0,0.0,-0.5200000000000002,1.6287001559138297
-8.779143,59,5317.851721,176,False,True,False,False,0.0,-10.0,0.0,0.0,-0.5900000000000003,1.8108571466803551
-9.067301,61,5370.978729,181,False,True,False,False,0.0,-10.0,0.0,0.0,-0.6100000000000003,1.5426993641257285
-8.997375,53,5421.161413,158,False,True,False,False,0.0,-10.0,0.0,0.0,-0.5300000000000002,1.5326248475909239
12.305236,103,5512.947448,307,True,False,False,False,10.0,0.0,0.0,0.0,-1.0300000000000007,3.335236433148385
-9.52098,120,5611.976255,358,False,True,False,False,0.0,-10.0,0.0,0.0,-1.2000000000000008,1.6790197020769124
-9.046352,60,5669.165764,179,False,True,False,False,0.0,-10.0,0.0,0.0,-0.6000000000000003,1.553647735118866
-8.918703,64,5726.496969,190,False,True,False,False,0.0,-10.0,0.0,0.0,-0.6400000000000003,1.7212967172265052
-8.938237,64,5782.906684,190,False,True,False,False,0.0,-10.0,0.0,0.0,-0.6400000000000003,1.7017627972364424
-9.139826,65,5840.0003,195,False,True,False,False,0.0,-10.0,0.0,0.0,-0.6500000000000004,1.5101744204759597
12.397347,90,5919.077367,270,True,False,False,False,10.0,0.0,0.0,0.0,-0.9000000000000006,3.2973468220233917
-8.993061,66,5976.54341,198,False,True,False,False,0.0,-10.0,0.0,0.0,-0.6600000000000004,1.6669393688440326
-9.039476,67,6034.417684,201,False,True,False,False,0.0,-10.0,0.0,0.0,-0.6700000000000004,1.6305242818593972
11.483762,183,6183.172573,548,True,False,False,False,10.0,0.0,0.0,0.0,-1.8300000000000014,3.3137617456912993
-9.206199,73,6244.614398,219,False,True,False,False,0.0,-10.0,0.0,0.0,-0.7300000000000004,1.5238008585572245
-9.103671,82,6319.826396,245,False,True,False,False,0.0,-10.0,0.0,0.0,-0.8200000000000005,1.7163294455409053
-9.986462,153,6452.772081,457,False,True,False,False,0.0,-10.0,0.0,0.0,-1.5300000000000011,1.5435382983088486
-9.048741,78,6518.651379,233,False,True,False,False,0.0,-10.0,0.0,0.0,-0.7800000000000005,1.7312590831518175
-8.997375,64,6571.347277,191,False,True,False,False,0.0,-10.0,0.0,0.0,-0.6400000000000003,1.6426253601908685
-9.30878,85,6645.787231,253,False,True,False,False,0.0,-10.0,0.0,0.0,-0.8500000000000005,1.54121985077858
-8.923505,63,6703.434517,187,False,True,False,False,0.0,-10.0,0.0,0.0,-0.6300000000000003,1.7064951345324515
-9.066064,61,6750.048128,182,False,True,False,False,0.0,-10.0,0.0,0.0,-0.6100000000000003,1.5439362046122558
-9.51369,112,6849.540897,336,False,True,False,False,0.0,-10.0,0.0,0.0,-1.1200000000000008,1.6063103941082957
-10.107229,170,6995.861866,510,False,True,False,False,0.0,-10.0,0.0,0.0,-1.7000000000000013,1.592770545780658
-8.934349,74,7064.278189,221,False,True,False,False,0.0,-10.0,0.0,0.0,-0.7400000000000004,1.8056511300802227
-9.719477,154,7205.811724,461,False,True,False,False,0.0,-10.0,0.0,0.0,-1.5400000000000011,1.820522613227368
-9.294995,93,7279.737138,278,False,True,False,False,0.0,-10.0,0.0,0.0,-0.9300000000000006,1.6350047001242634
-9.089724,62,7338.436716,186,False,True,False,False,0.0,-10.0,0.0,0.0,-0.6200000000000003,1.5302756392955783
-10.117427,167,7513.70394,499,False,True,False,False,0.0,-10.0,0.0,0.0,-1.6700000000000013,1.552572858035564
-9.021833,67,7591.82258,201,False,True,False,False,0.0,-10.0,0.0,0.0,-0.6700000000000004,1.6481666883826258
-9.503061,113,7708.681753,338,False,True,False,False,0.0,-10.0,0.0,0.0,-1.1300000000000008,1.6269389003515242
-5.6,200,7912.63779,600,False,False,False,True,0.0,0.0,0.0,-5.0,-2.0000000000000013,1.4
-9.06195,59,7973.319084,177,False,True,False,False,0.0,-10.0,0.0,0.0,-0.5900000000000003,1.528049611151218
-9.094656,80,8058.110969,240,False,True,False,False,0.0,-10.0,0.0,0.0,-0.8000000000000005,1.705343669950962
-8.796908,62,8125.010463,185,False,True,False,False,0.0,-10.0,0.0,0.0,-0.6200000000000003,1.823091689944267
-9.142292,81,8213.884993,243,False,True,False,False,0.0,-10.0,0.0,0.0,-0.8100000000000005,1.6677078381180768
-9.36085,100,8329.212779,300,False,True,False,False,0.0,-10.0,0.0,0.0,-1.0000000000000007,1.639150384068489
12.338503,95,8424.640142,285,True,False,False,False,10.0,0.0,0.0,0.0,-0.9500000000000006,3.288503345847131
-9.112917,69,8509.810116,207,False,True,False,False,0.0,-10.0,0.0,0.0,-0.6900000000000004,1.5770827424526217
12.513889,79,8595.571646,236,True,False,False,False,10.0,0.0,0.0,0.0,-0.7900000000000005,3.3038893353939054
-9.073881,69,8667.942334,207,False,True,False,False,0.0,-10.0,0.0,0.0,-0.6900000000000004,1.6161194071173661
-9.1777,72,8735.112017,214,False,True,False,False,0.0,-10.0,0.0,0.0,-0.7200000000000004,1.5423003059625633
-8.962359,47,8779.598825,141,False,True,False,False,0.0,-10.0,0.0,0.0,-0.47000000000000025,1.507641018927097
-5.6,200,8963.089038,600,False,False,False,True,0.0,0.0,0.0,-5.0,-2.0000000000000013,1.4
-9.0555,65,9026.629726,193,False,True,False,False,0.0,-10.0,0.0,0.0,-0.6500000000000004,1.5944999641180038
-9.713031,123,9141.855531,369,False,True,False,False,0.0,-10.0,0.0,0.0,-1.2300000000000009,1.5169689270854008
-8.943152,54,9196.728665,162,False,True,False,False,0.0,-10.0,0.0,0.0,-0.5400000000000003,1.5968478089571
-8.928669,73,9272.548572,218,False,True,False,False,0.0,-10.0,0.0,0.0,-0.7300000000000004,1.801331336796284
-9.08237,71,9339.659672,212,False,True,False,False,0.0,-10.0,0.0,0.0,-0.7100000000000004,1.6276301908493038
-9.269535,79,9413.406775,236,False,True,False,False,0.0,-10.0,0.0,0.0,-0.7900000000000005,1.520465023517608
-8.734702,54,9464.714144,160,False,True,False,False,0.0,-10.0,0.0,0.0,-0.5400000000000003,1.8052980861067771
12.259641,106,9555.471563,317,True,False,False,False,10.0,0.0,0.0,0.0,-1.0600000000000007,3.3196411901712417
-8.798089,57,9605.090875,171,False,True,False,False,0.0,-10.0,0.0,0.0,-0.5700000000000003,1.771910541653633
-9.172503,70,9665.437958,208,False,True,False,False,0.0,-10.0,0.0,0.0,-0.7000000000000004,1.5274965006113048
-9.292017,86,9740.194665,257,False,True,False,False,0.0,-10.0,0.0,0.0,-0.8600000000000005,1.5679826933145518
-8.829305,46,9780.581715,136,False,True,False,False,0.0,-10.0,0.0,0.0,-0.46000000000000024,1.63069516569376
-9.132819,72,9841.977079,216,False,True,False,False,0.0,-10.0,0.0,0.0,-0.7200000000000004,1.587180964648724
-9.027853,59,9893.830647,176,False,True,False,False,0.0,-10.0,0.0,0.0,-0.5900000000000003,1.562146700322628
12.665471,64,9950.247164,191,True,False,False,False,10.0,0.0,0.0,0.0,-0.6400000000000003,3.3054707950353626
12.700582,63,10002.827829,187,True,False,False,False,10.0,0.0,0.0,0.0,-0.6300000000000003,3.330582458972931
12.670267,63,10054.977281,189,True,False,False,False,10.0,0.0,0.0,0.0,-0.6300000000000003,3.300266842842102
12.669105,66,10113.193605,196,True,False,False,False,10.0,0.0,0.0,0.0,-0.6600000000000004,3.3291054075956334
-8.848863,37,10143.315025,110,False,True,False,False,0.0,-10.0,0.0,0.0,-0.37000000000000016,1.5211366224288942
-8.677723,39,10175.561342,115,False,True,False,False,0.0,-10.0,0.0,0.0,-0.3900000000000002,1.7122772115468978
-8.658635,37,10209.56077,110,False,True,False,False,0.0,-10.0,0.0,0.0,-0.37000000000000016,1.711365406215191
-8.718543,50,10250.830274,149,False,True,False,False,0.0,-10.0,0.0,0.0,-0.5000000000000002,1.7814572247862817
-8.810857,36,10279.45552,107,False,True,False,False,0.0,-10.0,0.0,0.0,-0.36000000000000015,1.5491427567601206
12.611494,68,10332.861183,204,True,False,False,False,10.0,0.0,0.0,0.0,-0.6800000000000004,3.291493800878525
-8.740072,34,10361.297503,100,False,True,False,False,0.0,-10.0,0.0,0.0,-0.34000000000000014,1.5999280670285225
-8.82014,38,10394.043942,114,False,True,False,False,0.0,-10.0,0.0,0.0,-0.38000000000000017,1.5598599112033844
-8.635353,34,10424.259054,101,False,True,False,False,0.0,-10.0,0.0,0.0,-0.34000000000000014,1.704646684527397
-8.496184,37,10455.850689,111,False,True,False,False,0.0,-10.0,0.0,0.0,-0.37000000000000016,1.8738157951831818
-8.674135,54,10504.573348,161,False,True,False,False,0.0,-10.0,0.0,0.0,-0.5400000000000003,1.8658645749092106
-8.730135,39,10538.271077,115,False,True,False,False,0.0,-10.0,0.0,0.0,-0.3900000000000002,1.65986508756876
-8.743134,35,10568.642828,103,False,True,False,False,0.0,-10.0,0.0,0.0,-0.35000000000000014,1.6068655073642735
12.540222,79,10631.532469,235,True,False,False,False,10.0,0.0,0.0,0.0,-0.7900000000000005,3.3302215915918336
12.720499,60,10685.429546,179,True,False,False,False,10.0,0.0,0.0,0.0,-0.6000000000000003,3.3204989647865295
12.718078,61,10735.072414,181,True,False,False,False,10.0,0.0,0.0,0.0,-0.6100000000000003,3.328077867031098
12.677911,62,10785.482461,186,True,False,False,False,10.0,0.0,0.0,0.0,-0.6200000000000003,3.2979107099771507
-8.822139,32,10812.522969,96,False,True,False,False,0.0,-10.0,0.0,0.0,-0.3200000000000001,1.4978611594438553
-8.790332,35,10842.299058,103,False,True,False,False,0.0,-10.0,0.0,0.0,-0.35000000000000014,1.5596682369709016
-8.744798,34,10871.748702,102,False,True,False,False,0.0,-10.0,0.0,0.0,-0.34000000000000014,1.5952022331953049
12.590168,75,10932.124063,223,True,False,False,False,10.0,0.0,0.0,0.0,-0.7500000000000004,3.3401680451631557
12.713526,61,10982.712867,181,True,False,False,False,10.0,0.0,0.0,0.0,-0.6100000000000003,3.32352550983429
-8.858577,37,11013.197278,109,False,True,False,False,0.0,-10.0,0.0,0.0,-0.37000000000000016,1.5114225387573244
-8.832424,41,11045.631043,121,False,True,False,False,0.0,-10.0,0.0,0.0,-0.4100000000000002,1.5775759363174437
-8.836735,41,11078.116781,121,False,True,False,False,0.0,-10.0,0.0,0.0,-0.4100000000000002,1.5732650083303452
-8.886373,49,11113.477218,145,False,True,False,False,0.0,-10.0,0.0,0.0,-0.49000000000000027,1.6036266604065899
12.741605,59,11153.236101,175,True,False,False,False,10.0,0.0,0.0,0.0,-0.5900000000000003,3.3316048824787146
-8.764795,31,11175.989269,93,False,True,False,False,0.0,-10.0,0.0,0.0,-0.3100000000000001,1.5452052372694016
-8.703474,33,11200.460656,98,False,True,False,False,0.0,-10.0,0.0,0.0,-0.3300000000000001,1.626526019275188
-8.56633,40,11232.861698,118,False,True,False,False,0.0,-10.0,0.0,0.0,-0.4000000000000002,1.833670462369919
-8.692834,34,11259.341495,100,False,True,False,False,0.0,-10.0,0.0,0.0,-0.34000000000000014,1.6471660307049756
12.727238,61,11315.149099,181,True,False,False,False,10.0,0.0,0.0,0.0,-0.6100000000000003,3.3372380924224863
-8.795549,32,11350.755284,96,False,True,False,False,0.0,-10.0,0.0,0.0,-0.3200000000000001,1.5244509971141817
-8.794648,43,11399.948404,129,False,True,False,False,0.0,-10.0,0.0,0.0,-0.4300000000000002,1.6353515505790708
-8.804883,32,11446.730109,94,False,True,False,False,0.0,-10.0,0.0,0.0,-0.3200000000000001,1.5151168954372403
12.573028,74,11546.852109,221,True,False,False,False,10.0,0.0,0.0,0.0,-0.7400000000000004,3.313027878403663
12.692918,62,11639.92543,185,True,False,False,False,10.0,0.0,0.0,0.0,-0.6200000000000003,3.312917973399163
-8.549519,40,11688.988168,118,False,True,False,False,0.0,-10.0,0.0,0.0,-0.4000000000000002,1.8504813289642337
-8.874521,38,11723.890192,113,False,True,False,False,0.0,-10.0,0.0,0.0,-0.38000000000000017,1.5054786139726635
12.708935,58,11773.10227,174,True,False,False,False,10.0,0.0,0.0,0.0,-0.5800000000000003,3.288934834003449
-8.845265,36,11812.555977,107,False,True,False,False,0.0,-10.0,0.0,0.0,-0.36000000000000015,1.514734970927238
-8.608206,32,11849.597617,96,False,True,False,False,0.0,-10.0,0.0,0.0,-0.3200000000000001,1.7117935013771057
-8.469065,34,11888.962211,100,False,True,False,False,0.0,-10.0,0.0,0.0,-0.34000000000000014,1.8709351205825808
-8.861857,38,11925.567636,113,False,True,False,False,0.0,-10.0,0.0,0.0,-0.38000000000000017,1.5181429392099384
12.675673,66,11982.834969,196,True,False,False,False,10.0,0.0,0.0,0.0,-0.6600000000000004,3.335673034787179
12.734535,59,12045.610397,175,True,False,False,False,10.0,0.0,0.0,0.0,-0.5900000000000003,3.32453482747078
-8.756394,32,12086.526076,94,False,True,False,False,0.0,-10.0,0.0,0.0,-0.3200000000000001,1.5636064988374716
-8.767566,28,12116.517837,83,False,True,False,False,0.0,-10.0,0.0,0.0,-0.2800000000000001,1.5124341917037964
-8.646933,35,12152.308306,103,False,True,False,False,0.0,-10.0,0.0,0.0,-0.35000000000000014,1.7030668592453002
12.716829,58,12212.258214,174,True,False,False,False,10.0,0.0,0.0,0.0,-0.5800000000000003,3.2968294930458066
-8.591225,33,12247.994627,99,False,True,False,False,0.0,-10.0,0.0,0.0,-0.3300000000000001,1.7387752276659012
-8.812012,31,12284.275932,93,False,True,False,False,0.0,-10.0,0.0,0.0,-0.3100000000000001,1.4979880610108374
-8.793094,29,12316.173199,87,False,True,False,False,0.0,-10.0,0.0,0.0,-0.2900000000000001,1.496905935108662
-8.753925,32,12349.457053,96,False,True,False,False,0.0,-10.0,0.0,0.0,-0.3200000000000001,1.5660748434066774
12.690503,60,12413.700179,180,True,False,False,False,10.0,0.0,0.0,0.0,-0.6000000000000003,3.2905032014846793
-8.79735,44,12459.238288,130,False,True,False,False,0.0,-10.0,0.0,0.0,-0.4400000000000002,1.6426499098539353
-8.452528,33,12492.277695,98,False,True,False,False,0.0,-10.0,0.0,0.0,-0.3300000000000001,1.8774721044301987
-8.717505,33,12525.972337,99,False,True,False,False,0.0,-10.0,0.0,0.0,-0.3300000000000001,1.6124947458505634
-8.729489,30,12556.665379,90,False,True,False,False,0.0,-10.0,0.0,0.0,-0.3000000000000001,1.5705105882883073
-8.649013,29,12586.310532,86,False,True,False,False,0.0,-10.0,0.0,0.0,-0.2900000000000001,1.6409865581989287
-8.716664,28,12614.75372,83,False,True,False,False,0.0,-10.0,0.0,0.0,-0.2800000000000001,1.5633362442255025
-8.773519,28,12643.136623,82,False,True,False,False,0.0,-10.0,0.0,0.0,-0.2800000000000001,1.5064812743663782
12.749241,59,12701.418786,175,True,False,False,False,10.0,0.0,0.0,0.0,-0.5900000000000003,3.3392407584190376
-8.711906,29,12730.439831,87,False,True,False,False,0.0,-10.0,0.0,0.0,-0.2900000000000001,1.5780938571691516
-8.592626,33,12763.852731,97,False,True,False,False,0.0,-10.0,0.0,0.0,-0.3300000000000001,1.7373741087317471
12.725909,60,12823.287972,178,True,False,False,False,10.0,0.0,0.0,0.0,-0.6000000000000003,3.3259090769290913
12.678643,65,12887.153976,193,True,False,False,False,10.0,0.0,0.0,0.0,-0.6500000000000004,3.3286429727077484
12.730121,58,12944.390733,173,True,False,False,False,10.0,0.0,0.0,0.0,-0.5800000000000003,3.310121093392371
-8.60786,33,12977.673052,99,False,True,False,False,0.0,-10.0,0.0,0.0,-0.3300000000000001,1.7221404236555096
12.709276,58,13035.628709,174,True,False,False,False,10.0,0.0,0.0,0.0,-0.5800000000000003,3.2892757332324982
12.698211,60,13095.187869,180,True,False,False,False,10.0,0.0,0.0,0.0,-0.6000000000000003,3.298211287856101
-8.591772,30,13125.668625,88,False,True,False,False,0.0,-10.0,0.0,0.0,-0.3000000000000001,1.7082276004552843
12.743846,58,13182.512206,172,True,False,False,False,10.0,0.0,0.0,0.0,-0.5800000000000003,3.3238459897041315
12.617478,67,13248.305664,201,True,False,False,False,10.0,0.0,0.0,0.0,-0.6700000000000004,3.287477833628654
-8.430829,34,13283.071972,102,False,True,False,False,0.0,-10.0,0.0,0.0,-0.34000000000000014,1.9091714763641359
-8.510532,33,13316.49257,97,False,True,False,False,0.0,-10.0,0.0,0.0,-0.3300000000000001,1.8194680529832845
-8.580336,32,13348.382221,95,False,True,False,False,0.0,-10.0,0.0,0.0,-0.3200000000000001,1.7396644592285155
12.722705,58,13405.918421,173,True,False,False,False,10.0,0.0,0.0,0.0,-0.5800000000000003,3.3027050316333773
12.71796,61,13466.226464,181,True,False,False,False,10.0,0.0,0.0,0.0,-0.6100000000000003,3.3279601347446444
-8.732965,34,13500.399593,100,False,True,False,False,0.0,-10.0,0.0,0.0,-0.34000000000000014,1.60703488111496
-8.769627,27,13527.47682,79,False,True,False,False,0.0,-10.0,0.0,0.0,-0.2700000000000001,1.5003733545541769
-8.678952,28,13556.032945,84,False,True,False,False,0.0,-10.0,0.0,0.0,-0.2800000000000001,1.601048476696014
-8.72095,35,13591.916864,105,False,True,False,False,0.0,-10.0,0.0,0.0,-0.35000000000000014,1.6290496373176577
12.735206,59,13651.100421,175,True,False,False,False,10.0,0.0,0.0,0.0,-0.5900000000000003,3.3252058237791067
-8.688713,37,13688.015813,109,False,True,False,False,0.0,-10.0,0.0,0.0,-0.37000000000000016,1.6812869855761532
-7.583544,52,13740.026273,155,False,True,False,False,0.0,-10.0,0.0,0.0,-0.5200000000000002,2.9364564371109005
-8.783375,30,13770.524326,90,False,True,False,False,0.0,-10.0,0.0,0.0,-0.3000000000000001,1.5166254889965063
-8.732923,33,13804.211441,98,False,True,False,False,0.0,-10.0,0.0,0.0,-0.3300000000000001,1.597076835930348
-8.788246,29,13833.549746,85,False,True,False,False,0.0,-10.0,0.0,0.0,-0.2900000000000001,1.501754105687141
-8.472959,38,13871.443631,112,False,True,False,False,0.0,-10.0,0.0,0.0,-0.38000000000000017,1.9070409071445462
-8.783719,32,13904.049835,95,False,True,False,False,0.0,-10.0,0.0,0.0,-0.3200000000000001,1.5362808975577351
-8.729543,27,13931.732175,81,False,True,False,False,0.0,-10.0,0.0,0.0,-0.2700000000000001,1.540456649065018
-8.531677,35,13967.277795,104,False,True,False,False,0.0,-10.0,0.0,0.0,-0.35000000000000014,1.8183231335878371
12.645499,65,14031.634243,195,True,False,False,False,10.0,0.0,0.0,0.0,-0.6500000000000004,3.2954985100030907
-8.601004,35,14067.670317,103,False,True,False,False,0.0,-10.0,0.0,0.0,-0.35000000000000014,1.7489964300394054
12.716693,58,14126.373792,174,True,False,False,False,10.0,0.0,0.0,0.0,-0.5800000000000003,3.2966925990581504
-8.791331,29,14157.752517,86,False,True,False,False,0.0,-10.0,0.0,0.0,-0.2900000000000001,1.4986686775088311
12.733787,58,14215.605295,173,True,False,False,False,10.0,0.0,0.0,0.0,-0.5800000000000003,3.313786544799803
12.726878,58,14273.493905,173,True,False,False,False,10.0,0.0,0.0,0.0,-0.5800000000000003,3.3068783819675427
-8.548732,31,14303.693968,91,False,True,False,False,0.0,-10.0,0.0,0.0,-0.3100000000000001,1.7612683945894239
-8.733515,36,14337.058789,107,False,True,False,False,0.0,-10.0,0.0,0.0,-0.36000000000000015,1.6264851281046868
-8.744689,34,14368.507594,101,False,True,False,False,0.0,-10.0,0.0,0.0,-0.34000000000000014,1.5953110572695732
12.718633,60,14423.080341,179,True,False,False,False,10.0,0.0,0.0,0.0,-0.6000000000000003,3.3186332082748407
-8.595415,33,14453.783424,99,False,True,False,False,0.0,-10.0,0.0,0.0,-0.3300000000000001,1.7345845848321915
-8.534769,36,14487.286701,108,False,True,False,False,0.0,-10.0,0.0,0.0,-0.36000000000000015,1.825231212377548
12.7332,59,14541.134425,175,True,False,False,False,10.0,0.0,0.0,0.0,-0.5900000000000003,3.323199800252915
12.657513,67,14602.27546,199,True,False,False,False,10.0,0.0,0.0,0.0,-0.6700000000000004,3.327513083815574
-8.728441,29,14629.750237,87,False,True,False,False,0.0,-10.0,0.0,0.0,-0.2900000000000001,1.561558637917042
-8.712394,37,14664.389131,110,False,True,False,False,0.0,-10.0,0.0,0.0,-0.37000000000000016,1.6576057040691379
12.734818,60,14718.764178,178,True,False,False,False,10.0,0.0,0.0,0.0,-0.6000000000000003,3.334817815423012
-8.517375,33,14749.015495,98,False,True,False,False,0.0,-10.0,0.0,0.0,-0.3300000000000001,1.8126254868507385
-8.712196,31,14778.028562,93,False,True,False,False,0.0,-10.0,0.0,0.0,-0.3100000000000001,1.597803781628609
-8.692747,33,14809.184666,99,False,True,False,False,0.0,-10.0,0.0,0.0,-0.3300000000000001,1.6372525757551195
12.713598,61,14865.410827,181,True,False,False,False,10.0,0.0,0.0,0.0,-0.6100000000000003,3.323598310947419
-8.79154,31,14894.001164,91,False,True,False,False,0.0,-10.0,0.0,0.0,-0.3100000000000001,1.518460442125797
12.704317,61,14949.179085,182,True,False,False,False,10.0,0.0,0.0,0.0,-0.6100000000000003,3.3143174064159395
12.706174,63,15006.502533,187,True,False,False,False,10.0,0.0,0.0,0.0,-0.6300000000000003,3.336174487471581
-8.692894,32,15035.782564,96,False,True,False,False,0.0,-10.0,0.0,0.0,-0.3200000000000001,1.627105552256107
12.731134,60,15087.846738,178,True,False,False,False,10.0,0.0,0.0,0.0,-0.6000000000000003,3.331134331226348
-8.620504,32,15116.995612,94,False,True,False,False,0.0,-10.0,0.0,0.0,-0.3200000000000001,1.6994960755109785
12.700283,61,15176.522702,182,True,False,False,False,10.0,0.0,0.0,0.0,-0.6100000000000003,3.3102828520536423
-8.569899,38,15215.041672,112,False,True,False,False,0.0,-10.0,0.0,0.0,-0.38000000000000017,1.8101005542278286
-8.51666,39,15255.435014,117,False,True,False,False,0.0,-10.0,0.0,0.0,-0.3900000000000002,1.8733400446176525
12.688006,63,15318.808032,188,True,False,False,False,10.0,0.0,0.0,0.0,-0.6300000000000003,3.3180064713954924
12.662357,62,15379.414206,186,True,False,False,False,10.0,0.0,0.0,0.0,-0.6200000000000003,3.2823572945594774
-8.586417,36,15413.568054,106,False,True,False,False,0.0,-10.0,0.0,0.0,-0.36000000000000015,1.7735833209753038
12.655904,65,15478.109053,194,True,False,False,False,10.0,0.0,0.0,0.0,-0.6500000000000004,3.3059035968780512
-8.687082,32,15509.224031,94,False,True,False,False,0.0,-10.0,0.0,0.0,-0.3200000000000001,1.6329179620742797
-8.608731,35,15542.511773,104,False,True,False,False,0.0,-10.0,0.0,0.0,-0.35000000000000014,1.7412685802578929
-8.7624,38,15579.11926,112,False,True,False,False,0.0,-10.0,0.0,0.0,-0.38000000000000017,1.6176002040505413
-8.748002,35,15611.890295,105,False,True,False,False,0.0,-10.0,0.0,0.0,-0.35000000000000014,1.6019983738660815
-8.777738,35,15641.576851,105,False,True,False,False,0.0,-10.0,0.0,0.0,-0.35000000000000014,1.5722619852423676
-8.76892,28,15665.049947,82,False,True,False,False,0.0,-10.0,0.0,0.0,-0.2800000000000001,1.5110804104804993
12.706687,61,15713.652436,182,True,False,False,False,10.0,0.0,0.0,0.0,-0.6100000000000003,3.3166870415210727
-8.724699,29,15736.228169,87,False,True,False,False,0.0,-10.0,0.0,0.0,-0.2900000000000001,1.5653013324737555
-8.4735,34,15762.358651,100,False,True,False,False,0.0,-10.0,0.0,0.0,-0.34000000000000014,1.866500037312508
-8.609651,30,15785.014068,88,False,True,False,False,0.0,-10.0,0.0,0.0,-0.3000000000000001,1.6903493800759317
-8.775783,30,15808.642058,90,False,True,False,False,0.0,-10.0,0.0,0.0,-0.3000000000000001,1.5242169839143753
12.726626,59,15853.428365,176,True,False,False,False,10.0,0.0,0.0,0.0,-0.5900000000000003,3.316626222729683
12.631903,66,15903.074119,198,True,False,False,False,10.0,0.0,0.0,0.0,-0.6600000000000004,3.291903371214867
-8.54117,35,15929.741553,103,False,True,False,False,0.0,-10.0,0.0,0.0,-0.35000000000000014,1.8088300576806067
12.656664,63,15975.83381,189,True,False,False,False,10.0,0.0,0.0,0.0,-0.6300000000000003,3.286664242148399
12.621069,69,16027.672199,206,True,False,False,False,10.0,0.0,0.0,0.0,-0.6900000000000004,3.311069149971008
12.710179,59,16076.85685,177,True,False,False,False,10.0,0.0,0.0,0.0,-0.5900000000000003,3.300179188847543
12.696766,59,16136.009438,177,True,False,False,False,10.0,0.0,0.0,0.0,-0.5900000000000003,3.2867663550376895
-8.787787,32,16171.376504,96,False,True,False,False,0.0,-10.0,0.0,0.0,-0.3200000000000001,1.5322126671671863
12.719252,59,16233.0908,176,True,False,False,False,10.0,0.0,0.0,0.0,-0.5900000000000003,3.3092524194717416
-8.823076,41,16275.745723,122,False,True,False,False,0.0,-10.0,0.0,0.0,-0.4100000000000002,1.5869237190485004
-8.712915,34,16311.622529,102,False,True,False,False,0.0,-10.0,0.0,0.0,-0.34000000000000014,1.6270847898721699
12.570984,76,16389.208969,226,True,False,False,False,10.0,0.0,0.0,0.0,-0.7600000000000005,3.330983608365059
-8.848157,36,16427.304096,108,False,True,False,False,0.0,-10.0,0.0,0.0,-0.36000000000000015,1.5118434786796566
12.685921,64,16492.574141,190,True,False,False,False,10.0,0.0,0.0,0.0,-0.6400000000000003,3.3259212285280237
-8.667731,41,16535.195043,122,False,True,False,False,0.0,-10.0,0.0,0.0,-0.4100000000000002,1.742269088029862
-8.701495,38,16574.794378,112,False,True,False,False,0.0,-10.0,0.0,0.0,-0.38000000000000017,1.678505275845528
-8.885289,49,16625.302651,147,False,True,False,False,0.0,-10.0,0.0,0.0,-0.49000000000000027,1.6047110134363174
-8.787848,29,16656.73908,85,False,True,False,False,0.0,-10.0,0.0,0.0,-0.2900000000000001,1.502151780724525
-8.552979,36,16694.730976,108,False,True,False,False,0.0,-10.0,0.0,0.0,-0.36000000000000015,1.8070210975408558
12.707522,63,16760.275706,187,True,False,False,False,10.0,0.0,0.0,0.0,-0.6300000000000003,3.3375224286317824
-8.561526,33,16795.847849,98,False,True,False,False,0.0,-10.0,0.0,0.0,-0.3300000000000001,1.7684736424684524
12.706331,59,16856.577085,177,True,False,False,False,10.0,0.0,0.0,0.0,-0.5900000000000003,3.2963313108682617
-8.515655,35,16893.742012,103,False,True,False,False,0.0,-10.0,0.0,0.0,-0.35000000000000014,1.8343445909023286
-8.589933,33,16928.352921,97,False,True,False,False,0.0,-10.0,0.0,0.0,-0.3300000000000001,1.7400672185420991
-8.559529,42,16972.434919,125,False,True,False,False,0.0,-10.0,0.0,0.0,-0.4200000000000002,1.8604712247848505
-8.747983,41,17016.510035,123,False,True,False,False,0.0,-10.0,0.0,0.0,-0.4100000000000002,1.6620174956321716
-8.605334,33,17051.629663,98,False,True,False,False,0.0,-10.0,0.0,0.0,-0.3300000000000001,1.7246661919355395
-8.507832,33,17086.612421,99,False,True,False,False,0.0,-10.0,0.0,0.0,-0.3300000000000001,1.8221676343679427
12.671782,63,17153.011454,189,True,False,False,False,10.0,0.0,0.0,0.0,-0.6300000000000003,3.30178239285946
12.677313,65,17226.413735,193,True,False,False,False,10.0,0.0,0.0,0.0,-0.6500000000000004,3.3273134046792983
-8.760265,39,17268.528015,116,False,True,False,False,0.0,-10.0,0.0,0.0,-0.3900000000000002,1.6297352957725526
-8.759508,28,17299.679422,84,False,True,False,False,0.0,-10.0,0.0,0.0,-0.2800000000000001,1.5204921478033067
-8.677854,28,17331.193327,82,False,True,False,False,0.0,-10.0,0.0,0.0,-0.2800000000000001,1.6021463108062748
12.693691,60,17395.593152,180,True,False,False,False,10.0,0.0,0.0,0.0,-0.6000000000000003,3.293691089153289
-8.788986,36,17434.873507,107,False,True,False,False,0.0,-10.0,0.0,0.0,-0.36000000000000015,1.5710137572884555
12.55634,76,17515.900992,228,True,False,False,False,10.0,0.0,0.0,0.0,-0.7600000000000005,3.316340450644492
12.694964,64,17583.640583,190,True,False,False,False,10.0,0.0,0.0,0.0,-0.6400000000000003,3.3349636882543563
12.717544,61,17647.960756,181,True,False,False,False,10.0,0.0,0.0,0.0,-0.6100000000000003,3.3275440055131904
12.688479,61,17712.839715,183,True,False,False,False,10.0,0.0,0.0,0.0,-0.6100000000000003,3.298479025959969
12.696308,61,17777.961496,183,True,False,False,False,10.0,0.0,0.0,0.0,-0.6100000000000003,3.306307511925697
-8.813107,32,17812.98034,95,False,True,False,False,0.0,-10.0,0.0,0.0,-0.3200000000000001,1.5068933808803557
-8.560372,37,17853.000078,111,False,True,False,False,0.0,-10.0,0.0,0.0,-0.37000000000000016,1.8096275505423545
-8.808909,32,17888.249462,94,False,True,False,False,0.0,-10.0,0.0,0.0,-0.3200000000000001,1.5110909074544912
-8.660896,39,17930.45504,115,False,True,False,False,0.0,-10.0,0.0,0.0,-0.3900000000000002,1.7291037529706954
-8.840868,45,17978.847533,133,False,True,False,False,0.0,-10.0,0.0,0.0,-0.45000000000000023,1.609131609797478
-8.662914,39,18020.352874,116,False,True,False,False,0.0,-10.0,0.0,0.0,-0.3900000000000002,1.7270855140686039
-8.607742,41,18064.905576,122,False,True,False,False,0.0,-10.0,0.0,0.0,-0.4100000000000002,1.8022576045989993
-8.617729,40,18108.638775,120,False,True,False,False,0.0,-10.0,0.0,0.0,-0.4000000000000002,1.7822711044549946
-8.524851,35,18146.875048,105,False,True,False,False,0.0,-10.0,0.0,0.0,-0.35000000000000014,1.8251487982273107
-8.458152,34,18184.424369,100,False,True,False,False,0.0,-10.0,0.0,0.0,-0.34000000000000014,1.8818480515480045
12.666356,62,18250.296249,186,True,False,False,False,10.0,0.0,0.0,0.0,-0.6200000000000003,3.2863564360141746
-8.679701,32,18285.210515,96,False,True,False,False,0.0,-10.0,0.0,0.0,-0.3200000000000001,1.640298699140549
-8.711548,34,18322.192041,100,False,True,False,False,0.0,-10.0,0.0,0.0,-0.34000000000000014,1.6284521445631988
-8.573512,40,18365.390134,120,False,True,False,False,0.0,-10.0,0.0,0.0,-0.4000000000000002,1.8264879590272907
12.683741,62,18431.24887,186,True,False,False,False,10.0,0.0,0.0,0.0,-0.6200000000000003,3.3037406319379805
12.611636,68,18503.937289,204,True,False,False,False,10.0,0.0,0.0,0.0,-0.6800000000000004,3.29163603901863
12.676249,63,18571.84058,189,True,False,False,False,10.0,0.0,0.0,0.0,-0.6300000000000003,3.306248828172685
12.729726,60,18635.604777,178,True,False,False,False,10.0,0.0,0.0,0.0,-0.6000000000000003,3.3297255700826645
-8.509728,32,18670.62252,94,False,True,False,False,0.0,-10.0,0.0,0.0,-0.3200000000000001,1.8102721428871158
-8.812461,31,18704.233046,91,False,True,False,False,0.0,-10.0,0.0,0.0,-0.3100000000000001,1.497539029121399
-8.600688,32,18738.856223,95,False,True,False,False,0.0,-10.0,0.0,0.0,-0.3200000000000001,1.7193121075630187
-8.762876,38,18780.238071,114,False,True,False,False,0.0,-10.0,0.0,0.0,-0.38000000000000017,1.617124416232109
-8.629185,34,18817.791588,102,False,True,False,False,0.0,-10.0,0.0,0.0,-0.34000000000000014,1.7108154302835465
-8.546212,39,18860.338259,117,False,True,False,False,0.0,-10.0,0.0,0.0,-0.3900000000000002,1.8437877404689793
12.714078,60,18930.904412,179,True,False,False,False,10.0,0.0,0.0,0.0,-0.6000000000000003,3.314078013300896
-8.518702,34,18970.727174,102,False,True,False,False,0.0,-10.0,0.0,0.0,-0.34000000000000014,1.8212979418039323
12.700608,60,19044.114577,180,True,False,False,False,10.0,0.0,0.0,0.0,-0.6000000000000003,3.300607571005822
-8.817225,39,19086.92628,116,False,True,False,False,0.0,-10.0,0.0,0.0,-0.3900000000000002,1.572775391936302
-8.628392,29,19118.526386,86,False,True,False,False,0.0,-10.0,0.0,0.0,-0.2900000000000001,1.6616083109378814
12.617112,69,19189.869774,206,True,False,False,False,10.0,0.0,0.0,0.0,-0.6900000000000004,3.3071115791797645
12.641254,66,19257.76303,198,True,False,False,False,10.0,0.0,0.0,0.0,-0.6600000000000004,3.3012543177604674
-8.644628,36,19295.578769,108,False,True,False,False,0.0,-10.0,0.0,0.0,-0.36000000000000015,1.7153723287582392
-8.634905,38,19335.736981,113,False,True,False,False,0.0,-10.0,0.0,0.0,-0.38000000000000017,1.7450945413112642
-8.528106,34,19371.122957,100,False,True,False,False,0.0,-10.0,0.0,0.0,-0.34000000000000014,1.8118939292430878
-8.852034,35,19403.854693,104,False,True,False,False,0.0,-10.0,0.0,0.0,-0.35000000000000014,1.4979663884639747
-8.788731,36,19434.140806,107,False,True,False,False,0.0,-10.0,0.0,0.0,-0.36000000000000015,1.5712689757347107
-8.530075,40,19466.67347,119,False,True,False,False,0.0,-10.0,0.0,0.0,-0.4000000000000002,1.8699252569675453
-8.86734,38,19497.484462,113,False,True,False,False,0.0,-10.0,0.0,0.0,-0.38000000000000017,1.5126602759957315
12.703483,61,19546.130841,182,True,False,False,False,10.0,0.0,0.0,0.0,-0.6100000000000003,3.313483082056045
-8.746777,31,19572.023757,93,False,True,False,False,0.0,-10.0,0.0,0.0,-0.3100000000000001,1.563223231434822
-8.526162,35,19601.319671,104,False,True,False,False,0.0,-10.0,0.0,0.0,-0.35000000000000014,1.8238377141952522
-8.535711,35,19630.298134,105,False,True,False,False,0.0,-10.0,0.0,0.0,-0.35000000000000014,1.8142894464731218
-8.777409,34,19658.140638,100,False,True,False,False,0.0,-10.0,0.0,0.0,-0.34000000000000014,1.5625905066728598
-8.62494,39,19687.46917,115,False,True,False,False,0.0,-10.0,0.0,0.0,-0.3900000000000002,1.7650604635477065
-8.772154,34,19712.127888,100,False,True,False,False,0.0,-10.0,0.0,0.0,-0.34000000000000014,1.567846015095711
12.548311,77,19766.291273,230,True,False,False,False,10.0,0.0,0.0,0.0,-0.7700000000000005,3.3183110612630844
-8.802227,37,19797.417124,109,False,True,False,False,0.0,-10.0,0.0,0.0,-0.37000000000000016,1.5677732124924662
12.660729,63,19859.317943,189,True,False,False,False,10.0,0.0,0.0,0.0,-0.6300000000000003,3.2907293576002123
12.624355,68,19930.58945,204,True,False,False,False,10.0,0.0,0.0,0.0,-0.6800000000000004,3.3043551141023637
-8.8573,69,20002.32558,206,False,True,False,False,0.0,-10.0,0.0,0.0,-0.6900000000000004,1.8326999956369403
-8.769063,52,20056.15782,155,False,True,False,False,0.0,-10.0,0.0,0.0,-0.5200000000000002,1.7509373667836197
12.483017,84,20141.523819,251,True,False,False,False,10.0,0.0,0.0,0.0,-0.8400000000000005,3.323017099201679
12.611242,69,20211.884168,207,True,False,False,False,10.0,0.0,0.0,0.0,-0.6900000000000004,3.3012415021657957
-8.509871,33,20246.705271,98,False,True,False,False,0.0,-10.0,0.0,0.0,-0.3300000000000001,1.8201294529438021
-8.849289,38,20286.28216,113,False,True,False,False,0.0,-10.0,0.0,0.0,-0.38000000000000017,1.530710913538933
-8.853355,35,20323.006886,104,False,True,False,False,0.0,-10.0,0.0,0.0,-0.35000000000000014,1.4966445088386537
-8.741268,55,20379.546988,165,False,True,False,False,0.0,-10.0,0.0,0.0,-0.5500000000000003,1.8087322258949274
12.593046,71,20448.208781,213,True,False,False,False,10.0,0.0,0.0,0.0,-0.7100000000000004,3.3030461090803156
12.668698,65,20495.397519,194,True,False,False,False,10.0,0.0,0.0,0.0,-0.6500000000000004,3.3186981964111335
-8.779096,59,20540.712416,176,False,True,False,False,0.0,-10.0,0.0,0.0,-0.5900000000000003,1.8109044486284254
-8.700502,34,20570.461361,101,False,True,False,False,0.0,-10.0,0.0,0.0,-0.34000000000000014,1.639497773051262
-8.525964,37,20602.988428,111,False,True,False,False,0.0,-10.0,0.0,0.0,-0.37000000000000016,1.8440356612205506
-8.607749,33,20629.104963,99,False,True,False,False,0.0,-10.0,0.0,0.0,-0.3300000000000001,1.7222509050369261
-8.648544,28,20649.479637,84,False,True,False,False,0.0,-10.0,0.0,0.0,-0.2800000000000001,1.6314558112621305
-8.6848,35,20674.467299,104,False,True,False,False,0.0,-10.0,0.0,0.0,-0.35000000000000014,1.665200344920159
-8.644855,46,20706.39096,136,False,True,False,False,0.0,-10.0,0.0,0.0,-0.46000000000000024,1.8151452666521077
12.637494,67,20752.448082,200,True,False,False,False,10.0,0.0,0.0,0.0,-0.6700000000000004,3.3074939024448393
12.625782,71,20801.464123,211,True,False,False,False,10.0,0.0,0.0,0.0,-0.7100000000000004,3.335782348513603
12.640852,68,20848.509133,203,True,False,False,False,10.0,0.0,0.0,0.0,-0.6800000000000004,3.3208521759510052
-8.689689,32,20871.7615,96,False,True,False,False,0.0,-10.0,0.0,0.0,-0.3200000000000001,1.6303108471632008
12.720475,61,20915.72454,181,True,False,False,False,10.0,0.0,0.0,0.0,-0.6100000000000003,3.3304747068881997
-8.616571,32,20938.462805,94,False,True,False,False,0.0,-10.0,0.0,0.0,-0.3200000000000001,1.7034288746118549
-8.79901,35,20963.113416,105,False,True,False,False,0.0,-10.0,0.0,0.0,-0.35000000000000014,1.550989908576012
-8.745314,48,20997.379057,144,False,True,False,False,0.0,-10.0,0.0,0.0,-0.48000000000000026,1.73468584895134
-8.582134,39,21025.361643,115,False,True,False,False,0.0,-10.0,0.0,0.0,-0.3900000000000002,1.8078663957118986
-10.060621,168,21163.169112,504,False,True,False,False,0.0,-10.0,0.0,0.0,-1.6800000000000013,1.6193793147802356
12.567628,77,21228.491627,229,True,False,False,False,10.0,0.0,0.0,0.0,-0.7700000000000005,3.337628325819969
-8.794687,43,21264.770158,129,False,True,False,False,0.0,-10.0,0.0,0.0,-0.4300000000000002,1.6353131428360936
-8.738119,35,21295.613854,104,False,True,False,False,0.0,-10.0,0.0,0.0,-0.35000000000000014,1.611880643963814
12.549909,78,21361.876424,232,True,False,False,False,10.0,0.0,0.0,0.0,-0.7800000000000005,3.3299093312025065
-8.742675,53,21407.326434,159,False,True,False,False,0.0,-10.0,0.0,0.0,-0.5300000000000002,1.787324939966202
-8.601856,42,21443.942201,124,False,True,False,False,0.0,-10.0,0.0,0.0,-0.4200000000000002,1.8181440323591234
-8.726805,47,21484.021369,140,False,True,False,False,0.0,-10.0,0.0,0.0,-0.47000000000000025,1.743194751143456
12.637641,67,21540.739698,200,True,False,False,False,10.0,0.0,0.0,0.0,-0.6700000000000004,3.3076411390304568
12.224974,107,21631.533351,321,True,False,False,False,10.0,0.0,0.0,0.0,-1.0700000000000007,3.2949741512537
-8.494991,35,21661.742697,105,False,True,False,False,0.0,-10.0,0.0,0.0,-0.35000000000000014,1.8550093290209768
12.643945,65,21716.02056,195,True,False,False,False,10.0,0.0,0.0,0.0,-0.6500000000000004,3.2939449435472485
12.735944,60,21763.434937,178,True,False,False,False,10.0,0.0,0.0,0.0,-0.6000000000000003,3.3359441107511527
12.709498,58,21807.594902,174,True,False,False,False,10.0,0.0,0.0,0.0,-0.5800000000000003,3.2894977802038183
-8.790518,32,21832.474426,95,False,True,False,False,0.0,-10.0,0.0,0.0,-0.3200000000000001,1.529482262134552
-8.595176,33,21856.37115,98,False,True,False,False,0.0,-10.0,0.0,0.0,-0.3300000000000001,1.7348236227035518
-8.581024,37,21883.010526,110,False,True,False,False,0.0,-10.0,0.0,0.0,-0.37000000000000016,1.788975512981415
-9.082273,68,21930.527499,202,False,True,False,False,0.0,-10.0,0.0,0.0,-0.6800000000000004,1.5977267199754719
12.6267,69,21978.512707,206,True,False,False,False,10.0,0.0,0.0,0.0,-0.6900000000000004,3.3167002791166307
-8.696516,41,22007.860308,122,False,True,False,False,0.0,-10.0,0.0,0.0,-0.4100000000000002,1.713483913242817
-8.709889,37,22035.055789,111,False,True,False,False,0.0,-10.0,0.0,0.0,-0.37000000000000016,1.6601109829545022
-8.652417,46,22068.654414,136,False,True,False,False,0.0,-10.0,0.0,0.0,-0.46000000000000024,1.8075830656290053
12.546538,75,22125.436928,225,True,False,False,False,10.0,0.0,0.0,0.0,-0.7500000000000004,3.29653849363327
-9.607008,114,22222.883171,342,False,True,False,False,0.0,-10.0,0.0,0.0,-1.1400000000000008,1.5329918909072875
-8.653588,48,22264.330257,143,False,True,False,False,0.0,-10.0,0.0,0.0,-0.48000000000000026,1.8264123031497004
12.121901,119,22365.929361,356,True,False,False,False,10.0,0.0,0.0,0.0,-1.1900000000000008,3.3119010454416276
-8.726059,34,22395.772427,102,False,True,False,False,0.0,-10.0,0.0,0.0,-0.34000000000000014,1.6139414715766913
-8.597455,44,22434.718459,130,False,True,False,False,0.0,-10.0,0.0,0.0,-0.4400000000000002,1.8425452226400374
12.634144,69,22493.496711,206,True,False,False,False,10.0,0.0,0.0,0.0,-0.6900000000000004,3.3241439604759218
12.678893,65,22548.869985,193,True,False,False,False,10.0,0.0,0.0,0.0,-0.6500000000000004,3.328893172144891
-8.82993,33,22578.288915,98,False,True,False,False,0.0,-10.0,0.0,0.0,-0.3300000000000001,1.5000695577263832
12.640967,67,22637.398554,200,True,False,False,False,10.0,0.0,0.0,0.0,-0.6700000000000004,3.310966542363167
12.69936,60,22690.003546,180,True,False,False,False,10.0,0.0,0.0,0.0,-0.6000000000000003,3.2993599176406865
12.551764,75,22756.57117,225,True,False,False,False,10.0,0.0,0.0,0.0,-0.7500000000000004,3.301764499545096
12.64603,69,22822.44802,205,True,False,False,False,10.0,0.0,0.0,0.0,-0.6900000000000004,3.3360304439067825
12.678039,65,22886.893677,193,True,False,False,False,10.0,0.0,0.0,0.0,-0.6500000000000004,3.3280393195152285
12.60497,71,22952.696624,212,True,False,False,False,10.0,0.0,0.0,0.0,-0.7100000000000004,3.314970251321792
12.686816,64,23007.184729,190,True,False,False,False,10.0,0.0,0.0,0.0,-0.6400000000000003,3.326816231012345
12.710308,61,23058.346779,182,True,False,False,False,10.0,0.0,0.0,0.0,-0.6100000000000003,3.3203081941604613
-8.649357,47,23098.661807,140,False,True,False,False,0.0,-10.0,0.0,0.0,-0.47000000000000025,1.8206425639986998
-8.651091,39,23131.566391,117,False,True,False,False,0.0,-10.0,0.0,0.0,-0.3900000000000002,1.7389091533422472
-8.873108,45,23171.380646,135,False,True,False,False,0.0,-10.0,0.0,0.0,-0.45000000000000023,1.5768917340040205
12.572446,75,23240.052632,224,True,False,False,False,10.0,0.0,0.0,0.0,-0.7500000000000004,3.322446274757384
12.722353,60,23294.767033,178,True,False,False,False,10.0,0.0,0.0,0.0,-0.6000000000000003,3.3223534166812896
-8.80245,37,23329.263113,110,False,True,False,False,0.0,-10.0,0.0,0.0,-0.37000000000000016,1.5675497460365297
-8.740097,48,23373.919885,143,False,True,False,False,0.0,-10.0,0.0,0.0,-0.48000000000000026,1.7399029827117916
-9.45227,103,23468.075002,309,False,True,False,False,0.0,-10.0,0.0,0.0,-1.0300000000000007,1.5777302938699727
12.366701,97,23556.660134,289,True,False,False,False,10.0,0.0,0.0,0.0,-0.9700000000000006,3.336700980067253
12.569536,76,23626.063116,226,True,False,False,False,10.0,0.0,0.0,0.0,-0.7600000000000005,3.329536169171333
-9.067566,79,23698.52662,235,False,True,False,False,0.0,-10.0,0.0,0.0,-0.7900000000000005,1.7224342161417003
-8.729772,39,23734.228359,117,False,True,False,False,0.0,-10.0,0.0,0.0,-0.3900000000000002,1.6602281242609027
12.287444,100,23826.685699,300,True,False,False,False,10.0,0.0,0.0,0.0,-1.0000000000000007,3.2874436098337187
12.257455,105,23922.932947,314,True,False,False,False,10.0,0.0,0.0,0.0,-1.0500000000000007,3.3074547547101982
12.649058,64,23981.906974,192,True,False,False,False,10.0,0.0,0.0,0.0,-0.6400000000000003,3.2890580743551263
-8.791893,47,24025.911459,140,False,True,False,False,0.0,-10.0,0.0,0.0,-0.47000000000000025,1.6781070172786712
-8.749328,38,24061.538522,112,False,True,False,False,0.0,-10.0,0.0,0.0,-0.38000000000000017,1.6306724852323538
-8.747039,26,24086.144828,78,False,True,False,False,0.0,-10.0,0.0,0.0,-0.26000000000000006,1.5129609310626981
12.642942,65,24146.193722,195,True,False,False,False,10.0,0.0,0.0,0.0,-0.6500000000000004,3.2929416930675504
-8.701216,36,24180.439442,108,False,True,False,False,0.0,-10.0,0.0,0.0,-0.36000000000000015,1.6587837547063828
12.637754,65,24240.91068,195,True,False,False,False,10.0,0.0,0.0,0.0,-0.6500000000000004,3.287753808498383
12.339268,95,24327.956688,285,True,False,False,False,10.0,0.0,0.0,0.0,-0.9500000000000006,3.2892676460742947
-8.797313,44,24369.914206,132,False,True,False,False,0.0,-10.0,0.0,0.0,-0.4400000000000002,1.6426870280504227
-8.839791,65,24436.307338,195,False,True,False,False,0.0,-10.0,0.0,0.0,-0.6500000000000004,1.8102087694406506
-8.542144,39,24476.678953,115,False,True,False,False,0.0,-10.0,0.0,0.0,-0.3900000000000002,1.847855872511864
12.350982,97,24575.119418,290,True,False,False,False,10.0,0.0,0.0,0.0,-0.9700000000000006,3.320982145667077
12.552242,77,24653.66138,229,True,False,False,False,10.0,0.0,0.0,0.0,-0.7700000000000005,3.3222417366504673
12.716754,58,24712.803692,174,True,False,False,False,10.0,0.0,0.0,0.0,-0.5800000000000003,3.2967542743682867
-8.653688,41,24755.374295,123,False,True,False,False,0.0,-10.0,0.0,0.0,-0.4100000000000002,1.7563120031356811
-8.463232,35,24792.446163,104,False,True,False,False,0.0,-10.0,0.0,0.0,-0.35000000000000014,1.8867676985263826
-9.509967,133,24929.695027,399,False,True,False,False,0.0,-10.0,0.0,0.0,-1.330000000000001,1.82003268301487
12.62672,66,24997.585969,198,True,False,False,False,10.0,0.0,0.0,0.0,-0.6600000000000004,3.2867198181152335
12.216576,108,25107.33928,324,True,False,False,False,10.0,0.0,0.0,0.0,-1.0800000000000007,3.2965757560729982
12.712108,61,25169.671108,181,True,False,False,False,10.0,0.0,0.0,0.0,-0.6100000000000003,3.322107825875282
12.686905,60,25230.412734,180,True,False,False,False,10.0,0.0,0.0,0.0,-0.6000000000000003,3.286904911994935
-5.6,200,25415.794623,600,False,False,False,True,0.0,0.0,0.0,-5.0,-2.0000000000000013,1.4
-8.644125,45,25457.406177,134,False,True,False,False,0.0,-10.0,0.0,0.0,-0.45000000000000023,1.8058745872974395
12.622334,67,25518.066591,201,True,False,False,False,10.0,0.0,0.0,0.0,-0.6700000000000004,3.2923337870836265
-8.775259,48,25562.285925,144,False,True,False,False,0.0,-10.0,0.0,0.0,-0.48000000000000026,1.7047405636310577
-8.538613,36,25595.774227,108,False,True,False,False,0.0,-10.0,0.0,0.0,-0.36000000000000015,1.8213865202665325
-5.6,200,25777.990762,600,False,False,False,True,0.0,0.0,0.0,-5.0,-2.0000000000000013,1.4
-10.248308,182,25943.220976,544,False,True,False,False,0.0,-10.0,0.0,0.0,-1.8200000000000014,1.571692316532135
-8.745816,39,25979.126094,116,False,True,False,False,0.0,-10.0,0.0,0.0,-0.3900000000000002,1.6441844451427459
-8.768066,27,26004.587954,81,False,True,False,False,0.0,-10.0,0.0,0.0,-0.2700000000000001,1.5019344723224637
-8.561226,42,26043.346049,124,False,True,False,False,0.0,-10.0,0.0,0.0,-0.4200000000000002,1.8587741637229922
12.495243,82,26117.385482,245,True,False,False,False,10.0,0.0,0.0,0.0,-0.8200000000000005,3.3152428591251377
12.708923,61,26173.056222,182,True,False,False,False,10.0,0.0,0.0,0.0,-0.6100000000000003,3.3189228993654245
-3.662284,200,26353.405777,600,False,False,False,True,0.0,0.0,0.0,-5.0,-2.0000000000000013,3.3377157402038575
12.56648,74,26414.331745,221,True,False,False,False,10.0,0.0,0.0,0.0,-0.7400000000000004,3.3064799946546564
-8.875094,53,26455.667828,158,False,True,False,False,0.0,-10.0,0.0,0.0,-0.5300000000000002,1.6549058371782301
12.592546,73,26511.943789,217,True,False,False,False,10.0,0.0,0.0,0.0,-0.7300000000000004,3.322545866966248
-9.00056,72,26567.326205,215,False,True,False,False,0.0,-10.0,0.0,0.0,-0.7200000000000004,1.719440456628799
-9.282251,104,26647.479341,312,False,True,False,False,0.0,-10.0,0.0,0.0,-1.0400000000000007,1.7577488631010059
-9.409818,98,26723.027765,294,False,True,False,False,0.0,-10.0,0.0,0.0,-0.9800000000000006,1.5701821160316471
12.650805,69,26776.501101,205,True,False,False,False,10.0,0.0,0.0,0.0,-0.6900000000000004,3.3408050924539565
-9.034353,71,26831.318197,212,False,True,False,False,0.0,-10.0,0.0,0.0,-0.7100000000000004,1.675647412538529
-9.098171,97,26906.190748,290,False,True,False,False,0.0,-10.0,0.0,0.0,-0.9700000000000006,1.8718288713693623
12.683392,63,26955.123021,188,True,False,False,False,10.0,0.0,0.0,0.0,-0.6300000000000003,3.313392290472985
-8.686575,41,26987.377527,122,False,True,False,False,0.0,-10.0,0.0,0.0,-0.4100000000000002,1.7234246841073038
-8.551073,38,27017.359896,114,False,True,False,False,0.0,-10.0,0.0,0.0,-0.38000000000000017,1.8289272642135623
12.46426,86,27084.143632,256,True,False,False,False,10.0,0.0,0.0,0.0,-0.8600000000000005,3.324259576201439
-5.6,200,27238.974837,600,False,False,False,True,0.0,0.0,0.0,-5.0,-2.0000000000000013,1.3999999999999997
12.626366,66,27289.92448,198,True,False,False,False,10.0,0.0,0.0,0.0,-0.6600000000000004,3.2863655340671536
-5.6,200,27442.302268,600,False,False,False,True,0.0,0.0,0.0,-5.0,-2.0000000000000013,1.4
12.740232,58,27490.565954,173,True,False,False,False,10.0,0.0,0.0,0.0,-0.5800000000000003,3.3202323603630077
12.361421,94,27562.267743,282,True,False,False,False,10.0,0.0,0.0,0.0,-0.9400000000000006,3.301421110630036
12.673746,62,27610.049896,186,True,False,False,False,10.0,0.0,0.0,0.0,-0.6200000000000003,3.293746035099029
-5.6,200,27764.575378,600,False,False,False,True,0.0,0.0,0.0,-5.0,-2.0000000000000013,1.4
-9.004027,68,27817.525946,204,False,True,False,False,0.0,-10.0,0.0,0.0,-0.6800000000000004,1.6759725779294965
12.72728,61,27864.455185,181,True,False,False,False,10.0,0.0,0.0,0.0,-0.6100000000000003,3.33728032886982
-8.876192,38,27894.207622,113,False,True,False,False,0.0,-10.0,0.0,0.0,-0.38000000000000017,1.503807951211929
-8.659657,37,27923.225974,111,False,True,False,False,0.0,-10.0,0.0,0.0,-0.37000000000000016,1.710343072414398
-10.098799,198,28071.600923,593,False,True,False,False,0.0,-10.0,0.0,0.0,-1.9800000000000015,1.881201385855675
-8.772176,38,28098.623968,113,False,True,False,False,0.0,-10.0,0.0,0.0,-0.38000000000000017,1.6078242123126987
-8.623435,33,28122.884386,98,False,True,False,False,0.0,-10.0,0.0,0.0,-0.3300000000000001,1.7065654742717746
-8.785694,29,28144.176674,87,False,True,False,False,0.0,-10.0,0.0,0.0,-0.2900000000000001,1.5043063730001451
