#{"t_start": 1790444884.281397, "env_id": "None"}
r,l,t,raw_simulation_steps,is_success,collision,off_route,max_time
-0.99,54,6.675584,161,False,True,False,False
-0.9801,50,11.304916,150,False,True,False,False
-1.0,56,17.269351,166,False,True,False,False
-0.9801,112,26.47185,336,False,True,False,False
-0.99,117,37.716851,350,False,True,False,False
-0.99,58,43.45092,173,False,True,False,False
-1.0,57,48.982717,169,False,True,False,False
-1.0,72,55.528334,214,False,True,False,False
0.0,200,72.037323,600,False,False,False,True
-0.99,70,78.742402,209,False,True,False,False
-0.9801,136,89.640561,408,False,True,False,False
-0.99,69,95.590737,206,False,True,False,False
-0.9801,80,103.177105,240,False,True,False,False
-0.99,61,108.628865,182,False,True,False,False
-0.99,52,113.819999,155,False,True,False,False
-0.9801,85,121.616806,255,False,True,False,False
-0.99,92,129.204482,275,False,True,False,False
-1.0,63,135.247625,187,False,True,False,False
-0.9801,72,141.880428,216,False,True,False,False
0.99,126,155.100319,377,True,False,False,False
-0.99,55,174.24748,164,False,True,False,False
-0.99,193,239.863356,578,False,True,False,False
-1.0,76,261.552125,226,False,True,False,False
-0.99,50,274.64551,149,False,True,False,False
-0.99,53,287.704596,158,False,True,False,False
-0.99,78,306.083198,233,False,True,False,False
-0.9801,111,332.282353,333,False,True,False,False
-0.99,121,360.364059,362,False,True,False,False
-1.0,116,387.440523,346,False,True,False,False
-0.9801,117,415.523191,351,False,True,False,False
-0.99,70,432.616428,209,False,True,False,False
-0.99,58,446.79493,173,False,True,False,False
0.0,200,493.133129,600,False,False,False,True
0.0,200,539.642445,600,False,False,False,True
0.0,200,586.621587,600,False,False,False,True
0.0,200,632.907989,600,False,False,False,True
0.0,200,680.508128,600,False,False,False,True
0.0,200,726.082905,600,False,False,False,True
0.0,200,774.617856,600,False,False,False,True
-0.99,77,793.448777,230,False,True,False,False
0.0,200,840.542055,600,False,False,False,True
0.0,200,887.040296,600,False,False,False,True
0.0,200,933.292716,600,False,False,False,True
-0.9801,158,970.039907,474,False,True,False,False
0.0,200,1016.686178,600,False,False,False,True
0.0,200,1063.138489,600,False,False,False,True
0.0,200,1109.496332,600,False,False,False,True
0.0,200,1156.527282,600,False,False,False,True
0.0,200,1203.493787,600,False,False,False,True
0.0,200,1248.770427,600,False,False,False,True
0.0,200,1296.087121,600,False,False,False,True
0.0,200,1341.572827,600,False,False,False,True
0.0,200,1389.28677,600,False,False,False,True
0.0,200,1435.663817,600,False,False,False,True
0.0,200,1481.965123,600,False,False,False,True
-0.9801,91,1503.388869,273,False,True,False,False
0.0,200,1550.58282,600,False,False,False,True
0.0,200,1597.521861,600,False,False,False,True
0.0,200,1643.161943,600,False,False,False,True
0.0,200,1691.182505,600,False,False,False,True
0.0,200,1736.612439,600,False,False,False,True
0.0,200,1783.424093,600,False,False,False,True
0.0,200,1831.367019,600,False,False,False,True
0.0,200,1878.407335,600,False,False,False,True
0.0,200,1925.684973,600,False,False,False,True
0.0,200,1971.920191,600,False,False,False,True
0.0,200,2018.545776,600,False,False,False,True
0.0,200,2063.874483,600,False,False,False,True
0.0,200,2109.864741,600,False,False,False,True
0.0,200,2155.871411,600,False,False,False,True
0.0,200,2201.340981,600,False,False,False,True
0.0,200,2247.373758,600,False,False,False,True
0.0,200,2294.027628,600,False,False,False,True
0.0,200,2339.128226,600,False,False,False,True
0.0,200,2386.135685,600,False,False,False,True
0.0,200,2435.292682,600,False,False,False,True
0.0,200,2487.890788,600,False,False,False,True
0.0,200,2539.596248,600,False,False,False,True
0.0,200,2587.630144,600,False,False,False,True
0.0,200,2634.63483,600,False,False,False,True
0.0,200,2681.122562,600,False,False,False,True
0.0,200,2727.600455,600,False,False,False,True
0.0,200,2774.094744,600,False,False,False,True
0.0,200,2821.002547,600,False,False,False,True
0.0,200,2867.695121,600,False,False,False,True
0.0,200,2914.022539,600,False,False,False,True
0.0,200,2960.667234,600,False,False,False,True
0.0,200,3009.817904,600,False,False,False,True
0.0,200,3057.169046,600,False,False,False,True
0.0,200,3103.832499,600,False,False,False,True
0.0,200,3151.593256,600,False,False,False,True
0.0,200,3197.995178,600,False,False,False,True
0.0,200,3244.712612,600,False,False,False,True
0.0,200,3292.107316,600,False,False,False,True
0.0,200,3338.265461,600,False,False,False,True
0.0,200,3386.128994,600,False,False,False,True
0.0,200,3432.190547,600,False,False,False,True
0.0,200,3478.008894,600,False,False,False,True
0.0,200,3524.51826,600,False,False,False,True
0.0,200,3571.064891,600,False,False,False,True
0.0,200,3617.887498,600,False,False,False,True
0.0,200,3665.329174,600,False,False,False,True
