#{"t_start": 1790791744.8403635, "env_id": "None"}
r,l,t,raw_simulation_steps,is_success,collision,off_route,max_time,reward_success,reward_collision,reward_off_route,reward_timeout,reward_step_cost,reward_progress
-8.779966,58,8.69692,172,False,True,False,False,0.0,-10.0,0.0,0.0,-0.5800000000000003,1.8000344061851494
-8.900735,47,12.482859,139,False,True,False,False,0.0,-10.0,0.0,0.0,-0.47000000000000025,1.5692647856473922
-8.799597,53,17.148623,157,False,True,False,False,0.0,-10.0,0.0,0.0,-0.5300000000000002,1.730403011441231
-9.059459,62,21.479856,184,False,True,False,False,0.0,-10.0,0.0,0.0,-0.6200000000000003,1.560540899634361
-9.375238,94,28.705323,282,False,True,False,False,0.0,-10.0,0.0,0.0,-0.9400000000000006,1.564761652946472
-9.025443,77,34.882477,229,False,True,False,False,0.0,-10.0,0.0,0.0,-0.7700000000000005,1.7445572513341905
-9.058473,62,40.81454,184,False,True,False,False,0.0,-10.0,0.0,0.0,-0.6200000000000003,1.561527251005173
-8.803713,61,44.11698,183,False,True,False,False,0.0,-10.0,0.0,0.0,-0.6100000000000003,1.806287308633328
-9.753549,143,54.994645,428,False,True,False,False,0.0,-10.0,0.0,0.0,-1.430000000000001,1.6764505803585052
-8.917527,54,58.675684,160,False,True,False,False,0.0,-10.0,0.0,0.0,-0.5400000000000003,1.6224726003408434
-9.567093,141,69.427743,422,False,True,False,False,0.0,-10.0,0.0,0.0,-1.410000000000001,1.8429072451591493
-9.874606,145,79.470888,433,False,True,False,False,0.0,-10.0,0.0,0.0,-1.450000000000001,1.5753939014673233
-9.146017,71,84.629454,213,False,True,False,False,0.0,-10.0,0.0,0.0,-0.7100000000000004,1.5639830288290975
-8.870926,60,88.485574,178,False,True,False,False,0.0,-10.0,0.0,0.0,-0.6000000000000003,1.7290743815898897
-9.190628,96,96.514326,287,False,True,False,False,0.0,-10.0,0.0,0.0,-0.9600000000000006,1.7693723028898238
-9.389492,97,102.11738,291,False,True,False,False,0.0,-10.0,0.0,0.0,-0.9700000000000006,1.5805082023143766
-8.436141,157,111.384456,471,False,True,False,False,0.0,-10.0,0.0,0.0,-1.5700000000000012,3.133858588337899
-9.22625,104,118.395206,312,False,True,False,False,0.0,-10.0,0.0,0.0,-1.0400000000000007,1.8137501645088192
-8.895206,63,122.019627,187,False,True,False,False,0.0,-10.0,0.0,0.0,-0.6300000000000003,1.7347939109802248
-5.004655,200,178.841431,600,False,False,False,True,0.0,0.0,0.0,-5.0,-2.0000000000000013,1.9953451573848728
-8.896261,75,203.621217,225,False,True,False,False,0.0,-10.0,0.0,0.0,-0.7500000000000004,1.8537387377023697
-9.067875,74,228.748137,221,False,True,False,False,0.0,-10.0,0.0,0.0,-0.7400000000000004,1.672124596834183
-8.886334,71,252.323528,211,False,True,False,False,0.0,-10.0,0.0,0.0,-0.7100000000000004,1.8236662060022348
-5.581575,200,314.757408,600,False,False,False,True,0.0,0.0,0.0,-5.0,-2.0000000000000013,1.4184246301650998
-8.998788,65,337.102959,195,False,True,False,False,0.0,-10.0,0.0,0.0,-0.6500000000000004,1.6512124884128576
-5.6,200,400.988335,600,False,False,False,True,0.0,0.0,0.0,-5.0,-2.0000000000000013,1.4
-3.844616,200,463.360204,600,False,False,False,True,0.0,0.0,0.0,-5.0,-2.0000000000000013,3.1553836858272533
11.522292,181,522.544077,541,True,False,False,False,10.0,0.0,0.0,0.0,-1.8100000000000014,3.3322916591167466
-5.6,200,588.617608,600,False,False,False,True,0.0,0.0,0.0,-5.0,-2.0000000000000013,1.4000000000000001
-8.967681,62,609.771401,186,False,True,False,False,0.0,-10.0,0.0,0.0,-0.6200000000000003,1.6523186433315282
-9.216028,87,639.570521,261,False,True,False,False,0.0,-10.0,0.0,0.0,-0.8700000000000006,1.653972077965736
-5.498676,200,707.323373,600,False,False,False,True,0.0,0.0,0.0,-5.0,-2.0000000000000013,1.5013237392902372
-5.6,200,773.136689,600,False,False,False,True,0.0,0.0,0.0,-5.0,-2.0000000000000013,1.4000000000000004
-5.6,200,838.211938,600,False,False,False,True,0.0,0.0,0.0,-5.0,-2.0000000000000013,1.3999999999999997
-10.106717,192,900.485316,575,False,True,False,False,0.0,-10.0,0.0,0.0,-1.9200000000000015,1.813282632827759
-5.361026,200,962.094424,600,False,False,False,True,0.0,0.0,0.0,-5.0,-2.0000000000000013,1.6389740121364595
-5.6,200,1038.55001,600,False,False,False,True,0.0,0.0,0.0,-5.0,-2.0000000000000013,1.4000000000000001
-8.990014,59,1060.443945,177,False,True,False,False,0.0,-10.0,0.0,0.0,-0.5900000000000003,1.5999856734275815
-9.127338,88,1093.069389,262,False,True,False,False,0.0,-10.0,0.0,0.0,-0.8800000000000006,1.7526621437072754
-5.6,200,1172.596685,600,False,False,False,True,0.0,0.0,0.0,-5.0,-2.0000000000000013,1.4
-5.6,200,1258.571994,600,False,False,False,True,0.0,0.0,0.0,-5.0,-2.0000000000000013,1.4000000000000006
-5.6,200,1344.600362,600,False,False,False,True,0.0,0.0,0.0,-5.0,-2.0000000000000013,1.4
-8.850171,63,1370.923966,189,False,True,False,False,0.0,-10.0,0.0,0.0,-0.6300000000000003,1.7798292055726053
-5.6,200,1457.076674,600,False,False,False,True,0.0,0.0,0.0,-5.0,-2.0000000000000013,1.4000000000000004
-5.6,200,1539.584379,600,False,False,False,True,0.0,0.0,0.0,-5.0,-2.0000000000000013,1.3999999999999997
-5.485147,200,1624.247402,600,False,False,False,True,0.0,0.0,0.0,-5.0,-2.0000000000000013,1.5148525932431223
-8.939747,53,1649.846006,159,False,True,False,False,0.0,-10.0,0.0,0.0,-0.5300000000000002,1.5902533990144727
-5.6,200,1744.911989,600,False,False,False,True,0.0,0.0,0.0,-5.0,-2.0000000000000013,1.4000000000000004
-9.019689,67,1778.29608,201,False,True,False,False,0.0,-10.0,0.0,0.0,-0.6700000000000004,1.6503107303380964
-9.020688,78,1815.366497,234,False,True,False,False,0.0,-10.0,0.0,0.0,-0.7800000000000005,1.7593120753765106
-5.535998,200,1909.477784,600,False,False,False,True,0.0,0.0,0.0,-5.0,-2.0000000000000013,1.4640017065405848
-9.824733,160,1973.137963,478,False,True,False,False,0.0,-10.0,0.0,0.0,-1.6000000000000012,1.7752669313549991
-5.6,200,2056.789461,600,False,False,False,True,0.0,0.0,0.0,-5.0,-2.0000000000000013,1.4000000000000001
-10.241302,197,2135.806614,589,False,True,False,False,0.0,-10.0,0.0,0.0,-1.9700000000000015,1.7286980247497563
-8.887565,61,2161.132394,183,False,True,False,False,0.0,-10.0,0.0,0.0,-0.6100000000000003,1.72243522644043
-8.964722,54,2184.323883,162,False,True,False,False,0.0,-10.0,0.0,0.0,-0.5400000000000003,1.5752779456973072
-8.999206,74,2214.813961,222,False,True,False,False,0.0,-10.0,0.0,0.0,-0.7400000000000004,1.740794062614441
-9.473578,106,2259.212803,318,False,True,False,False,0.0,-10.0,0.0,0.0,-1.0600000000000007,1.5864218056201935
-9.436853,104,2301.530195,310,False,True,False,False,0.0,-10.0,0.0,0.0,-1.0400000000000007,1.6031469428539271
-5.6,200,2376.126769,600,False,False,False,True,0.0,0.0,0.0,-5.0,-2.0000000000000013,1.4000000000000001
-9.05906,66,2402.057045,198,False,True,False,False,0.0,-10.0,0.0,0.0,-0.6600000000000004,1.6009404385089872
-5.6,200,2475.704165,600,False,False,False,True,0.0,0.0,0.0,-5.0,-2.0000000000000013,1.4000000000000001
-9.532816,110,2516.565987,328,False,True,False,False,0.0,-10.0,0.0,0.0,-1.1000000000000008,1.5671836078166967
-9.063399,65,2542.783983,193,False,True,False,False,0.0,-10.0,0.0,0.0,-0.6500000000000004,1.5866014897823333
-8.821147,63,2565.985448,188,False,True,False,False,0.0,-10.0,0.0,0.0,-0.6300000000000003,1.8088530752062792
-8.818938,63,2590.605367,189,False,True,False,False,0.0,-10.0,0.0,0.0,-0.6300000000000003,1.8110618871450423
12.201725,112,2632.579254,335,True,False,False,False,10.0,0.0,0.0,0.0,-1.1200000000000008,3.3217254376411445
-8.942792,67,2657.760129,199,False,True,False,False,0.0,-10.0,0.0,0.0,-0.6700000000000004,1.7272084790468214
-8.857193,60,2680.543916,179,False,True,False,False,0.0,-10.0,0.0,0.0,-0.6000000000000003,1.7428069978952407
-9.398638,123,2727.561222,367,False,True,False,False,0.0,-10.0,0.0,0.0,-1.2300000000000009,1.8313623052835464
-5.6,200,2799.040225,600,False,False,False,True,0.0,0.0,0.0,-5.0,-2.0000000000000013,1.3999999999999997
-8.787545,57,2820.586879,171,False,True,False,False,0.0,-10.0,0.0,0.0,-0.5700000000000003,1.7824552512168885
-5.6,200,2895.698594,600,False,False,False,True,0.0,0.0,0.0,-5.0,-2.0000000000000013,1.4000000000000001
12.259966,107,2933.13065,319,True,False,False,False,10.0,0.0,0.0,0.0,-1.0700000000000007,3.329966187179087
-8.84542,60,2954.705581,180,False,True,False,False,0.0,-10.0,0.0,0.0,-0.6000000000000003,1.7545804208517077
-8.921138,57,2976.890182,170,False,True,False,False,0.0,-10.0,0.0,0.0,-0.5700000000000003,1.6488620236516
-8.962717,53,2997.066081,159,False,True,False,False,0.0,-10.0,0.0,0.0,-0.5300000000000002,1.5672829717397687
-8.996228,56,3019.450746,166,False,True,False,False,0.0,-10.0,0.0,0.0,-0.5600000000000003,1.5637718164920809
-9.787543,141,3071.314687,422,False,True,False,False,0.0,-10.0,0.0,0.0,-1.410000000000001,1.6224566930532456
-5.6,200,3143.100022,600,False,False,False,True,0.0,0.0,0.0,-5.0,-2.0000000000000013,1.4000000000000001
-9.044571,86,3175.081274,257,False,True,False,False,0.0,-10.0,0.0,0.0,-0.8600000000000005,1.8154290139675135
-10.149193,179,3243.285929,535,False,True,False,False,0.0,-10.0,0.0,0.0,-1.7900000000000014,1.640807402133942
-9.053406,64,3268.220901,192,False,True,False,False,0.0,-10.0,0.0,0.0,-0.6400000000000003,1.5865942525863648
-8.92737,52,3288.596213,155,False,True,False,False,0.0,-10.0,0.0,0.0,-0.5200000000000002,1.592630159854889
-9.748979,131,3337.874018,391,False,True,False,False,0.0,-10.0,0.0,0.0,-1.310000000000001,1.5610207688808446
-9.332251,90,3372.442609,269,False,True,False,False,0.0,-10.0,0.0,0.0,-0.9000000000000006,1.5677487456798551
-9.80083,136,3422.962232,408,False,True,False,False,0.0,-10.0,0.0,0.0,-1.360000000000001,1.559170123338699
-8.751946,59,3444.380995,175,False,True,False,False,0.0,-10.0,0.0,0.0,-0.5900000000000003,1.8380536913871761
-9.087819,72,3471.910602,214,False,True,False,False,0.0,-10.0,0.0,0.0,-0.7200000000000004,1.6321811300516127
-9.008687,73,3499.669803,217,False,True,False,False,0.0,-10.0,0.0,0.0,-0.7300000000000004,1.721312738060951
-9.161001,93,3533.74062,278,False,True,False,False,0.0,-10.0,0.0,0.0,-0.9300000000000006,1.7689991760253911
-9.005321,63,3557.71704,189,False,True,False,False,0.0,-10.0,0.0,0.0,-0.6300000000000003,1.6246791285276416
-8.955023,52,3578.410336,156,False,True,False,False,0.0,-10.0,0.0,0.0,-0.5200000000000002,1.5649774777889256
11.564202,174,3642.418237,522,True,False,False,False,10.0,0.0,0.0,0.0,-1.7400000000000013,3.3042019313573845
-9.187149,75,3671.661202,223,False,True,False,False,0.0,-10.0,0.0,0.0,-0.7500000000000004,1.5628506141901017
-9.154079,72,3706.779049,214,False,True,False,False,0.0,-10.0,0.0,0.0,-0.7200000000000004,1.5659214776754382
-10.104275,177,3792.409638,531,False,True,False,False,0.0,-10.0,0.0,0.0,-1.7700000000000014,1.665724766850472
-8.994301,62,3822.644809,185,False,True,False,False,0.0,-10.0,0.0,0.0,-0.6200000000000003,1.6256988090276723
-9.97028,154,3898.632048,460,False,True,False,False,0.0,-10.0,0.0,0.0,-1.5400000000000011,1.5697202476859087
-5.6,200,3996.585619,600,False,False,False,True,0.0,0.0,0.0,-5.0,-2.0000000000000013,1.4000000000000001
-5.6,200,4093.35769,600,False,False,False,True,0.0,0.0,0.0,-5.0,-2.0000000000000013,1.3999999999999997
11.573844,174,4169.284891,522,True,False,False,False,10.0,0.0,0.0,0.0,-1.7400000000000013,3.3138437867164616
-10.109292,193,4243.864616,577,False,True,False,False,0.0,-10.0,0.0,0.0,-1.9300000000000015,1.820707804560662
-8.869019,47,4262.050285,140,False,True,False,False,0.0,-10.0,0.0,0.0,-0.47000000000000025,1.600981313586235
-3.705756,200,4338.7959,600,False,False,False,True,0.0,0.0,0.0,-5.0,-2.0000000000000013,3.2942444616556164
-8.667516,55,4359.367229,164,False,True,False,False,0.0,-10.0,0.0,0.0,-0.5500000000000003,1.8824844515323649
-8.940945,52,4380.82195,155,False,True,False,False,0.0,-10.0,0.0,0.0,-0.5200000000000002,1.5790550667047498
-5.6,200,4453.480025,600,False,False,False,True,0.0,0.0,0.0,-5.0,-2.0000000000000013,1.3999999999999997
-9.381395,121,4500.61054,362,False,True,False,False,0.0,-10.0,0.0,0.0,-1.2100000000000009,1.8286051094532005
-8.963318,71,4527.435668,213,False,True,False,False,0.0,-10.0,0.0,0.0,-0.7100000000000004,1.7466818839311604
-8.863189,60,4550.85123,179,False,True,False,False,0.0,-10.0,0.0,0.0,-0.6000000000000003,1.7368110623955733
-8.783317,52,4569.496307,155,False,True,False,False,0.0,-10.0,0.0,0.0,-0.5200000000000002,1.7366826063394547
-8.66192,55,4588.96278,163,False,True,False,False,0.0,-10.0,0.0,0.0,-0.5500000000000003,1.8880797147750852
-8.733316,47,4607.290061,141,False,True,False,False,0.0,-10.0,0.0,0.0,-0.47000000000000025,1.7366842514276506
-8.716933,48,4625.309441,142,False,True,False,False,0.0,-10.0,0.0,0.0,-0.48000000000000026,1.7630670040845868
12.398421,94,4658.875954,280,True,False,False,False,10.0,0.0,0.0,0.0,-0.9400000000000006,3.3384211891889572
-8.885766,45,4676.438178,135,False,True,False,False,0.0,-10.0,0.0,0.0,-0.45000000000000023,1.564234174489975
-8.76521,54,4696.24777,161,False,True,False,False,0.0,-10.0,0.0,0.0,-0.5400000000000003,1.774790204167366
-8.7651,49,4714.379624,145,False,True,False,False,0.0,-10.0,0.0,0.0,-0.49000000000000027,1.7249000385403632
-8.653017,48,4732.35277,142,False,True,False,False,0.0,-10.0,0.0,0.0,-0.48000000000000026,1.8269827711582187
-8.853765,42,4748.387941,125,False,True,False,False,0.0,-10.0,0.0,0.0,-0.4200000000000002,1.5662350559234617
12.343311,97,4782.501203,291,True,False,False,False,10.0,0.0,0.0,0.0,-0.9700000000000006,3.313310807943344
-8.683549,51,4801.47117,153,False,True,False,False,0.0,-10.0,0.0,0.0,-0.5100000000000002,1.8264507907629004
-8.764623,49,4820.232784,146,False,True,False,False,0.0,-10.0,0.0,0.0,-0.49000000000000027,1.7253767555952075
-8.864551,43,4835.936718,128,False,True,False,False,0.0,-10.0,0.0,0.0,-0.4300000000000002,1.565449478030205
-8.700997,51,4854.256157,153,False,True,False,False,0.0,-10.0,0.0,0.0,-0.5100000000000002,1.8090027773380277
-8.902673,52,4874.649308,154,False,True,False,False,0.0,-10.0,0.0,0.0,-0.5200000000000002,1.6173274356126783
-8.761144,52,4892.803447,155,False,True,False,False,0.0,-10.0,0.0,0.0,-0.5200000000000002,1.7588560760021217
12.380278,95,4926.078978,283,True,False,False,False,10.0,0.0,0.0,0.0,-0.9500000000000006,3.3302775275707246
-8.727293,53,4945.430073,159,False,True,False,False,0.0,-10.0,0.0,0.0,-0.5300000000000002,1.8027067637443541
-9.103488,76,4974.530315,226,False,True,False,False,0.0,-10.0,0.0,0.0,-0.7600000000000005,1.6565115380287172
-8.753053,50,4993.51961,148,False,True,False,False,0.0,-10.0,0.0,0.0,-0.5000000000000002,1.746947241425514
-8.757825,58,5014.523374,173,False,True,False,False,0.0,-10.0,0.0,0.0,-0.5800000000000003,1.8221752524375918
-8.670484,50,5032.654537,150,False,True,False,False,0.0,-10.0,0.0,0.0,-0.5000000000000002,1.8295161759853364
-8.770929,52,5052.376762,154,False,True,False,False,0.0,-10.0,0.0,0.0,-0.5200000000000002,1.7490712243318556
-8.865925,46,5069.011203,136,False,True,False,False,0.0,-10.0,0.0,0.0,-0.46000000000000024,1.5940754431486128
-8.687417,49,5087.298067,146,False,True,False,False,0.0,-10.0,0.0,0.0,-0.49000000000000027,1.8025825703144074
-8.678085,47,5104.892931,141,False,True,False,False,0.0,-10.0,0.0,0.0,-0.47000000000000025,1.7919151705503467
-8.914562,73,5131.981382,219,False,True,False,False,0.0,-10.0,0.0,0.0,-0.7300000000000004,1.815438480973244
-8.68213,55,5153.062914,165,False,True,False,False,0.0,-10.0,0.0,0.0,-0.5500000000000003,1.8678697884082802
-9.021066,76,5182.348303,227,False,True,False,False,0.0,-10.0,0.0,0.0,-0.7600000000000005,1.7389336383342744
-8.853547,75,5210.72893,223,False,True,False,False,0.0,-10.0,0.0,0.0,-0.7500000000000004,1.8964527964591984
-8.924542,76,5237.831361,227,False,True,False,False,0.0,-10.0,0.0,0.0,-0.7600000000000005,1.8354583591222766
12.458144,87,5268.133862,260,True,False,False,False,10.0,0.0,0.0,0.0,-0.8700000000000006,3.3281437969207768
-8.581819,41,5284.051802,121,False,True,False,False,0.0,-10.0,0.0,0.0,-0.4100000000000002,1.8281807324290278
-8.999147,67,5310.326443,201,False,True,False,False,0.0,-10.0,0.0,0.0,-0.6700000000000004,1.6708527660369874
12.382699,95,5344.959542,283,True,False,False,False,10.0,0.0,0.0,0.0,-0.9500000000000006,3.3326992970705023
-8.900129,48,5363.715447,142,False,True,False,False,0.0,-10.0,0.0,0.0,-0.48000000000000026,1.5798711872100832
-8.653272,38,5377.631401,114,False,True,False,False,0.0,-10.0,0.0,0.0,-0.38000000000000017,1.7267284548282626
-8.777797,34,5390.528457,101,False,True,False,False,0.0,-10.0,0.0,0.0,-0.34000000000000014,1.562203005552292
-8.784599,39,5405.404064,117,False,True,False,False,0.0,-10.0,0.0,0.0,-0.3900000000000002,1.6054013374447824
-8.101348,66,5429.703067,198,False,True,False,False,0.0,-10.0,0.0,0.0,-0.6600000000000004,2.5586524617671973
12.575618,76,5457.212963,226,True,False,False,False,10.0,0.0,0.0,0.0,-0.7600000000000005,3.3356182801723495
-8.61915,35,5470.307557,104,False,True,False,False,0.0,-10.0,0.0,0.0,-0.35000000000000014,1.7308503842353813
-8.670802,32,5482.253636,95,False,True,False,False,0.0,-10.0,0.0,0.0,-0.3200000000000001,1.6491981187462805
-8.512306,35,5495.265057,105,False,True,False,False,0.0,-10.0,0.0,0.0,-0.35000000000000014,1.8376940548419949
-8.738655,34,5508.958781,102,False,True,False,False,0.0,-10.0,0.0,0.0,-0.34000000000000014,1.6013446319103242
-8.732093,48,5526.729171,144,False,True,False,False,0.0,-10.0,0.0,0.0,-0.48000000000000026,1.7479066205024718
-8.613083,37,5541.42522,111,False,True,False,False,0.0,-10.0,0.0,0.0,-0.37000000000000016,1.7569165235757829
12.559288,77,5569.399681,230,True,False,False,False,10.0,0.0,0.0,0.0,-0.7700000000000005,3.329288094043731
-8.740102,30,5580.866578,89,False,True,False,False,0.0,-10.0,0.0,0.0,-0.3000000000000001,1.5598978203535079
-8.88528,45,5598.641076,134,False,True,False,False,0.0,-10.0,0.0,0.0,-0.45000000000000023,1.5647196424007417
-8.764825,33,5611.05044,99,False,True,False,False,0.0,-10.0,0.0,0.0,-0.3300000000000001,1.5651754111051561
-8.783893,43,5627.913882,128,False,True,False,False,0.0,-10.0,0.0,0.0,-0.4300000000000002,1.6461069971323015
-9.065045,63,5651.960524,188,False,True,False,False,0.0,-10.0,0.0,0.0,-0.6300000000000003,1.5649550461769108
-8.915512,66,5677.250491,196,False,True,False,False,0.0,-10.0,0.0,0.0,-0.6600000000000004,1.7444884502887728
-8.732437,36,5691.613767,108,False,True,False,False,0.0,-10.0,0.0,0.0,-0.36000000000000015,1.6275633907318114
-8.678387,48,5710.510797,144,False,True,False,False,0.0,-10.0,0.0,0.0,-0.48000000000000026,1.8016129338741305
-8.542829,54,5730.149976,162,False,True,False,False,0.0,-10.0,0.0,0.0,-0.5400000000000003,1.9971714305877692
-9.069328,88,5762.103527,264,False,True,False,False,0.0,-10.0,0.0,0.0,-0.8800000000000006,1.810672374367714
12.530998,81,5791.839537,241,True,False,False,False,10.0,0.0,0.0,0.0,-0.8100000000000005,3.3409979087114334
-8.604782,43,5807.936608,127,False,True,False,False,0.0,-10.0,0.0,0.0,-0.4300000000000002,1.825217961072922
-8.767399,40,5822.814735,119,False,True,False,False,0.0,-10.0,0.0,0.0,-0.4000000000000002,1.6326014989614488
-8.698743,43,5837.912221,129,False,True,False,False,0.0,-10.0,0.0,0.0,-0.4300000000000002,1.7312574219703678
-8.620094,40,5853.353944,118,False,True,False,False,0.0,-10.0,0.0,0.0,-0.4000000000000002,1.7799063038825995
-8.756874,32,5865.926977,94,False,True,False,False,0.0,-10.0,0.0,0.0,-0.3200000000000001,1.5631264784932137
-8.579158,38,5879.768741,114,False,True,False,False,0.0,-10.0,0.0,0.0,-0.38000000000000017,1.8008418500423435
-8.517316,36,5893.896719,108,False,True,False,False,0.0,-10.0,0.0,0.0,-0.36000000000000015,1.842684413790703
-8.760186,36,5907.753821,107,False,True,False,False,0.0,-10.0,0.0,0.0,-0.36000000000000015,1.599814305603504
-8.85301,58,5928.752584,172,False,True,False,False,0.0,-10.0,0.0,0.0,-0.5800000000000003,1.7269897216558456
-8.84687,51,5948.465709,151,False,True,False,False,0.0,-10.0,0.0,0.0,-0.5100000000000002,1.6631302380561828
12.304449,102,5985.985981,305,True,False,False,False,10.0,0.0,0.0,0.0,-1.0200000000000007,3.324449288249016
-8.74421,31,5998.175034,92,False,True,False,False,0.0,-10.0,0.0,0.0,-0.3100000000000001,1.5657899996638298
-8.693489,36,6012.363831,107,False,True,False,False,0.0,-10.0,0.0,0.0,-0.36000000000000015,1.6665114265680314
-8.804083,39,6027.406941,116,False,True,False,False,0.0,-10.0,0.0,0.0,-0.3900000000000002,1.5859171092510225
-8.803664,39,6042.403666,117,False,True,False,False,0.0,-10.0,0.0,0.0,-0.3900000000000002,1.5863362139463428
-8.576776,36,6056.033815,107,False,True,False,False,0.0,-10.0,0.0,0.0,-0.36000000000000015,1.7832235318422318
-8.606574,36,6069.191117,108,False,True,False,False,0.0,-10.0,0.0,0.0,-0.36000000000000015,1.7534264230728152
-8.74351,31,6081.260724,92,False,True,False,False,0.0,-10.0,0.0,0.0,-0.3100000000000001,1.5664900016784664
-8.742046,31,6092.940055,92,False,True,False,False,0.0,-10.0,0.0,0.0,-0.3100000000000001,1.567954229414463
-8.546279,42,6109.121764,126,False,True,False,False,0.0,-10.0,0.0,0.0,-0.4200000000000002,1.8737207996845244
-8.695566,35,6122.292948,103,False,True,False,False,0.0,-10.0,0.0,0.0,-0.35000000000000014,1.654434137046337
-8.726733,33,6134.834871,97,False,True,False,False,0.0,-10.0,0.0,0.0,-0.3300000000000001,1.6032670575380328
-8.723638,39,6150.386371,115,False,True,False,False,0.0,-10.0,0.0,0.0,-0.3900000000000002,1.6663624745607382
-8.726932,39,6165.922428,115,False,True,False,False,0.0,-10.0,0.0,0.0,-0.3900000000000002,1.6630683773756025
12.508399,81,6195.009322,242,True,False,False,False,10.0,0.0,0.0,0.0,-0.8100000000000005,3.3183987295627593
-8.693107,32,6207.574399,94,False,True,False,False,0.0,-10.0,0.0,0.0,-0.3200000000000001,1.626893305778503
-8.580593,40,6222.810668,119,False,True,False,False,0.0,-10.0,0.0,0.0,-0.4000000000000002,1.819406631588936
-8.734935,46,6239.509441,138,False,True,False,False,0.0,-10.0,0.0,0.0,-0.46000000000000024,1.725065162777901
12.33989,99,6275.743663,295,True,False,False,False,10.0,0.0,0.0,0.0,-0.9900000000000007,3.329890477061271
-9.057296,84,6305.388047,252,False,True,False,False,0.0,-10.0,0.0,0.0,-0.8400000000000005,1.782704139053822
-9.462805,108,6346.361761,324,False,True,False,False,0.0,-10.0,0.0,0.0,-1.0800000000000007,1.6171953958272935
-8.913789,66,6371.042908,196,False,True,False,False,0.0,-10.0,0.0,0.0,-0.6600000000000004,1.7462113484740254
-8.984516,55,6392.460432,163,False,True,False,False,0.0,-10.0,0.0,0.0,-0.5500000000000003,1.5654843676090244
-8.766544,57,6413.593054,171,False,True,False,False,0.0,-10.0,0.0,0.0,-0.5700000000000003,1.803456425666809
-8.82919,48,6431.660988,143,False,True,False,False,0.0,-10.0,0.0,0.0,-0.48000000000000026,1.6508095443248751
-8.694303,51,6450.743895,151,False,True,False,False,0.0,-10.0,0.0,0.0,-0.5100000000000002,1.815697115659714
-8.748684,40,6466.305365,120,False,True,False,False,0.0,-10.0,0.0,0.0,-0.4000000000000002,1.6513157147169113
-8.733666,35,6480.290462,105,False,True,False,False,0.0,-10.0,0.0,0.0,-0.35000000000000014,1.6163342863321304
-8.66473,41,6495.698007,123,False,True,False,False,0.0,-10.0,0.0,0.0,-0.4100000000000002,1.7452697765827179
-8.754049,32,6508.326673,94,False,True,False,False,0.0,-10.0,0.0,0.0,-0.3200000000000001,1.5659512674808502
-8.785455,35,6522.511202,104,False,True,False,False,0.0,-10.0,0.0,0.0,-0.35000000000000014,1.564545498490333
-8.59713,32,6534.30606,95,False,True,False,False,0.0,-10.0,0.0,0.0,-0.3200000000000001,1.7228704941272734
12.471743,84,6564.593837,252,True,False,False,False,10.0,0.0,0.0,0.0,-0.8400000000000005,3.3117433249950405
12.487967,84,6596.137526,251,True,False,False,False,10.0,0.0,0.0,0.0,-0.8400000000000005,3.3279670464992512
-8.714449,44,6612.946501,131,False,True,False,False,0.0,-10.0,0.0,0.0,-0.4400000000000002,1.7255510312318805
-8.777146,38,6627.600832,112,False,True,False,False,0.0,-10.0,0.0,0.0,-0.38000000000000017,1.6028539845347405
-8.771467,52,6646.609149,156,False,True,False,False,0.0,-10.0,0.0,0.0,-0.5200000000000002,1.7485326784849162
-9.048721,80,6676.614031,238,False,True,False,False,0.0,-10.0,0.0,0.0,-0.8000000000000005,1.7512788105010986
-8.646057,50,6695.059957,148,False,True,False,False,0.0,-10.0,0.0,0.0,-0.5000000000000002,1.8539432507753377
-8.912562,56,6716.558166,168,False,True,False,False,0.0,-10.0,0.0,0.0,-0.5600000000000003,1.647437620460987
-8.973603,54,6736.656193,160,False,True,False,False,0.0,-10.0,0.0,0.0,-0.5400000000000003,1.5663973248004914
-8.755472,56,6757.898307,168,False,True,False,False,0.0,-10.0,0.0,0.0,-0.5600000000000003,1.8045280504226682
-9.071829,64,6782.143215,190,False,True,False,False,0.0,-10.0,0.0,0.0,-0.6400000000000003,1.5681708502769474
-8.655436,48,6798.930757,142,False,True,False,False,0.0,-10.0,0.0,0.0,-0.48000000000000026,1.8245643943548204
-8.63518,51,6818.323343,151,False,True,False,False,0.0,-10.0,0.0,0.0,-0.5100000000000002,1.8748202109336856
-8.793389,39,6833.684477,115,False,True,False,False,0.0,-10.0,0.0,0.0,-0.3900000000000002,1.5966113394498822
-8.766968,49,6851.634191,146,False,True,False,False,0.0,-10.0,0.0,0.0,-0.49000000000000027,1.7230315214395524
-8.602338,48,6869.429028,142,False,True,False,False,0.0,-10.0,0.0,0.0,-0.48000000000000026,1.8776615059375759
-8.453354,47,6886.413225,141,False,True,False,False,0.0,-10.0,0.0,0.0,-0.47000000000000025,2.016645929813385
-8.544945,36,6900.629461,108,False,True,False,False,0.0,-10.0,0.0,0.0,-0.36000000000000015,1.8150547218322757
-8.554618,35,6914.20814,104,False,True,False,False,0.0,-10.0,0.0,0.0,-0.35000000000000014,1.7953824627399453
-8.727777,29,6925.83769,87,False,True,False,False,0.0,-10.0,0.0,0.0,-0.2900000000000001,1.5622225999832153
-8.598197,33,6938.278255,97,False,True,False,False,0.0,-10.0,0.0,0.0,-0.3300000000000001,1.7318033838272098
-8.586605,34,6951.542158,101,False,True,False,False,0.0,-10.0,0.0,0.0,-0.34000000000000014,1.7533950555324553
-8.733516,30,6965.444991,88,False,True,False,False,0.0,-10.0,0.0,0.0,-0.3000000000000001,1.5664836442470553
-8.656489,32,6978.889394,96,False,True,False,False,0.0,-10.0,0.0,0.0,-0.3200000000000001,1.6635106474161145
-8.592431,35,6992.798562,104,False,True,False,False,0.0,-10.0,0.0,0.0,-0.35000000000000014,1.7575686442852019
12.389829,92,7028.023885,276,True,False,False,False,10.0,0.0,0.0,0.0,-0.9200000000000006,3.3098285794258118
-8.825156,42,7044.838703,124,False,True,False,False,0.0,-10.0,0.0,0.0,-0.4200000000000002,1.5948444265127186
-8.769385,37,7058.40645,111,False,True,False,False,0.0,-10.0,0.0,0.0,-0.37000000000000016,1.6006145334243773
-8.596196,34,7071.821086,101,False,True,False,False,0.0,-10.0,0.0,0.0,-0.34000000000000014,1.7438036388158804
12.489854,83,7102.571487,248,True,False,False,False,10.0,0.0,0.0,0.0,-0.8300000000000005,3.3198539674282093
-8.68069,35,7115.644264,105,False,True,False,False,0.0,-10.0,0.0,0.0,-0.35000000000000014,1.6693104422092437
-8.696159,31,7127.910142,92,False,True,False,False,0.0,-10.0,0.0,0.0,-0.3100000000000001,1.6138411295413972
12.472237,86,7159.85501,256,True,False,False,False,10.0,0.0,0.0,0.0,-0.8600000000000005,3.332236621379852
-8.691023,27,7170.787217,81,False,True,False,False,0.0,-10.0,0.0,0.0,-0.2700000000000001,1.5789771980047227
12.556481,77,7198.198979,230,True,False,False,False,10.0,0.0,0.0,0.0,-0.7700000000000005,3.326481407284737
-8.706196,28,7209.799451,82,False,True,False,False,0.0,-10.0,0.0,0.0,-0.2800000000000001,1.5738038742542262
-8.634458,29,7220.98652,87,False,True,False,False,0.0,-10.0,0.0,0.0,-0.2900000000000001,1.6555416774749758
-8.484416,32,7233.883261,95,False,True,False,False,0.0,-10.0,0.0,0.0,-0.3200000000000001,1.8355842483043674
-8.586773,32,7246.34151,94,False,True,False,False,0.0,-10.0,0.0,0.0,-0.3200000000000001,1.7332265198230736
-8.61448,35,7259.220875,103,False,True,False,False,0.0,-10.0,0.0,0.0,-0.35000000000000014,1.7355198389291764
-8.584012,34,7272.657777,100,False,True,False,False,0.0,-10.0,0.0,0.0,-0.34000000000000014,1.7559878975152974
-8.711206,44,7290.000633,131,False,True,False,False,0.0,-10.0,0.0,0.0,-0.4400000000000002,1.728793830275536
-8.79314,36,7304.552134,107,False,True,False,False,0.0,-10.0,0.0,0.0,-0.36000000000000015,1.5668597888946538
-8.516641,37,7319.974042,109,False,True,False,False,0.0,-10.0,0.0,0.0,-0.37000000000000016,1.853358772993088
-8.665555,30,7333.088093,90,False,True,False,False,0.0,-10.0,0.0,0.0,-0.3000000000000001,1.634445186853409
-8.686612,29,7345.393929,85,False,True,False,False,0.0,-10.0,0.0,0.0,-0.2900000000000001,1.6033875483274458
-8.655721,29,7357.480223,85,False,True,False,False,0.0,-10.0,0.0,0.0,-0.2900000000000001,1.6342792785167697
-8.516106,33,7371.135998,97,False,True,False,False,0.0,-10.0,0.0,0.0,-0.3300000000000001,1.8138940191268924
-8.57772,31,7383.404604,93,False,True,False,False,0.0,-10.0,0.0,0.0,-0.3100000000000001,1.732279695272446
-8.406804,42,7400.69822,125,False,True,False,False,0.0,-10.0,0.0,0.0,-0.4200000000000002,2.013196181058884
-8.520787,32,7414.441689,95,False,True,False,False,0.0,-10.0,0.0,0.0,-0.3200000000000001,1.799212873578072
-8.514497,31,7427.863685,92,False,True,False,False,0.0,-10.0,0.0,0.0,-0.3100000000000001,1.795502960085869
-8.518275,32,7441.576835,95,False,True,False,False,0.0,-10.0,0.0,0.0,-0.3200000000000001,1.801725007295609
12.572225,75,7471.633494,224,True,False,False,False,10.0,0.0,0.0,0.0,-0.7500000000000004,3.322224507927894
12.559059,77,7502.271734,230,True,False,False,False,10.0,0.0,0.0,0.0,-0.7700000000000005,3.329059143662453
-8.623051,30,7514.391986,90,False,True,False,False,0.0,-10.0,0.0,0.0,-0.3000000000000001,1.6769490766525266
12.555731,77,7545.207726,230,True,False,False,False,10.0,0.0,0.0,0.0,-0.7700000000000005,3.3257308900356297
12.515369,80,7577.242084,240,True,False,False,False,10.0,0.0,0.0,0.0,-0.8000000000000005,3.3153694450855253
-8.407856,35,7591.681416,103,False,True,False,False,0.0,-10.0,0.0,0.0,-0.35000000000000014,1.9421437776088717
-8.659147,29,7603.925193,85,False,True,False,False,0.0,-10.0,0.0,0.0,-0.2900000000000001,1.6308525216579441
-8.70249,27,7615.351266,81,False,True,False,False,0.0,-10.0,0.0,0.0,-0.2700000000000001,1.5675098264217378
12.553101,76,7645.873874,228,True,False,False,False,10.0,0.0,0.0,0.0,-0.7600000000000005,3.3131014204025258
-8.702824,28,7657.499673,83,False,True,False,False,0.0,-10.0,0.0,0.0,-0.2800000000000001,1.5771764642000201
12.563508,76,7687.334011,227,True,False,False,False,10.0,0.0,0.0,0.0,-0.7600000000000005,3.323507848381998
-8.640008,29,7699.68634,86,False,True,False,False,0.0,-10.0,0.0,0.0,-0.2900000000000001,1.649992114305496
-8.513364,32,7712.888628,95,False,True,False,False,0.0,-10.0,0.0,0.0,-0.3200000000000001,1.8066362392902378
12.579229,75,7743.348761,223,True,False,False,False,10.0,0.0,0.0,0.0,-0.7500000000000004,3.3292286980152133
12.549849,76,7774.298156,228,True,False,False,False,10.0,0.0,0.0,0.0,-0.7600000000000005,3.3098488456010813
-8.753977,32,7788.109491,95,False,True,False,False,0.0,-10.0,0.0,0.0,-0.3200000000000001,1.5660229611396785
-8.776087,35,7803.013951,104,False,True,False,False,0.0,-10.0,0.0,0.0,-0.35000000000000014,1.5739129596948624
12.265347,107,7847.495941,319,True,False,False,False,10.0,0.0,0.0,0.0,-1.0700000000000007,3.335346822738646
-8.648479,31,7860.756766,93,False,True,False,False,0.0,-10.0,0.0,0.0,-0.3100000000000001,1.6615209114551543
-8.440503,35,7876.505398,105,False,True,False,False,0.0,-10.0,0.0,0.0,-0.35000000000000014,1.9094967979192734
-8.689948,28,7889.581568,84,False,True,False,False,0.0,-10.0,0.0,0.0,-0.2800000000000001,1.5900522923469547
12.563295,77,7921.421047,229,True,False,False,False,10.0,0.0,0.0,0.0,-0.7700000000000005,3.3332952553033834
-8.67761,28,7933.90857,82,False,True,False,False,0.0,-10.0,0.0,0.0,-0.2800000000000001,1.602390161752701
12.551501,78,7964.302953,232,True,False,False,False,10.0,0.0,0.0,0.0,-0.7800000000000005,3.331500797867774
-8.691752,27,7976.558757,81,False,True,False,False,0.0,-10.0,0.0,0.0,-0.2700000000000001,1.578248339891434
-8.368981,37,7992.575316,111,False,True,False,False,0.0,-10.0,0.0,0.0,-0.37000000000000016,2.001019193530083
-8.686642,28,8005.07338,83,False,True,False,False,0.0,-10.0,0.0,0.0,-0.2800000000000001,1.5933579647541045
12.551716,77,8037.329716,230,True,False,False,False,10.0,0.0,0.0,0.0,-0.7700000000000005,3.3217161309719083
-8.553561,30,8051.037286,90,False,True,False,False,0.0,-10.0,0.0,0.0,-0.3000000000000001,1.7464392381906513
-8.694091,27,8062.780227,81,False,True,False,False,0.0,-10.0,0.0,0.0,-0.2700000000000001,1.575908762216568
12.598238,73,8092.400284,218,True,False,False,False,10.0,0.0,0.0,0.0,-0.7300000000000004,3.328238124251366
-8.659345,28,8104.617354,83,False,True,False,False,0.0,-10.0,0.0,0.0,-0.2800000000000001,1.6206551349163056
-8.496138,32,8118.256341,94,False,True,False,False,0.0,-10.0,0.0,0.0,-0.3200000000000001,1.8238618135452274
12.600072,74,8150.18757,220,True,False,False,False,10.0,0.0,0.0,0.0,-0.7400000000000004,3.3400716036558156
-8.514855,31,8163.695257,93,False,True,False,False,0.0,-10.0,0.0,0.0,-0.3100000000000001,1.7951450467109682
-8.527133,31,8178.012708,92,False,True,False,False,0.0,-10.0,0.0,0.0,-0.3100000000000001,1.782866631746292
-8.544555,30,8191.043489,90,False,True,False,False,0.0,-10.0,0.0,0.0,-0.3000000000000001,1.75544537782669
-8.703881,28,8204.419714,82,False,True,False,False,0.0,-10.0,0.0,0.0,-0.2800000000000001,1.5761188703775406
12.582161,75,8234.593902,223,True,False,False,False,10.0,0.0,0.0,0.0,-0.7500000000000004,3.3321611148118966
-8.492022,32,8247.109417,94,False,True,False,False,0.0,-10.0,0.0,0.0,-0.3200000000000001,1.827978061437607
-8.636954,28,8259.550307,84,False,True,False,False,0.0,-10.0,0.0,0.0,-0.2800000000000001,1.643045773506165
-8.632859,28,8272.660501,84,False,True,False,False,0.0,-10.0,0.0,0.0,-0.2800000000000001,1.6471414852142334
-8.668909,28,8285.148607,83,False,True,False,False,0.0,-10.0,0.0,0.0,-0.2800000000000001,1.6110911071300507
12.571397,74,8314.504457,222,True,False,False,False,10.0,0.0,0.0,0.0,-0.7400000000000004,3.3113974964618667
-8.578453,30,8327.955931,88,False,True,False,False,0.0,-10.0,0.0,0.0,-0.3000000000000001,1.7215467089414598
-8.501614,31,8342.52277,92,False,True,False,False,0.0,-10.0,0.0,0.0,-0.3100000000000001,1.8083860731124877
12.687772,62,8367.173134,186,True,False,False,False,10.0,0.0,0.0,0.0,-0.6200000000000003,3.3077717560529725
-8.492337,33,8381.540621,97,False,True,False,False,0.0,-10.0,0.0,0.0,-0.3300000000000001,1.8376631712913514
12.649112,65,8408.007785,195,True,False,False,False,10.0,0.0,0.0,0.0,-0.6500000000000004,3.2991122740507137
-8.446939,33,8421.648138,97,False,True,False,False,0.0,-10.0,0.0,0.0,-0.3300000000000001,1.8830609238147735
-8.488181,31,8434.986853,93,False,True,False,False,0.0,-10.0,0.0,0.0,-0.3100000000000001,1.8218188071250916
-8.512931,32,8448.495725,95,False,True,False,False,0.0,-10.0,0.0,0.0,-0.3200000000000001,1.8070687580108644
-8.694155,27,8460.468551,81,False,True,False,False,0.0,-10.0,0.0,0.0,-0.2700000000000001,1.5758445262908933
-8.649743,29,8473.075475,85,False,True,False,False,0.0,-10.0,0.0,0.0,-0.2900000000000001,1.6402570718526845
-8.711746,28,8485.168145,82,False,True,False,False,0.0,-10.0,0.0,0.0,-0.2800000000000001,1.5682544374465943
12.682506,64,8510.6637,191,True,False,False,False,10.0,0.0,0.0,0.0,-0.6400000000000003,3.322506063580513
-8.71304,29,8523.509191,85,False,True,False,False,0.0,-10.0,0.0,0.0,-0.2900000000000001,1.5769603478908538
-8.688222,28,8535.782333,84,False,True,False,False,0.0,-10.0,0.0,0.0,-0.2800000000000001,1.5917781412601473
-8.702489,28,8548.420418,84,False,True,False,False,0.0,-10.0,0.0,0.0,-0.2800000000000001,1.5775109416246416
-8.38301,37,8563.726877,111,False,True,False,False,0.0,-10.0,0.0,0.0,-0.37000000000000016,1.986990032196045
-8.496012,34,8577.942459,102,False,True,False,False,0.0,-10.0,0.0,0.0,-0.34000000000000014,1.8439881181716922
-8.644453,29,8591.135764,87,False,True,False,False,0.0,-10.0,0.0,0.0,-0.2900000000000001,1.6455467522144318
-8.685203,31,8604.571261,91,False,True,False,False,0.0,-10.0,0.0,0.0,-0.3100000000000001,1.6247974121570585
-8.584908,31,8617.642563,91,False,True,False,False,0.0,-10.0,0.0,0.0,-0.3100000000000001,1.7250919032096859
-8.704477,28,8629.950176,82,False,True,False,False,0.0,-10.0,0.0,0.0,-0.2800000000000001,1.575523052215576
-8.669593,28,8641.755186,83,False,True,False,False,0.0,-10.0,0.0,0.0,-0.2800000000000001,1.61040696144104
-8.571526,31,8655.408689,92,False,True,False,False,0.0,-10.0,0.0,0.0,-0.3100000000000001,1.7384741681814193
12.624856,71,8684.122592,211,True,False,False,False,10.0,0.0,0.0,0.0,-0.7100000000000004,3.334855847954749
-8.444304,32,8698.23643,96,False,True,False,False,0.0,-10.0,0.0,0.0,-0.3200000000000001,1.8756960499286655
-8.417487,35,8714.346066,103,False,True,False,False,0.0,-10.0,0.0,0.0,-0.35000000000000014,1.9325127267837523
-8.699685,28,8726.694836,84,False,True,False,False,0.0,-10.0,0.0,0.0,-0.2800000000000001,1.5803147041797636
-8.612941,29,8739.578305,87,False,True,False,False,0.0,-10.0,0.0,0.0,-0.2900000000000001,1.6770590686798097
12.635879,70,8767.928925,208,True,False,False,False,10.0,0.0,0.0,0.0,-0.7000000000000004,3.3358786553144455
-8.581117,33,8782.931331,97,False,True,False,False,0.0,-10.0,0.0,0.0,-0.3300000000000001,1.7488834655284884
12.57106,75,8815.483454,224,True,False,False,False,10.0,0.0,0.0,0.0,-0.7500000000000004,3.3210598540306075
-8.655799,28,8827.866923,84,False,True,False,False,0.0,-10.0,0.0,0.0,-0.2800000000000001,1.6242011278867718
-8.584697,32,8842.289351,95,False,True,False,False,0.0,-10.0,0.0,0.0,-0.3200000000000001,1.73530250787735
-8.721593,29,8854.902555,86,False,True,False,False,0.0,-10.0,0.0,0.0,-0.2900000000000001,1.5684069246053693
-8.65175,54,8878.642741,162,False,True,False,False,0.0,-10.0,0.0,0.0,-0.5400000000000003,1.8882502645254133
-8.591585,33,8893.171586,98,False,True,False,False,0.0,-10.0,0.0,0.0,-0.3300000000000001,1.7384147679805757
-8.603617,63,8920.125329,187,False,True,False,False,0.0,-10.0,0.0,0.0,-0.6300000000000003,2.0263830715417863
12.475884,85,8954.813813,254,True,False,False,False,10.0,0.0,0.0,0.0,-0.8500000000000005,3.3258840036392208
-8.814045,40,8971.949936,120,False,True,False,False,0.0,-10.0,0.0,0.0,-0.4000000000000002,1.585955157279968
-8.79191,44,8991.554352,132,False,True,False,False,0.0,-10.0,0.0,0.0,-0.4400000000000002,1.6480900287628175
-8.725893,30,9004.735409,89,False,True,False,False,0.0,-10.0,0.0,0.0,-0.3000000000000001,1.5741072750091554
-8.575669,30,9017.799641,90,False,True,False,False,0.0,-10.0,0.0,0.0,-0.3000000000000001,1.7243310302495958
-8.549775,35,9032.877749,103,False,True,False,False,0.0,-10.0,0.0,0.0,-0.35000000000000014,1.800224767327309
-8.680364,42,9050.616883,125,False,True,False,False,0.0,-10.0,0.0,0.0,-0.4200000000000002,1.73963584780693
-8.80893,39,9067.72512,116,False,True,False,False,0.0,-10.0,0.0,0.0,-0.3900000000000002,1.581069726347923
-8.635206,30,9081.289552,89,False,True,False,False,0.0,-10.0,0.0,0.0,-0.3000000000000001,1.6647942459583278
-8.535021,32,9095.600582,95,False,True,False,False,0.0,-10.0,0.0,0.0,-0.3200000000000001,1.7849785065650943
-8.54252,35,9111.575513,103,False,True,False,False,0.0,-10.0,0.0,0.0,-0.35000000000000014,1.807480491995811
-8.565781,31,9124.891466,91,False,True,False,False,0.0,-10.0,0.0,0.0,-0.3100000000000001,1.7442193686962129
12.547126,78,9156.374912,232,True,False,False,False,10.0,0.0,0.0,0.0,-0.7800000000000005,3.327125585079195
-8.731774,30,9170.035887,88,False,True,False,False,0.0,-10.0,0.0,0.0,-0.3000000000000001,1.5682258367538453
-8.691259,33,9183.731424,99,False,True,False,False,0.0,-10.0,0.0,0.0,-0.3300000000000001,1.63874133348465
12.597296,73,9214.338607,217,True,False,False,False,10.0,0.0,0.0,0.0,-0.7300000000000004,3.3272961860895167
-8.706882,43,9232.475338,127,False,True,False,False,0.0,-10.0,0.0,0.0,-0.4300000000000002,1.7231183981895444
-8.69047,45,9251.284083,134,False,True,False,False,0.0,-10.0,0.0,0.0,-0.45000000000000023,1.7595304638147355
-8.674022,46,9272.165671,137,False,True,False,False,0.0,-10.0,0.0,0.0,-0.46000000000000024,1.7859776419401163
-9.017411,58,9296.377107,174,False,True,False,False,0.0,-10.0,0.0,0.0,-0.5800000000000003,1.5625891333818438
-8.678586,49,9316.804762,147,False,True,False,False,0.0,-10.0,0.0,0.0,-0.49000000000000027,1.8114135426282885
12.662317,67,9344.320213,199,True,False,False,False,10.0,0.0,0.0,0.0,-0.6700000000000004,3.3323169857263566
-8.891443,46,9365.509185,136,False,True,False,False,0.0,-10.0,0.0,0.0,-0.46000000000000024,1.5685570096969608
-8.957064,56,9389.383664,167,False,True,False,False,0.0,-10.0,0.0,0.0,-0.5600000000000003,1.602936206459999
-8.835891,40,9406.62883,118,False,True,False,False,0.0,-10.0,0.0,0.0,-0.4000000000000002,1.5641091781854635
12.571022,73,9439.0248,219,True,False,False,False,10.0,0.0,0.0,0.0,-0.7300000000000004,3.3010222059488297
-8.902092,64,9465.996613,191,False,True,False,False,0.0,-10.0,0.0,0.0,-0.6400000000000003,1.737907932400704
-9.207248,94,9503.982766,281,False,True,False,False,0.0,-10.0,0.0,0.0,-0.9400000000000006,1.7327521133422847
-8.804985,46,9523.633439,138,False,True,False,False,0.0,-10.0,0.0,0.0,-0.46000000000000024,1.6550146961212158
12.561348,77,9556.761996,229,True,False,False,False,10.0,0.0,0.0,0.0,-0.7700000000000005,3.331347880363464
-8.837951,42,9574.435995,125,False,True,False,False,0.0,-10.0,0.0,0.0,-0.4200000000000002,1.5820493799448012
-8.810109,37,9591.597034,110,False,True,False,False,0.0,-10.0,0.0,0.0,-0.37000000000000016,1.5598907572031027
-8.624104,46,9610.898346,136,False,True,False,False,0.0,-10.0,0.0,0.0,-0.46000000000000024,1.8358957213163376
-8.81304,46,9629.857294,137,False,True,False,False,0.0,-10.0,0.0,0.0,-0.46000000000000024,1.646960042715073
-8.665255,49,9650.799962,147,False,True,False,False,0.0,-10.0,0.0,0.0,-0.49000000000000027,1.824744547605514
-8.601061,42,9668.652097,124,False,True,False,False,0.0,-10.0,0.0,0.0,-0.4200000000000002,1.8189386224746704
-8.75303,33,9682.757015,99,False,True,False,False,0.0,-10.0,0.0,0.0,-0.3300000000000001,1.576969942450523
12.661242,66,9710.83214,196,True,False,False,False,10.0,0.0,0.0,0.0,-0.6600000000000004,3.3212416666746143
-8.808466,39,9727.240537,115,False,True,False,False,0.0,-10.0,0.0,0.0,-0.3900000000000002,1.5815340864658356
-8.800962,43,9745.570819,128,False,True,False,False,0.0,-10.0,0.0,0.0,-0.4300000000000002,1.6290378308296207
-8.613499,40,9762.975469,120,False,True,False,False,0.0,-10.0,0.0,0.0,-0.4000000000000002,1.786500958800316
12.253478,105,9807.483072,314,True,False,False,False,10.0,0.0,0.0,0.0,-1.0500000000000007,3.303478298187257
-8.820436,40,9825.419955,119,False,True,False,False,0.0,-10.0,0.0,0.0,-0.4000000000000002,1.5795638179779055
-8.677558,30,9838.378804,90,False,True,False,False,0.0,-10.0,0.0,0.0,-0.3000000000000001,1.6224417924880983
12.629256,70,9867.714837,208,True,False,False,False,10.0,0.0,0.0,0.0,-0.7000000000000004,3.329256173372269
12.633672,66,9895.028199,198,True,False,False,False,10.0,0.0,0.0,0.0,-0.6600000000000004,3.2936719989776617
-8.929559,49,9916.386916,147,False,True,False,False,0.0,-10.0,0.0,0.0,-0.49000000000000027,1.5604410988092425
-9.123531,72,9946.780648,214,False,True,False,False,0.0,-10.0,0.0,0.0,-0.7200000000000004,1.5964689791202546
-8.651818,50,9968.250985,149,False,True,False,False,0.0,-10.0,0.0,0.0,-0.5000000000000002,1.8481817561388014
12.464104,87,10005.353576,259,True,False,False,False,10.0,0.0,0.0,0.0,-0.8700000000000006,3.334104470610618
12.557295,78,10035.971539,232,True,False,False,False,10.0,0.0,0.0,0.0,-0.7800000000000005,3.3372953802347185
12.552477,77,10066.891872,229,True,False,False,False,10.0,0.0,0.0,0.0,-0.7700000000000005,3.3224770545959474
-8.840631,60,10091.662139,180,False,True,False,False,0.0,-10.0,0.0,0.0,-0.6000000000000003,1.7593687027692801
-9.05673,70,10123.444654,208,False,True,False,False,0.0,-10.0,0.0,0.0,-0.7000000000000004,1.64326973259449
-8.877097,55,10147.725954,163,False,True,False,False,0.0,-10.0,0.0,0.0,-0.5500000000000003,1.6729030662775033
12.498678,80,10181.760202,240,True,False,False,False,10.0,0.0,0.0,0.0,-0.8000000000000005,3.2986776989698408
-9.190888,77,10214.074434,230,False,True,False,False,0.0,-10.0,0.0,0.0,-0.7700000000000005,1.5791123282909392
-8.820052,57,10237.480582,169,False,True,False,False,0.0,-10.0,0.0,0.0,-0.5700000000000003,1.7499476283788682
12.238462,110,10282.71281,328,True,False,False,False,10.0,0.0,0.0,0.0,-1.1000000000000008,3.3384616589546203
-8.830757,80,10316.393827,239,False,True,False,False,0.0,-10.0,0.0,0.0,-0.8000000000000005,1.9692426759004595
-9.061355,63,10342.973018,188,False,True,False,False,0.0,-10.0,0.0,0.0,-0.6300000000000003,1.568644525408745
12.585831,74,10374.21007,220,True,False,False,False,10.0,0.0,0.0,0.0,-0.7400000000000004,3.325831260085106
-8.966125,70,10402.864779,209,False,True,False,False,0.0,-10.0,0.0,0.0,-0.7000000000000004,1.7338753581047053
-8.972709,73,10434.043904,218,False,True,False,False,0.0,-10.0,0.0,0.0,-0.7300000000000004,1.7572911411523817
-9.109389,85,10469.445138,253,False,True,False,False,0.0,-10.0,0.0,0.0,-0.8500000000000005,1.7406109303236004
-8.751042,69,10498.977112,205,False,True,False,False,0.0,-10.0,0.0,0.0,-0.6900000000000004,1.9389581114053722
12.329362,99,10538.874464,296,True,False,False,False,10.0,0.0,0.0,0.0,-0.9900000000000007,3.319362459778787
12.719924,61,10564.01155,181,True,False,False,False,10.0,0.0,0.0,0.0,-0.6100000000000003,3.3299237418174736
-8.838117,43,10582.3418,129,False,True,False,False,0.0,-10.0,0.0,0.0,-0.4300000000000002,1.5918825137615205
-9.005616,65,10609.898769,194,False,True,False,False,0.0,-10.0,0.0,0.0,-0.6500000000000004,1.6443840456008911
12.583746,70,10640.014049,210,True,False,False,False,10.0,0.0,0.0,0.0,-0.7000000000000004,3.283745637536049
12.654101,63,10666.823215,189,True,False,False,False,10.0,0.0,0.0,0.0,-0.6300000000000003,3.2841005480289454
-8.903673,47,10688.337098,139,False,True,False,False,0.0,-10.0,0.0,0.0,-0.47000000000000025,1.5663270705938335
-7.986827,85,10726.73084,255,False,True,False,False,0.0,-10.0,0.0,0.0,-0.8500000000000005,2.863173327445984
12.425375,91,10762.710641,271,True,False,False,False,10.0,0.0,0.0,0.0,-0.9100000000000006,3.3353746336698538
12.26283,102,10801.540624,306,True,False,False,False,10.0,0.0,0.0,0.0,-1.0200000000000007,3.282830078601838
-8.578449,47,10819.960548,139,False,True,False,False,0.0,-10.0,0.0,0.0,-0.47000000000000025,1.8915512382984156
-8.736281,49,10841.690678,147,False,True,False,False,0.0,-10.0,0.0,0.0,-0.49000000000000027,1.7537187820672988
12.672541,64,10866.564059,191,True,False,False,False,10.0,0.0,0.0,0.0,-0.6400000000000003,3.3125409954786313
-8.785704,44,10884.882652,131,False,True,False,False,0.0,-10.0,0.0,0.0,-0.4400000000000002,1.6542961013317108
-8.836966,41,10901.476396,122,False,True,False,False,0.0,-10.0,0.0,0.0,-0.4100000000000002,1.5730344253778459
-8.933714,80,10933.441687,238,False,True,False,False,0.0,-10.0,0.0,0.0,-0.8000000000000005,1.8662864530086518
-8.844979,59,10956.799973,175,False,True,False,False,0.0,-10.0,0.0,0.0,-0.5900000000000003,1.7450207787752154
-8.79147,66,10983.972171,198,False,True,False,False,0.0,-10.0,0.0,0.0,-0.6600000000000004,1.8685300356149679
-9.225886,89,11020.024275,265,False,True,False,False,0.0,-10.0,0.0,0.0,-0.8900000000000006,1.664114226698876
-8.963202,71,11048.184147,213,False,True,False,False,0.0,-10.0,0.0,0.0,-0.7100000000000004,1.746798195838928
-9.080533,70,11076.173504,210,False,True,False,False,0.0,-10.0,0.0,0.0,-0.7000000000000004,1.6194674003124243
-8.491246,39,11091.249006,117,False,True,False,False,0.0,-10.0,0.0,0.0,-0.3900000000000002,1.8987538385391234
-8.669332,48,11110.649233,144,False,True,False,False,0.0,-10.0,0.0,0.0,-0.48000000000000026,1.8106675696372987
12.675572,66,11135.771939,196,True,False,False,False,10.0,0.0,0.0,0.0,-0.6600000000000004,3.3355719172954563
12.576718,75,11165.003706,223,True,False,False,False,10.0,0.0,0.0,0.0,-0.7500000000000004,3.3267176675796515
-8.982913,56,11187.79651,167,False,True,False,False,0.0,-10.0,0.0,0.0,-0.5600000000000003,1.577086608409882
-8.774013,35,11202.59663,103,False,True,False,False,0.0,-10.0,0.0,0.0,-0.35000000000000014,1.5759870964288711
-8.525635,39,11218.203695,115,False,True,False,False,0.0,-10.0,0.0,0.0,-0.3900000000000002,1.864364796280861
-8.825695,40,11235.020063,119,False,True,False,False,0.0,-10.0,0.0,0.0,-0.4000000000000002,1.5743052685260777
-8.970657,53,11257.036064,158,False,True,False,False,0.0,-10.0,0.0,0.0,-0.5300000000000002,1.5593428355455403
-8.622677,38,11272.244208,114,False,True,False,False,0.0,-10.0,0.0,0.0,-0.38000000000000017,1.7573229992389678
-8.656594,40,11288.822842,118,False,True,False,False,0.0,-10.0,0.0,0.0,-0.4000000000000002,1.743406137228012
-8.83162,40,11305.316568,119,False,True,False,False,0.0,-10.0,0.0,0.0,-0.4000000000000002,1.5683802956342698
-10.029971,160,11369.701453,480,False,True,False,False,0.0,-10.0,0.0,0.0,-1.6000000000000012,1.5700294423103336
-8.583216,48,11389.919523,144,False,True,False,False,0.0,-10.0,0.0,0.0,-0.48000000000000026,1.8967838746309278
-8.860297,64,11417.074339,192,False,True,False,False,0.0,-10.0,0.0,0.0,-0.6400000000000003,1.7797027420997622
-9.249342,84,11456.311591,252,False,True,False,False,0.0,-10.0,0.0,0.0,-0.8400000000000005,1.59065779387951
-8.954859,53,11478.728505,157,False,True,False,False,0.0,-10.0,0.0,0.0,-0.5300000000000002,1.575140601992607
-8.841822,65,11504.173359,195,False,True,False,False,0.0,-10.0,0.0,0.0,-0.6500000000000004,1.8081780374050138
-9.108632,68,11532.062838,202,False,True,False,False,0.0,-10.0,0.0,0.0,-0.6800000000000004,1.5713679611682891
12.465599,83,11564.51749,249,True,False,False,False,10.0,0.0,0.0,0.0,-0.8300000000000005,3.295598930120469
-9.118418,69,11592.303794,207,False,True,False,False,0.0,-10.0,0.0,0.0,-0.6900000000000004,1.5715823066234582
-8.714141,56,11615.126884,167,False,True,False,False,0.0,-10.0,0.0,0.0,-0.5600000000000003,1.8458589673042303
-9.509482,130,11666.480832,388,False,True,False,False,0.0,-10.0,0.0,0.0,-1.300000000000001,1.7905175977945333
-8.824103,40,11682.855968,118,False,True,False,False,0.0,-10.0,0.0,0.0,-0.4000000000000002,1.5758970785140987
-8.590008,46,11700.373188,137,False,True,False,False,0.0,-10.0,0.0,0.0,-0.46000000000000024,1.869992169737816
-9.102869,76,11729.695664,228,False,True,False,False,0.0,-10.0,0.0,0.0,-0.7600000000000005,1.6571308135986333
-8.803544,38,11745.610396,112,False,True,False,False,0.0,-10.0,0.0,0.0,-0.38000000000000017,1.5764563453197482
-9.250978,91,11781.816198,272,False,True,False,False,0.0,-10.0,0.0,0.0,-0.9100000000000006,1.6590220153331756
-8.98859,57,11805.083427,170,False,True,False,False,0.0,-10.0,0.0,0.0,-0.5700000000000003,1.5814101803302762
12.676732,62,11829.620121,186,True,False,False,False,10.0,0.0,0.0,0.0,-0.6200000000000003,3.2967323112487787
-9.903642,147,11888.511549,440,False,True,False,False,0.0,-10.0,0.0,0.0,-1.470000000000001,1.5663578492403027
-8.647537,45,11906.724844,134,False,True,False,False,0.0,-10.0,0.0,0.0,-0.45000000000000023,1.8024626201391214
-8.740972,51,11927.397866,151,False,True,False,False,0.0,-10.0,0.0,0.0,-0.5100000000000002,1.7690283888578415
-8.603002,41,11944.164953,121,False,True,False,False,0.0,-10.0,0.0,0.0,-0.4100000000000002,1.8069979059696197
11.808978,148,12000.481468,444,True,False,False,False,10.0,0.0,0.0,0.0,-1.480000000000001,3.2889777237176903
-8.715694,44,12018.99005,131,False,True,False,False,0.0,-10.0,0.0,0.0,-0.4400000000000002,1.7243055939674383
-9.452905,119,12068.005491,355,False,True,False,False,0.0,-10.0,0.0,0.0,-1.1900000000000008,1.7370949870347976
11.731985,156,12129.899431,468,True,False,False,False,10.0,0.0,0.0,0.0,-1.5600000000000012,3.2919845569133765
-8.59145,33,12142.841424,99,False,True,False,False,0.0,-10.0,0.0,0.0,-0.3300000000000001,1.7385497093200681
12.603619,70,12169.889139,209,True,False,False,False,10.0,0.0,0.0,0.0,-0.7000000000000004,3.3036185222864156
-8.668892,40,12185.873917,119,False,True,False,False,0.0,-10.0,0.0,0.0,-0.4000000000000002,1.731107997894287
-8.884542,45,12204.010161,134,False,True,False,False,0.0,-10.0,0.0,0.0,-0.45000000000000023,1.5654584026336666
-9.142233,89,12240.039088,267,False,True,False,False,0.0,-10.0,0.0,0.0,-0.8900000000000006,1.7477673554420472
-8.871482,60,12262.497625,180,False,True,False,False,0.0,-10.0,0.0,0.0,-0.6000000000000003,1.728517678976059
-8.936631,74,12291.400768,221,False,True,False,False,0.0,-10.0,0.0,0.0,-0.7400000000000004,1.803368805646896
-9.306384,88,12327.582234,264,False,True,False,False,0.0,-10.0,0.0,0.0,-0.8800000000000006,1.5736156177520753
-5.6,200,12406.983747,600,False,False,False,True,0.0,0.0,0.0,-5.0,-2.0000000000000013,1.4000000000000001
-8.59743,32,12419.979362,96,False,True,False,False,0.0,-10.0,0.0,0.0,-0.3200000000000001,1.7225698208808897
-8.751162,33,12432.970672,99,False,True,False,False,0.0,-10.0,0.0,0.0,-0.3300000000000001,1.5788383716344832
12.376673,94,12470.540779,281,True,False,False,False,10.0,0.0,0.0,0.0,-0.9400000000000006,3.3166728949546807
-3.781703,200,12548.887751,600,False,False,False,True,0.0,0.0,0.0,-5.0,-2.0000000000000013,3.218296580314637
-8.727295,38,12564.620302,112,False,True,False,False,0.0,-10.0,0.0,0.0,-0.38000000000000017,1.6527049487829208
-8.683156,41,12580.816977,123,False,True,False,False,0.0,-10.0,0.0,0.0,-0.4100000000000002,1.726844395399094
-8.657098,33,12594.497781,99,False,True,False,False,0.0,-10.0,0.0,0.0,-0.3300000000000001,1.6729015016555788
-8.94496,52,12615.6381,154,False,True,False,False,0.0,-10.0,0.0,0.0,-0.5200000000000002,1.5750400209426878
-8.793432,40,12631.926549,119,False,True,False,False,0.0,-10.0,0.0,0.0,-0.4000000000000002,1.606568471193314
-9.373302,94,12670.317174,280,False,True,False,False,0.0,-10.0,0.0,0.0,-0.9400000000000006,1.5666978359222412
-8.542614,45,12688.95104,134,False,True,False,False,0.0,-10.0,0.0,0.0,-0.45000000000000023,1.9073862254619596
-8.883081,55,12711.957319,163,False,True,False,False,0.0,-10.0,0.0,0.0,-0.5500000000000003,1.666918567419052
