#{"t_start": 1790627762.6052785, "env_id": "None"}
r,l,t,raw_simulation_steps,is_success,collision,off_route,max_time
12.28954,103,10.856357,308,True,False,False,False
12.370117,94,31.565871,281,True,False,False,False
-8.612536,29,47.34304,86,False,True,False,False
12.682736,61,79.187889,183,True,False,False,False
-8.650273,31,96.456144,92,False,True,False,False
12.504702,83,139.126994,247,True,False,False,False
-9.000914,63,171.193024,187,False,True,False,False
-8.813231,56,198.423882,168,False,True,False,False
-9.065133,63,226.317029,189,False,True,False,False
-8.88843,75,258.860914,224,False,True,False,False
12.485364,81,293.512317,243,True,False,False,False
-8.935575,49,315.134389,145,False,True,False,False
-5.6,200,401.152577,600,False,False,False,True
-5.6,200,487.284801,600,False,False,False,True
-5.6,200,572.519356,600,False,False,False,True
-5.6,200,658.284763,600,False,False,False,True
-5.491652,200,743.948953,600,False,False,False,True
11.513945,181,821.159947,541,True,False,False,False
-5.6,200,906.8767,600,False,False,False,True
-8.978037,63,934.437567,189,False,True,False,False
-5.6,200,1027.091102,600,False,False,False,True
-5.6,200,1122.398069,600,False,False,False,True
-5.6,200,1217.956411,600,False,False,False,True
-8.94929,63,1248.180033,188,False,True,False,False
-5.6,200,1343.35736,600,False,False,False,True
-5.6,200,1438.69325,600,False,False,False,True
-8.911938,72,1472.980453,214,False,True,False,False
-9.108703,61,1502.146052,181,False,True,False,False
-5.6,200,1597.602328,600,False,False,False,True
-9.07809,59,1625.942124,177,False,True,False,False
-5.6,200,1721.146594,600,False,False,False,True
-8.695388,47,1743.834907,139,False,True,False,False
-5.6,200,1838.818356,600,False,False,False,True
-5.6,200,1934.039288,600,False,False,False,True
-9.096174,60,1962.893556,178,False,True,False,False
-8.996113,64,1993.140407,192,False,True,False,False
-5.6,200,2087.864147,600,False,False,False,True
-5.6,200,2183.232525,600,False,False,False,True
-8.982002,48,2206.576407,144,False,True,False,False
-9.228336,89,2248.498914,265,False,True,False,False
12.506066,82,2287.444634,245,True,False,False,False
12.364711,96,2333.021045,288,True,False,False,False
-10.358451,198,2427.116488,593,False,True,False,False
-9.480363,99,2474.058625,297,False,True,False,False
-8.958726,68,2506.522059,203,False,True,False,False
-8.882418,69,2539.309918,205,False,True,False,False
-8.976481,70,2572.519397,209,False,True,False,False
12.503877,83,2612.369545,247,True,False,False,False
-9.0869,68,2648.369347,202,False,True,False,False
-8.947528,69,2682.917717,206,False,True,False,False
-8.91077,64,2713.357951,190,False,True,False,False
-9.128941,64,2743.723329,191,False,True,False,False
-8.686286,57,2771.055485,169,False,True,False,False
-9.039151,67,2803.108126,200,False,True,False,False
-8.504589,77,2839.796432,229,False,True,False,False
-8.789576,56,2866.352808,166,False,True,False,False
12.468691,87,2907.091205,259,True,False,False,False
-8.960499,69,2939.883528,207,False,True,False,False
-8.964691,63,2970.286233,189,False,True,False,False
12.319878,100,3017.407477,299,True,False,False,False
-9.023919,53,3042.954517,157,False,True,False,False
-9.072767,63,3072.889812,187,False,True,False,False
-8.975237,61,3102.306602,181,False,True,False,False
12.396898,89,3144.184691,267,True,False,False,False
12.23146,106,3194.413039,318,True,False,False,False
-9.093063,66,3225.970802,197,False,True,False,False
-8.939074,67,3258.13567,200,False,True,False,False
-9.038169,67,3290.404696,199,False,True,False,False
-9.028818,72,3324.383177,216,False,True,False,False
12.429276,91,3367.482019,271,True,False,False,False
-9.069881,63,3397.49957,189,False,True,False,False
12.337408,99,3444.710039,295,True,False,False,False
-8.980604,55,3470.896318,164,False,True,False,False
12.297789,101,3518.809219,303,True,False,False,False
-8.872716,46,3541.316462,138,False,True,False,False
-8.97692,77,3577.856519,231,False,True,False,False
12.488826,85,3617.997719,253,True,False,False,False
-9.163478,66,3649.39274,196,False,True,False,False
-8.835967,74,3684.587365,221,False,True,False,False
-9.012776,75,3720.540712,223,False,True,False,False
12.3128,102,3768.571067,304,True,False,False,False
12.56609,76,3804.535078,226,True,False,False,False
-8.001349,74,3839.710233,221,False,True,False,False
-9.117813,66,3871.196398,197,False,True,False,False
12.42356,91,3914.498366,271,True,False,False,False
-9.093945,61,3943.681938,182,False,True,False,False
-9.059845,59,3971.829655,177,False,True,False,False
-9.091653,59,4000.124117,177,False,True,False,False
-8.845061,62,4030.152905,184,False,True,False,False
-8.950904,65,4061.121387,195,False,True,False,False
12.595293,73,4095.877145,217,True,False,False,False
12.565455,76,4131.95078,226,True,False,False,False
-9.046379,64,4162.317075,190,False,True,False,False
12.45544,83,4201.727554,249,True,False,False,False
-8.925699,64,4234.032555,192,False,True,False,False
12.659415,65,4268.154688,194,True,False,False,False
-8.924656,47,4292.883581,139,False,True,False,False
-8.783201,60,4324.248806,180,False,True,False,False
-8.945332,63,4357.70082,188,False,True,False,False
-8.827316,47,4382.683788,141,False,True,False,False
-8.796475,46,4407.191996,136,False,True,False,False
12.501444,82,4449.577851,245,True,False,False,False
-8.579663,61,4481.725578,182,False,True,False,False
12.371559,94,4530.78726,281,True,False,False,False
12.285171,102,4582.588728,305,True,False,False,False
-9.013862,62,4612.475971,184,False,True,False,False
-8.699845,53,4638.965142,158,False,True,False,False
-8.468528,70,4673.813695,209,False,True,False,False
-9.129773,70,4708.337837,209,False,True,False,False
12.410131,90,4752.045368,269,True,False,False,False
-9.116836,63,4782.956282,187,False,True,False,False
12.48768,81,4822.369857,243,True,False,False,False
-8.801463,61,4852.015091,182,False,True,False,False
-8.726099,59,4880.739969,176,False,True,False,False
-7.772687,97,4927.853993,289,False,True,False,False
-8.835811,57,4956.196263,169,False,True,False,False
-8.741259,56,4983.530282,168,False,True,False,False
-8.955442,74,5020.222429,221,False,True,False,False
-9.077107,75,5057.567196,224,False,True,False,False
-9.341284,84,5098.742433,251,False,True,False,False
-9.032441,61,5129.12558,183,False,True,False,False
12.125553,117,5185.677677,351,True,False,False,False
-9.347777,85,5227.36153,253,False,True,False,False
-9.348892,95,5274.002742,285,False,True,False,False
-9.127756,90,5318.268168,270,False,True,False,False
-9.263467,96,5364.906838,288,False,True,False,False
-9.664286,118,5422.671766,352,False,True,False,False
-9.361834,96,5468.572057,287,False,True,False,False
-9.387383,110,5521.518955,330,False,True,False,False
-8.970727,74,5558.570632,221,False,True,False,False
-8.933223,58,5587.473146,172,False,True,False,False
12.279263,103,5637.167874,308,True,False,False,False
-9.485371,123,5696.535836,369,False,True,False,False
-9.003398,72,5731.6508,216,False,True,False,False
-9.240528,91,5775.146209,273,False,True,False,False
12.002834,130,5838.402559,390,True,False,False,False
-9.239498,96,5885.122738,288,False,True,False,False
-9.148859,92,5929.962278,276,False,True,False,False
12.003711,131,5993.337537,393,True,False,False,False
12.11725,119,6050.399256,357,True,False,False,False
12.041366,127,6111.651226,380,True,False,False,False
-8.772135,60,6141.277326,178,False,True,False,False
-8.913579,72,6175.881863,215,False,True,False,False
-9.220975,82,6215.465969,245,False,True,False,False
-9.182545,77,6253.832909,231,False,True,False,False
-9.139045,98,6301.535038,294,False,True,False,False
-9.18137,86,6342.733624,256,False,True,False,False
-9.335177,97,6389.09258,290,False,True,False,False
-9.094849,90,6433.300621,270,False,True,False,False
-9.23634,98,6480.766266,292,False,True,False,False
-9.180848,91,6524.416786,271,False,True,False,False
-9.041878,65,6556.066338,193,False,True,False,False
-9.054897,62,6586.001804,186,False,True,False,False
12.361367,96,6631.983513,287,True,False,False,False
-9.148164,81,6671.327287,242,False,True,False,False
-9.228969,75,6708.268581,225,False,True,False,False
-9.135353,94,6754.081964,282,False,True,False,False
-9.112625,75,6790.420025,225,False,True,False,False
-9.247902,79,6828.650503,237,False,True,False,False
-9.086252,72,6863.911176,214,False,True,False,False
-9.161083,83,6903.845983,247,False,True,False,False
-8.914275,70,6937.422202,208,False,True,False,False
-9.14734,92,6981.876822,276,False,True,False,False
12.140618,118,7039.650569,353,True,False,False,False
-9.039879,64,7070.218584,191,False,True,False,False
-9.251193,104,7120.664442,312,False,True,False,False
-9.147872,97,7167.940193,290,False,True,False,False
12.313574,101,7216.858725,302,True,False,False,False
-9.097102,81,7255.965343,243,False,True,False,False
12.284469,105,7307.437666,313,True,False,False,False
-9.145848,67,7340.357846,199,False,True,False,False
-9.0509,60,7369.574783,180,False,True,False,False
-9.19673,70,7403.604925,210,False,True,False,False
-9.160191,83,7444.079054,247,False,True,False,False
-9.259597,77,7481.733513,229,False,True,False,False
-9.207622,71,7516.242482,212,False,True,False,False
-8.899288,59,7543.769548,175,False,True,False,False
12.25317,104,7593.725756,312,True,False,False,False
-9.088668,73,7629.574048,217,False,True,False,False
12.143569,117,7685.890357,350,True,False,False,False
-9.188454,71,7720.351652,212,False,True,False,False
-9.135119,64,7752.140263,190,False,True,False,False
-9.119169,63,7782.860671,188,False,True,False,False
-8.974161,63,7813.384783,187,False,True,False,False
12.299228,104,7863.938578,310,True,False,False,False
-8.983071,71,7898.36368,212,False,True,False,False
-8.842062,68,7931.571939,204,False,True,False,False
