#{"t_start": 1790499788.5509467, "env_id": "None"}
r,l,t,raw_simulation_steps,is_success,collision,off_route,max_time
-8.892618,52,5.952744,154,False,True,False,False
-8.8334,52,9.878786,154,False,True,False,False
-8.719531,57,13.817939,169,False,True,False,False
-9.420615,111,20.718141,333,False,True,False,False
-9.440097,118,27.960484,354,False,True,False,False
-8.876914,54,31.796455,162,False,True,False,False
11.47603,183,42.893046,549,True,False,False,False
-5.6,200,55.453775,600,False,False,False,True
-8.887849,58,59.256387,174,False,True,False,False
11.463471,185,70.18769,555,True,False,False,False
-8.871669,61,74.162995,182,False,True,False,False
-8.815361,64,78.942874,190,False,True,False,False
12.207008,112,87.262291,335,True,False,False,False
-9.518961,112,94.471226,336,False,True,False,False
12.182058,112,100.662813,336,True,False,False,False
-8.930694,59,104.839374,176,False,True,False,False
-9.04851,82,111.41755,245,False,True,False,False
12.220142,111,128.383377,333,True,False,False,False
-8.913886,76,140.293391,226,False,True,False,False
-9.29832,112,157.127135,334,False,True,False,False
-8.857731,58,166.169127,172,False,True,False,False
12.068832,126,184.663801,376,True,False,False,False
12.104449,121,202.838652,363,True,False,False,False
-8.934783,71,213.799168,211,False,True,False,False
-9.090222,78,225.722375,234,False,True,False,False
-8.98456,66,236.334346,196,False,True,False,False
-8.927806,74,250.058652,220,False,True,False,False
-9.045506,65,262.470766,195,False,True,False,False
12.257598,108,282.864667,322,True,False,False,False
-8.876356,69,296.392306,207,False,True,False,False
12.276637,103,315.654048,309,True,False,False,False
11.885372,145,342.846715,433,True,False,False,False
12.290438,102,361.26572,306,True,False,False,False
-8.680486,54,370.0994,160,False,True,False,False
-8.7615,50,378.654987,150,False,True,False,False
12.402138,90,392.550916,270,True,False,False,False
11.890051,145,414.913258,433,True,False,False,False
-9.1951,86,428.502918,256,False,True,False,False
-8.742902,51,436.97914,152,False,True,False,False
11.88085,144,458.580885,431,True,False,False,False
12.439762,88,471.982205,263,True,False,False,False
12.290797,105,488.482687,313,True,False,False,False
-8.861401,50,496.573406,150,False,True,False,False
12.481684,82,509.375307,246,True,False,False,False
-8.743178,43,516.715689,128,False,True,False,False
-8.884558,70,527.525254,209,False,True,False,False
-8.648932,46,535.082349,136,False,True,False,False
-8.720413,45,542.972711,135,False,True,False,False
-8.656383,47,551.01385,141,False,True,False,False
12.297148,100,566.688947,300,True,False,False,False
-8.849518,46,574.745529,136,False,True,False,False
-9.165638,90,589.556683,270,False,True,False,False
-8.785648,65,601.331356,194,False,True,False,False
12.213624,109,617.978207,327,True,False,False,False
-8.926877,65,629.237997,195,False,True,False,False
12.310245,101,644.648253,302,True,False,False,False
-8.824798,51,653.084095,151,False,True,False,False
-9.023162,63,662.747002,187,False,True,False,False
-8.833179,64,672.72439,191,False,True,False,False
-9.095664,90,688.947062,269,False,True,False,False
-9.342985,105,708.174461,315,False,True,False,False
-8.990298,60,719.579436,179,False,True,False,False
12.163611,114,740.459423,342,True,False,False,False
-8.940463,54,750.788311,160,False,True,False,False
-8.807724,55,761.147813,164,False,True,False,False
-8.751926,67,773.787384,199,False,True,False,False
-9.244846,85,789.355126,254,False,True,False,False
-8.964755,62,798.954968,184,False,True,False,False
12.298383,104,814.940897,310,True,False,False,False
12.400464,94,829.071728,280,True,False,False,False
-8.975558,61,838.731161,183,False,True,False,False
-9.230283,84,852.147239,250,False,True,False,False
-9.516206,127,871.991866,379,False,True,False,False
-8.999455,60,881.823648,180,False,True,False,False
12.303977,103,897.234254,308,True,False,False,False
-8.865458,62,907.130656,185,False,True,False,False
12.208154,113,923.752787,337,True,False,False,False
12.278397,105,940.028111,313,True,False,False,False
-9.575841,123,958.559295,369,False,True,False,False
-8.798836,64,968.696781,190,False,True,False,False
-9.54909,125,988.30702,373,False,True,False,False
-9.051195,87,1002.644794,260,False,True,False,False
-9.324367,103,1019.206959,309,False,True,False,False
12.029257,128,1041.882682,383,True,False,False,False
-9.003293,63,1052.356927,187,False,True,False,False
-8.702697,52,1059.809974,154,False,True,False,False
-9.118597,88,1073.534641,264,False,True,False,False
-9.033469,86,1087.654721,258,False,True,False,False
12.256882,105,1103.447109,314,True,False,False,False
12.101338,123,1122.375223,367,True,False,False,False
-8.742164,56,1134.601623,166,False,True,False,False
-8.996633,61,1151.209504,182,False,True,False,False
-8.824319,63,1166.424416,188,False,True,False,False
-8.928449,61,1181.492271,182,False,True,False,False
-9.286276,103,1204.851138,308,False,True,False,False
12.350402,98,1228.253161,293,True,False,False,False
12.281021,103,1251.682692,308,True,False,False,False
-8.707599,52,1264.807888,154,False,True,False,False
12.474975,84,1283.663785,251,True,False,False,False
11.876418,145,1315.393088,433,True,False,False,False
-9.089199,84,1334.704373,252,False,True,False,False
-8.73869,50,1346.587454,150,False,True,False,False
-8.677203,53,1359.101979,157,False,True,False,False
12.333054,97,1380.759495,291,True,False,False,False
-9.080294,84,1399.616047,252,False,True,False,False
-9.177629,83,1418.361757,247,False,True,False,False
-9.262581,105,1440.76141,314,False,True,False,False
12.217136,107,1462.763936,321,True,False,False,False
-8.879549,62,1476.498114,186,False,True,False,False
-8.75197,52,1489.872643,155,False,True,False,False
-8.974745,60,1502.713279,180,False,True,False,False
-9.08688,85,1520.632141,254,False,True,False,False
-8.81404,63,1533.655334,189,False,True,False,False
-8.797244,52,1543.891571,154,False,True,False,False
-9.129534,81,1559.062052,243,False,True,False,False
-8.939119,61,1570.655767,181,False,True,False,False
-8.743386,52,1580.966857,154,False,True,False,False
-9.184785,80,1595.62074,239,False,True,False,False
11.897858,142,1621.6462,425,True,False,False,False
12.181319,115,1642.408254,343,True,False,False,False
-8.810722,63,1654.272213,189,False,True,False,False
-9.216217,107,1673.897656,319,False,True,False,False
12.282248,102,1692.498163,306,True,False,False,False
-9.036143,85,1708.166006,254,False,True,False,False
-8.860133,71,1721.312166,212,False,True,False,False
-8.75458,65,1732.968227,193,False,True,False,False
12.245411,108,1752.327234,322,True,False,False,False
-9.194526,83,1767.559225,247,False,True,False,False
11.561734,176,1799.75487,527,True,False,False,False
-8.945656,68,1814.187766,202,False,True,False,False
12.479864,85,1829.586499,253,True,False,False,False
-8.760297,49,1838.80653,147,False,True,False,False
-8.990903,60,1849.889422,179,False,True,False,False
-8.69687,54,1860.583405,161,False,True,False,False
11.880953,145,1887.836484,434,True,False,False,False
12.189185,113,1908.43983,338,True,False,False,False
-9.00782,63,1921.219778,187,False,True,False,False
-9.218186,94,1938.27252,282,False,True,False,False
11.913637,140,1962.75835,419,True,False,False,False
11.70983,160,1989.94908,479,True,False,False,False
-8.92525,68,2002.216435,204,False,True,False,False
-8.66848,51,2011.365803,152,False,True,False,False
-8.803896,69,2023.637479,206,False,True,False,False
-9.141318,100,2041.566139,300,False,True,False,False
12.264296,104,2060.246944,311,True,False,False,False
-9.340595,98,2077.95043,294,False,True,False,False
12.292197,99,2095.878978,297,True,False,False,False
-8.966451,68,2108.572741,202,False,True,False,False
-8.994963,80,2123.478412,240,False,True,False,False
-9.092184,91,2139.736059,271,False,True,False,False
12.226518,109,2159.097271,326,True,False,False,False
-8.894627,74,2172.392908,220,False,True,False,False
-9.284231,102,2190.378064,305,False,True,False,False
-9.233333,111,2209.774258,332,False,True,False,False
12.110992,120,2231.097024,359,True,False,False,False
-9.505094,134,2254.604079,400,False,True,False,False
-9.549599,115,2274.929458,344,False,True,False,False
-9.987254,173,2305.112248,518,False,True,False,False
12.146723,119,2325.410735,355,True,False,False,False
-8.7515,59,2336.053401,175,False,True,False,False
11.977608,133,2359.302423,398,True,False,False,False
12.246819,106,2377.933712,317,True,False,False,False
-9.090604,99,2395.459539,297,False,True,False,False
12.011509,130,2417.903351,389,True,False,False,False
-8.942413,72,2430.937839,216,False,True,False,False
11.818749,152,2457.171221,454,True,False,False,False
-4.491785,200,2492.347118,600,False,False,False,True
11.753595,154,2519.381939,462,True,False,False,False
12.296383,103,2537.961069,307,True,False,False,False
-9.235442,102,2556.0787,305,False,True,False,False
-9.40779,122,2577.479373,365,False,True,False,False
-8.566362,44,2585.755309,131,False,True,False,False
-8.67557,48,2594.913818,144,False,True,False,False
-9.799642,168,2623.846892,503,False,True,False,False
11.884561,142,2648.240058,425,True,False,False,False
-9.214835,105,2666.545212,314,False,True,False,False
-8.706263,60,2678.708027,180,False,True,False,False
-5.476184,200,2721.294754,600,False,False,False,True
-9.379469,116,2746.404282,346,False,True,False,False
12.116133,121,2767.812315,361,True,False,False,False
11.940145,136,2788.707172,408,True,False,False,False
12.379789,93,2803.121803,278,True,False,False,False
