#{"t_start": 1790555007.2642548, "env_id": "None"}
r,l,t,raw_simulation_steps,is_success,collision,off_route,max_time
-8.892618,52,6.504979,154,False,True,False,False
-8.8334,52,10.504947,154,False,True,False,False
-8.719531,57,14.771649,169,False,True,False,False
-9.420615,111,22.582034,333,False,True,False,False
-9.440097,118,30.7264,354,False,True,False,False
-8.876914,54,35.013422,162,False,True,False,False
11.47603,183,47.305681,549,True,False,False,False
-5.6,200,61.345224,600,False,False,False,True
-8.887849,58,65.68259,174,False,True,False,False
11.463471,185,78.324327,555,True,False,False,False
-8.871669,61,82.713661,182,False,True,False,False
-8.815361,64,87.394493,190,False,True,False,False
12.207008,112,95.157648,335,True,False,False,False
-9.518961,112,103.155205,336,False,True,False,False
12.182058,112,110.417939,336,True,False,False,False
-8.930694,59,114.843351,176,False,True,False,False
-9.024695,85,122.648029,254,False,True,False,False
-5.6,200,212.913619,600,False,False,False,True
-8.962967,73,245.987053,218,False,True,False,False
-5.6,200,336.861717,600,False,False,False,True
-5.6,200,426.85347,600,False,False,False,True
-5.6,200,516.6149,600,False,False,False,True
-5.6,200,606.722255,600,False,False,False,True
-5.6,200,696.441127,600,False,False,False,True
-4.351444,200,786.934912,600,False,False,False,True
-9.935478,177,865.8271,531,False,True,False,False
11.912044,141,929.286703,422,True,False,False,False
11.877489,144,993.802397,431,True,False,False,False
12.266419,105,1041.133512,314,True,False,False,False
-9.796582,155,1110.254489,463,False,True,False,False
-8.839221,66,1140.16553,196,False,True,False,False
12.459955,88,1179.63308,262,True,False,False,False
12.323181,100,1224.288843,298,True,False,False,False
-8.858982,47,1245.455978,140,False,True,False,False
-10.001571,176,1324.552404,526,False,True,False,False
11.898014,140,1387.083024,420,True,False,False,False
-9.845072,149,1453.882918,446,False,True,False,False
-9.120634,91,1495.681865,272,False,True,False,False
-9.715677,146,1561.907875,438,False,True,False,False
-8.958136,61,1590.20275,181,False,True,False,False
11.89521,142,1654.05475,425,True,False,False,False
-8.756631,54,1678.856105,162,False,True,False,False
-9.075146,89,1719.580652,267,False,True,False,False
-9.202165,85,1760.556351,255,False,True,False,False
-8.823092,67,1792.207869,199,False,True,False,False
-10.122267,172,1872.835386,516,False,True,False,False
-5.6,200,1962.947675,600,False,False,False,True
-9.110438,90,2003.849655,270,False,True,False,False
-9.696291,133,2064.604337,398,False,True,False,False
-10.243628,195,2152.137858,584,False,True,False,False
12.133862,119,2205.371147,357,True,False,False,False
-8.836246,67,2236.023367,201,False,True,False,False
-9.366233,109,2285.416151,327,False,True,False,False
-9.663568,149,2352.654814,445,False,True,False,False
-8.968858,61,2380.355864,183,False,True,False,False
-9.403529,104,2427.519648,310,False,True,False,False
-5.6,200,2517.407148,600,False,False,False,True
12.145353,115,2567.892719,345,True,False,False,False
-10.170655,196,2656.372272,588,False,True,False,False
-8.820246,43,2676.327334,129,False,True,False,False
11.979339,135,2736.67624,403,True,False,False,False
-9.604031,130,2794.453365,389,False,True,False,False
-9.129951,88,2834.087318,263,False,True,False,False
-9.240443,84,2871.776914,252,False,True,False,False
-5.6,200,2962.185264,600,False,False,False,True
12.19491,112,3012.142205,335,True,False,False,False
-8.653084,46,3032.990753,136,False,True,False,False
12.455831,87,3071.733287,260,True,False,False,False
-9.181003,83,3109.34071,248,False,True,False,False
12.244152,104,3156.241351,312,True,False,False,False
-4.436867,200,3246.163418,600,False,False,False,True
-5.6,200,3336.306933,600,False,False,False,True
-5.6,200,3426.101275,600,False,False,False,True
-5.6,200,3516.74492,600,False,False,False,True
-5.6,200,3605.343337,600,False,False,False,True
-5.6,200,3693.553355,600,False,False,False,True
-5.6,200,3780.707886,600,False,False,False,True
-5.6,200,3871.561893,600,False,False,False,True
-9.112698,85,3910.108091,253,False,True,False,False
-5.6,200,4001.080101,600,False,False,False,True
-9.89973,174,4079.8741,521,False,True,False,False
-10.19517,194,4168.354866,581,False,True,False,False
11.690256,165,4242.486817,493,True,False,False,False
-5.6,200,4332.366956,600,False,False,False,True
11.879822,145,4397.498093,433,True,False,False,False
-5.6,200,4487.414651,600,False,False,False,True
-5.6,200,4578.337824,600,False,False,False,True
-9.63278,134,4638.551638,400,False,True,False,False
-5.6,200,4728.649655,600,False,False,False,True
-5.6,200,4819.163169,600,False,False,False,True
-5.6,200,4909.673702,600,False,False,False,True
-9.628701,126,4966.784051,377,False,True,False,False
-5.6,200,5057.865031,600,False,False,False,True
-5.6,200,5149.699241,600,False,False,False,True
-5.6,200,5239.566752,600,False,False,False,True
-5.6,200,5330.382009,600,False,False,False,True
-5.6,200,5422.478,600,False,False,False,True
-5.6,200,5512.623637,600,False,False,False,True
-5.6,200,5600.93821,600,False,False,False,True
-5.6,200,5695.125721,600,False,False,False,True
-5.6,200,5782.635737,600,False,False,False,True
-5.6,200,5869.673033,600,False,False,False,True
-5.6,200,5951.206933,600,False,False,False,True
-5.6,200,6033.943754,600,False,False,False,True
-5.6,200,6122.251901,600,False,False,False,True
-5.6,200,6210.832417,600,False,False,False,True
-5.6,200,6301.319884,600,False,False,False,True
-5.6,200,6390.976594,600,False,False,False,True
-5.6,200,6481.209013,600,False,False,False,True
-5.6,200,6571.552676,600,False,False,False,True
-5.6,200,6662.010174,600,False,False,False,True
-5.6,200,6748.045627,600,False,False,False,True
-5.6,200,6839.035106,600,False,False,False,True
