#{"t_start": 1790538424.0430386, "env_id": "None"}
r,l,t,raw_simulation_steps,is_success,collision,off_route,max_time
-8.892618,52,7.158812,154,False,True,False,False
-8.8334,52,11.419225,154,False,True,False,False
-8.719531,57,15.714666,169,False,True,False,False
-9.420615,111,23.879103,333,False,True,False,False
-9.440097,118,32.220309,354,False,True,False,False
-8.876914,54,36.465419,162,False,True,False,False
11.47603,183,48.526895,549,True,False,False,False
-5.6,200,63.248078,600,False,False,False,True
-8.887849,58,68.144089,174,False,True,False,False
11.463471,185,82.166789,555,True,False,False,False
-8.871669,61,86.773426,182,False,True,False,False
-8.815361,64,91.750005,190,False,True,False,False
12.207008,112,100.448161,335,True,False,False,False
-9.518961,112,108.777344,336,False,True,False,False
12.182058,112,116.509482,336,True,False,False,False
-8.930694,59,121.109652,176,False,True,False,False
-9.065835,82,128.441232,245,False,True,False,False
-8.957331,68,187.089231,204,False,True,False,False
-10.082571,168,332.279954,503,False,True,False,False
-8.693898,59,383.030355,176,False,True,False,False
-5.6,200,557.505216,600,False,False,False,True
-9.117279,95,641.02641,283,False,True,False,False
-5.6,200,811.631262,600,False,False,False,True
-9.244879,97,891.459086,290,False,True,False,False
-5.6,200,1055.639048,600,False,False,False,True
-9.221494,99,1137.233232,297,False,True,False,False
-5.6,200,1302.16969,600,False,False,False,True
-9.069173,69,1359.305393,205,False,True,False,False
-5.6,200,1523.971161,600,False,False,False,True
-8.923267,67,1578.758441,199,False,True,False,False
12.076228,125,1680.132035,374,True,False,False,False
-5.6,200,1846.350579,600,False,False,False,True
-5.6,200,2014.945215,600,False,False,False,True
-9.743799,157,2148.15343,469,False,True,False,False
-9.603995,142,2269.891454,426,False,True,False,False
-9.344633,96,2352.630334,287,False,True,False,False
-8.75456,48,2393.582749,142,False,True,False,False
-5.6,200,2563.982946,600,False,False,False,True
-9.045895,90,2641.267633,270,False,True,False,False
-3.875943,200,2812.422355,600,False,False,False,True
-9.222865,89,2888.842871,265,False,True,False,False
-5.6,200,3059.548165,600,False,False,False,True
-8.904217,57,3108.645974,170,False,True,False,False
-9.031226,70,3168.778879,208,False,True,False,False
-8.966887,71,3229.280441,211,False,True,False,False
-5.6,200,3398.660394,600,False,False,False,True
-8.829424,50,3442.153028,149,False,True,False,False
-9.053172,74,3505.160107,222,False,True,False,False
-8.787943,69,3564.047286,207,False,True,False,False
-8.80613,70,3624.852624,210,False,True,False,False
-9.264591,91,3702.309934,272,False,True,False,False
-9.316239,107,3792.907714,320,False,True,False,False
-9.645121,134,3906.731801,402,False,True,False,False
-8.861015,56,3955.109533,168,False,True,False,False
-8.881817,61,4007.31734,181,False,True,False,False
12.258383,105,4096.222511,315,True,False,False,False
-9.561913,116,4194.703038,346,False,True,False,False
-8.996907,69,4253.152802,205,False,True,False,False
-9.14217,75,4316.092191,225,False,True,False,False
11.881974,143,4437.281365,429,True,False,False,False
-9.106385,71,4497.6215,213,False,True,False,False
12.113676,119,4597.817535,357,True,False,False,False
11.942617,138,4713.560293,413,True,False,False,False
-9.23465,94,4792.55738,280,False,True,False,False
-8.906916,63,4846.046599,189,False,True,False,False
-9.326411,97,4928.354904,289,False,True,False,False
-9.549449,120,5029.691936,358,False,True,False,False
12.227316,111,5122.962991,331,True,False,False,False
-8.970473,58,5172.003006,172,False,True,False,False
11.908953,138,5288.432654,414,True,False,False,False
-9.394598,100,5372.909619,299,False,True,False,False
-9.049426,66,5428.834434,197,False,True,False,False
-9.109272,84,5499.670901,251,False,True,False,False
-9.096487,74,5563.088266,220,False,True,False,False
-8.92512,56,5610.70852,168,False,True,False,False
12.485314,80,5678.72515,240,True,False,False,False
12.358136,93,5757.635021,279,True,False,False,False
-8.937581,62,5810.474638,184,False,True,False,False
-9.057023,70,5869.686319,210,False,True,False,False
-9.00986,62,5922.429346,184,False,True,False,False
12.387303,92,5999.916305,275,True,False,False,False
12.381769,95,6080.521661,283,True,False,False,False
-8.984929,60,6131.720826,180,False,True,False,False
-8.953433,55,6178.501937,165,False,True,False,False
-8.89691,50,6221.255985,148,False,True,False,False
-8.767423,49,6262.950272,145,False,True,False,False
12.505267,82,6332.3703,244,True,False,False,False
12.421619,88,6406.057931,264,True,False,False,False
-9.165512,81,6474.6322,241,False,True,False,False
-8.962677,70,6533.759296,209,False,True,False,False
-9.332354,95,6614.516905,283,False,True,False,False
-9.220635,103,6701.456679,309,False,True,False,False
12.409208,88,6770.096538,264,True,False,False,False
-9.191279,79,6831.484998,236,False,True,False,False
-9.371647,100,6908.398691,299,False,True,False,False
-9.256109,87,6974.655313,259,False,True,False,False
-8.85416,66,7024.898093,198,False,True,False,False
12.295537,99,7100.398752,297,True,False,False,False
-8.912868,76,7158.61749,228,False,True,False,False
-9.065246,73,7216.966443,218,False,True,False,False
11.938651,136,7319.648758,408,True,False,False,False
12.065465,124,7413.459631,371,True,False,False,False
11.98998,133,7510.147875,398,True,False,False,False
-9.316399,92,7573.617255,274,False,True,False,False
-9.852525,146,7668.498805,437,False,True,False,False
-9.328647,100,7734.154064,298,False,True,False,False
12.394507,93,7794.842619,277,True,False,False,False
12.133464,119,7872.73821,356,True,False,False,False
11.977284,135,7960.031956,403,True,False,False,False
12.00108,129,8045.692077,387,True,False,False,False
11.775593,154,8145.723927,461,True,False,False,False
12.007557,130,8228.930288,389,True,False,False,False
-9.527692,135,8315.733166,404,False,True,False,False
-9.940032,159,8416.98262,477,False,True,False,False
-9.593583,119,8493.120031,356,False,True,False,False
-5.405822,200,8621.250089,600,False,False,False,True
12.446035,85,8675.553466,255,True,False,False,False
-10.163166,189,8795.597576,566,False,True,False,False
-5.542332,200,8922.362909,600,False,False,False,True
-9.69769,134,9007.414303,402,False,True,False,False
-5.4015,200,9135.129454,600,False,False,False,True
-9.881546,169,9242.92661,506,False,True,False,False
-9.220332,82,9295.722495,246,False,True,False,False
-8.974993,80,9346.919715,238,False,True,False,False
-9.093065,70,9391.674222,209,False,True,False,False
-9.198296,93,9451.217493,279,False,True,False,False
-8.902366,71,9496.599427,211,False,True,False,False
-8.576436,48,9527.305165,144,False,True,False,False
-8.684817,49,9559.198289,147,False,True,False,False
-9.034666,75,9607.182799,224,False,True,False,False
-5.436227,200,9735.2198,600,False,False,False,True
-9.9767,179,9848.60376,537,False,True,False,False
-9.921908,153,9946.681883,458,False,True,False,False
12.083821,122,10024.760085,365,True,False,False,False
-9.90104,171,10134.465731,512,False,True,False,False
-5.420674,200,10261.862091,600,False,False,False,True
-5.30491,200,10390.576091,600,False,False,False,True
-9.263968,99,10454.170856,295,False,True,False,False
-5.415242,200,10582.334172,600,False,False,False,True
-8.900822,72,10628.622118,214,False,True,False,False
12.028909,126,10708.955254,378,True,False,False,False
-8.995866,74,10756.578394,221,False,True,False,False
-9.710132,131,10841.721512,392,False,True,False,False
12.110691,123,10919.963377,367,True,False,False,False
12.078742,123,10998.380765,368,True,False,False,False
-5.40839,200,11127.586089,600,False,False,False,True
-9.439816,131,11213.980836,391,False,True,False,False
-9.613577,122,11291.764074,364,False,True,False,False
11.534649,177,11404.897272,530,True,False,False,False
12.267586,104,11471.883945,312,True,False,False,False
