#{"t_start": 1790538424.1939287, "env_id": "None"}
r,l,t,raw_simulation_steps,is_success,collision,off_route,max_time
-8.892618,52,7.054889,154,False,True,False,False
-8.8334,52,11.29371,154,False,True,False,False
-8.719531,57,15.616502,169,False,True,False,False
-9.420615,111,23.866802,333,False,True,False,False
-9.440097,118,32.18592,354,False,True,False,False
-8.876914,54,36.493765,162,False,True,False,False
11.47603,183,48.562033,549,True,False,False,False
-5.6,200,63.39575,600,False,False,False,True
-8.887849,58,68.276323,174,False,True,False,False
11.463471,185,82.363106,555,True,False,False,False
-8.871669,61,86.979374,182,False,True,False,False
-8.815361,64,91.987114,190,False,True,False,False
12.207008,112,100.730363,335,True,False,False,False
-9.518961,112,109.049866,336,False,True,False,False
12.182058,112,116.878366,336,True,False,False,False
-8.930694,59,121.480709,176,False,True,False,False
-9.065698,82,128.633771,245,False,True,False,False
-8.952463,68,163.869987,202,False,True,False,False
-10.077223,168,250.721242,502,False,True,False,False
-8.92075,71,287.399252,213,False,True,False,False
-9.987244,159,369.890117,477,False,True,False,False
12.272832,106,424.645387,316,True,False,False,False
-9.991078,160,507.120786,478,False,True,False,False
-5.6,200,612.113467,600,False,False,False,True
-5.6,200,715.490494,600,False,False,False,True
-5.6,200,815.684417,600,False,False,False,True
-5.6,200,912.719056,600,False,False,False,True
-5.6,200,1009.231168,600,False,False,False,True
-5.6,200,1106.71478,600,False,False,False,True
-9.298984,91,1151.22814,272,False,True,False,False
-5.6,200,1248.707275,600,False,False,False,True
-4.358602,200,1346.493277,600,False,False,False,True
-5.6,200,1444.188843,600,False,False,False,True
-8.815328,54,1470.581439,162,False,True,False,False
-9.762329,144,1538.878337,431,False,True,False,False
12.408314,91,1581.52905,272,True,False,False,False
-5.6,200,1676.186729,600,False,False,False,True
-5.6,200,1773.404789,600,False,False,False,True
-9.361623,103,1823.646784,309,False,True,False,False
12.446083,85,1864.967026,255,True,False,False,False
12.507825,82,1904.736589,244,True,False,False,False
-9.415648,113,1961.214756,338,False,True,False,False
-5.6,200,2061.552963,600,False,False,False,True
12.000302,132,2127.680147,395,True,False,False,False
-8.88707,65,2161.451214,195,False,True,False,False
-9.540273,144,2232.429737,430,False,True,False,False
-8.832744,47,2255.947631,139,False,True,False,False
-9.30017,95,2303.055058,283,False,True,False,False
-9.446625,116,2360.673583,347,False,True,False,False
-8.96891,61,2391.242819,183,False,True,False,False
-8.672144,49,2415.903398,145,False,True,False,False
12.400783,93,2462.385374,278,True,False,False,False
-5.6,200,2562.149374,600,False,False,False,True
-9.232251,93,2608.334505,277,False,True,False,False
-9.044462,67,2641.652322,200,False,True,False,False
-9.654728,138,2710.409119,412,False,True,False,False
-8.817892,71,2745.55633,211,False,True,False,False
-8.963125,70,2779.518538,210,False,True,False,False
-9.018522,67,2812.873955,199,False,True,False,False
-8.920517,69,2847.298482,206,False,True,False,False
-9.925024,167,2930.410927,500,False,True,False,False
-9.235899,98,2979.360386,294,False,True,False,False
-5.6,200,3078.697153,600,False,False,False,True
-5.6,200,3177.51171,600,False,False,False,True
-8.838913,50,3203.217469,148,False,True,False,False
-9.195283,95,3250.326919,285,False,True,False,False
-8.936498,75,3287.60776,224,False,True,False,False
-8.621653,54,3314.746541,161,False,True,False,False
-8.811197,45,3337.425213,134,False,True,False,False
-8.741991,55,3365.21318,165,False,True,False,False
-9.055862,70,3399.58282,210,False,True,False,False
-9.353612,116,3457.100946,346,False,True,False,False
12.295773,102,3507.154454,305,True,False,False,False
-9.487852,113,3563.168475,339,False,True,False,False
-8.693696,50,3588.592595,148,False,True,False,False
-8.865559,48,3613.792241,144,False,True,False,False
-9.095469,71,3649.218334,213,False,True,False,False
-9.81728,143,3719.378226,427,False,True,False,False
-9.140167,95,3766.30001,285,False,True,False,False
-9.528622,134,3832.297894,400,False,True,False,False
-9.036556,89,3875.905106,265,False,True,False,False
-5.6,200,3973.292405,600,False,False,False,True
-8.86491,67,4007.118978,200,False,True,False,False
12.367825,93,4052.626666,279,True,False,False,False
12.371644,96,4099.72011,286,True,False,False,False
-8.921473,61,4130.368838,183,False,True,False,False
-8.978445,59,4160.362449,176,False,True,False,False
-8.801085,53,4186.781279,158,False,True,False,False
-9.107726,72,4222.294099,214,False,True,False,False
-9.067046,79,4261.388809,237,False,True,False,False
-8.953773,67,4294.571141,199,False,True,False,False
12.339424,98,4342.62683,293,True,False,False,False
12.289296,103,4393.477748,308,True,False,False,False
-8.745144,46,4416.334411,136,False,True,False,False
-8.80727,54,4443.162174,162,False,True,False,False
12.579932,71,4478.413874,213,True,False,False,False
-8.876406,56,4506.285642,168,False,True,False,False
-8.987064,82,4546.531254,246,False,True,False,False
-8.703559,43,4568.09247,129,False,True,False,False
-9.090721,70,4602.69345,208,False,True,False,False
12.561908,74,4638.931039,222,True,False,False,False
12.61823,68,4672.669797,204,True,False,False,False
-8.61578,46,4695.848972,136,False,True,False,False
-8.776682,50,4720.824614,149,False,True,False,False
12.580199,74,4757.684048,221,True,False,False,False
-8.729654,54,4784.770161,162,False,True,False,False
-8.985141,72,4820.034835,215,False,True,False,False
-8.883936,52,4845.946302,154,False,True,False,False
-8.685055,42,4867.096976,126,False,True,False,False
12.679738,66,4900.227548,196,True,False,False,False
-8.735135,34,4917.578566,102,False,True,False,False
-8.669201,41,4938.069039,122,False,True,False,False
12.637525,67,4971.600803,200,True,False,False,False
-8.725737,53,4997.758602,159,False,True,False,False
-8.81533,49,5022.987958,147,False,True,False,False
-8.828629,44,5045.501722,132,False,True,False,False
-8.695028,51,5071.174136,153,False,True,False,False
-8.771661,38,5090.377396,113,False,True,False,False
-8.744202,36,5108.838651,106,False,True,False,False
-8.902982,52,5134.755915,155,False,True,False,False
-8.639709,46,5158.188204,136,False,True,False,False
12.562748,74,5194.758328,221,True,False,False,False
-8.661296,43,5216.861498,128,False,True,False,False
-8.853474,53,5243.210009,159,False,True,False,False
-8.867602,59,5272.905909,176,False,True,False,False
12.652786,65,5304.730437,194,True,False,False,False
-8.803365,44,5326.77174,132,False,True,False,False
-8.570883,38,5346.345448,114,False,True,False,False
12.700902,64,5378.187229,190,True,False,False,False
12.586158,72,5413.739969,215,True,False,False,False
-8.8102,41,5434.512831,122,False,True,False,False
12.64222,67,5467.8899,200,True,False,False,False
12.647842,65,5499.895303,195,True,False,False,False
-8.728863,56,5528.125737,168,False,True,False,False
-8.838463,46,5551.83923,137,False,True,False,False
-8.732226,42,5574.085865,125,False,True,False,False
12.523933,79,5613.182514,236,True,False,False,False
12.559953,73,5649.497939,219,True,False,False,False
-8.694908,52,5675.711137,155,False,True,False,False
12.643088,66,5708.311356,197,True,False,False,False
12.6298,66,5741.22382,198,True,False,False,False
-8.636742,37,5760.243988,110,False,True,False,False
12.568905,72,5796.259428,216,True,False,False,False
-8.736251,34,5813.581892,102,False,True,False,False
12.705039,63,5845.317213,187,True,False,False,False
12.659709,64,5876.810349,192,True,False,False,False
-8.804084,58,5906.011204,174,False,True,False,False
12.717502,62,5936.815526,184,True,False,False,False
-8.731425,34,5954.102947,101,False,True,False,False
-8.619128,39,5973.88448,115,False,True,False,False
-8.579611,43,5995.590982,129,False,True,False,False
-8.589362,43,6017.397029,127,False,True,False,False
-8.66862,42,6038.707937,125,False,True,False,False
-8.786468,43,6060.452021,128,False,True,False,False
12.587623,75,6097.750559,223,True,False,False,False
12.578187,72,6133.025443,216,True,False,False,False
-8.717277,36,6151.776531,108,False,True,False,False
-8.648415,37,6170.983165,111,False,True,False,False
12.613097,70,6205.83938,209,True,False,False,False
-8.622436,43,6227.522264,127,False,True,False,False
12.692731,64,6259.480684,190,True,False,False,False
-8.726983,40,6279.512266,118,False,True,False,False
-8.720717,46,6302.818355,136,False,True,False,False
12.666665,62,6333.838447,186,True,False,False,False
-8.72657,40,6354.651117,120,False,True,False,False
-8.902594,58,6383.887278,174,False,True,False,False
12.571176,74,6420.333059,221,True,False,False,False
12.664672,64,6452.312668,191,True,False,False,False
12.706551,63,6483.223691,187,True,False,False,False
12.606576,70,6518.125225,210,True,False,False,False
12.571393,74,6554.673724,221,True,False,False,False
12.59541,70,6589.847995,210,True,False,False,False
-8.767086,37,6609.032466,111,False,True,False,False
-8.802852,49,6633.642039,145,False,True,False,False
12.652042,66,6665.824525,197,True,False,False,False
12.530559,81,6705.944418,241,True,False,False,False
12.57264,73,6739.801968,219,True,False,False,False
-8.692933,38,6757.734025,113,False,True,False,False
-8.702715,59,6784.776464,175,False,True,False,False
12.560227,77,6819.991589,229,True,False,False,False
12.552346,77,6855.526922,230,True,False,False,False
-8.799042,41,6875.177864,123,False,True,False,False
-8.997249,61,6903.454262,182,False,True,False,False
-8.764524,59,6930.469279,176,False,True,False,False
-8.74111,38,6948.572757,114,False,True,False,False
-8.86004,60,6975.931186,179,False,True,False,False
-8.803624,46,6997.256179,138,False,True,False,False
12.521654,79,7033.358478,236,True,False,False,False
-8.806969,44,7053.431705,130,False,True,False,False
-8.589688,45,7074.30114,134,False,True,False,False
12.521846,77,7109.502412,231,True,False,False,False
-8.783236,38,7127.441203,113,False,True,False,False
12.586882,70,7159.14178,210,True,False,False,False
-8.682864,50,7182.454751,150,False,True,False,False
-8.610064,43,7203.497332,127,False,True,False,False
-8.787004,39,7223.228257,115,False,True,False,False
12.604784,73,7256.230507,217,True,False,False,False
12.615435,69,7287.551363,206,True,False,False,False
12.601638,69,7318.866707,207,True,False,False,False
12.642842,67,7349.145279,200,True,False,False,False
12.631005,69,7380.016802,206,True,False,False,False
12.53135,78,7414.963045,233,True,False,False,False
-8.691702,45,7435.853583,135,False,True,False,False
12.578295,73,7467.831877,218,True,False,False,False
12.646407,65,7495.606851,195,True,False,False,False
-8.596052,38,7512.302432,114,False,True,False,False
12.620969,71,7542.902376,211,True,False,False,False
