comparison,metric,full_macro_delta,omitted_scenario,macro_delta,loo_min,loo_max,loo_sign_stable
mst_minus_sac,success_rate,0.08333333333333331,left_turn,0.14266666666666666,0.01733333333333332,0.14266666666666666,True
mst_minus_sac,success_rate,0.08333333333333331,cross,0.01733333333333332,0.01733333333333332,0.14266666666666666,True
mst_minus_sac,success_rate,0.08333333333333331,roundabout_easy,0.09066666666666666,0.01733333333333332,0.14266666666666666,True
mst_minus_sac,success_rate,0.08333333333333331,roundabout_medium,0.08133333333333333,0.01733333333333332,0.14266666666666666,True
mst_minus_sac,success_rate,0.08333333333333331,roundabout,0.08533333333333332,0.01733333333333332,0.14266666666666666,True
mst_minus_sac,success_rate,0.08333333333333331,carla,0.08266666666666665,0.01733333333333332,0.14266666666666666,True
mst_minus_sac,collision_rate,-0.043333333333333335,left_turn,-0.09066666666666667,-0.09066666666666667,-0.02133333333333333,True
mst_minus_sac,collision_rate,-0.043333333333333335,cross,-0.02133333333333333,-0.09066666666666667,-0.02133333333333333,True
mst_minus_sac,collision_rate,-0.043333333333333335,roundabout_easy,-0.04133333333333333,-0.09066666666666667,-0.02133333333333333,True
mst_minus_sac,collision_rate,-0.043333333333333335,roundabout_medium,-0.03333333333333333,-0.09066666666666667,-0.02133333333333333,True
mst_minus_sac,collision_rate,-0.043333333333333335,roundabout,-0.03733333333333333,-0.09066666666666667,-0.02133333333333333,True
mst_minus_sac,collision_rate,-0.043333333333333335,carla,-0.036,-0.09066666666666667,-0.02133333333333333,True
mst_slt_minus_mst,success_rate,0.05111111111111112,left_turn,0.010666666666666677,0.010666666666666677,0.06533333333333335,True
mst_slt_minus_mst,success_rate,0.05111111111111112,cross,0.04533333333333335,0.010666666666666677,0.06533333333333335,True
mst_slt_minus_mst,success_rate,0.05111111111111112,roundabout_easy,0.05600000000000001,0.010666666666666677,0.06533333333333335,True
mst_slt_minus_mst,success_rate,0.05111111111111112,roundabout_medium,0.06400000000000002,0.010666666666666677,0.06533333333333335,True
mst_slt_minus_mst,success_rate,0.05111111111111112,roundabout,0.06533333333333334,0.010666666666666677,0.06533333333333335,True
mst_slt_minus_mst,success_rate,0.05111111111111112,carla,0.06533333333333335,0.010666666666666677,0.06533333333333335,True
mst_slt_minus_mst,collision_rate,-0.04666666666666666,left_turn,-0.009333333333333336,-0.06,-0.009333333333333336,True
mst_slt_minus_mst,collision_rate,-0.04666666666666666,cross,-0.039999999999999994,-0.06,-0.009333333333333336,True
mst_slt_minus_mst,collision_rate,-0.04666666666666666,roundabout_easy,-0.052,-0.06,-0.009333333333333336,True
mst_slt_minus_mst,collision_rate,-0.04666666666666666,roundabout_medium,-0.058666666666666666,-0.06,-0.009333333333333336,True
mst_slt_minus_mst,collision_rate,-0.04666666666666666,roundabout,-0.06,-0.06,-0.009333333333333336,True
mst_slt_minus_mst,collision_rate,-0.04666666666666666,carla,-0.06,-0.06,-0.009333333333333336,True
temporal_graph_minus_mst_slt,success_rate,-0.03333333333333333,left_turn,-0.036000000000000004,-0.044000000000000004,-0.02133333333333333,True
temporal_graph_minus_mst_slt,success_rate,-0.03333333333333333,cross,-0.032,-0.044000000000000004,-0.02133333333333333,True
temporal_graph_minus_mst_slt,success_rate,-0.03333333333333333,roundabout_easy,-0.03466666666666666,-0.044000000000000004,-0.02133333333333333,True
temporal_graph_minus_mst_slt,success_rate,-0.03333333333333333,roundabout_medium,-0.032,-0.044000000000000004,-0.02133333333333333,True
temporal_graph_minus_mst_slt,success_rate,-0.03333333333333333,roundabout,-0.02133333333333333,-0.044000000000000004,-0.02133333333333333,True
temporal_graph_minus_mst_slt,success_rate,-0.03333333333333333,carla,-0.044000000000000004,-0.044000000000000004,-0.02133333333333333,True
temporal_graph_minus_mst_slt,collision_rate,0.02777777777777778,left_turn,0.029333333333333336,0.014666666666666668,0.037333333333333336,True
temporal_graph_minus_mst_slt,collision_rate,0.02777777777777778,cross,0.032,0.014666666666666668,0.037333333333333336,True
temporal_graph_minus_mst_slt,collision_rate,0.02777777777777778,roundabout_easy,0.028,0.014666666666666668,0.037333333333333336,True
temporal_graph_minus_mst_slt,collision_rate,0.02777777777777778,roundabout_medium,0.025333333333333333,0.014666666666666668,0.037333333333333336,True
temporal_graph_minus_mst_slt,collision_rate,0.02777777777777778,roundabout,0.014666666666666668,0.014666666666666668,0.037333333333333336,True
temporal_graph_minus_mst_slt,collision_rate,0.02777777777777778,carla,0.037333333333333336,0.014666666666666668,0.037333333333333336,True
full_balanced_minus_temporal_graph,success_rate,-0.09777777777777778,left_turn,-0.12266666666666667,-0.12266666666666667,-0.05066666666666667,True
full_balanced_minus_temporal_graph,success_rate,-0.09777777777777778,cross,-0.10666666666666667,-0.12266666666666667,-0.05066666666666667,True
full_balanced_minus_temporal_graph,success_rate,-0.09777777777777778,roundabout_easy,-0.11333333333333334,-0.12266666666666667,-0.05066666666666667,True
full_balanced_minus_temporal_graph,success_rate,-0.09777777777777778,roundabout_medium,-0.072,-0.12266666666666667,-0.05066666666666667,True
full_balanced_minus_temporal_graph,success_rate,-0.09777777777777778,roundabout,-0.12133333333333333,-0.12266666666666667,-0.05066666666666667,True
full_balanced_minus_temporal_graph,success_rate,-0.09777777777777778,carla,-0.05066666666666667,-0.12266666666666667,-0.05066666666666667,True
full_balanced_minus_temporal_graph,collision_rate,0.04666666666666666,left_turn,0.06133333333333333,0.010666666666666665,0.06133333333333333,True
full_balanced_minus_temporal_graph,collision_rate,0.04666666666666666,cross,0.03866666666666667,0.010666666666666665,0.06133333333333333,True
full_balanced_minus_temporal_graph,collision_rate,0.04666666666666666,roundabout_easy,0.05466666666666666,0.010666666666666665,0.06133333333333333,True
full_balanced_minus_temporal_graph,collision_rate,0.04666666666666666,roundabout_medium,0.010666666666666665,0.010666666666666665,0.06133333333333333,True
full_balanced_minus_temporal_graph,collision_rate,0.04666666666666666,roundabout,0.06133333333333333,0.010666666666666665,0.06133333333333333,True
full_balanced_minus_temporal_graph,collision_rate,0.04666666666666666,carla,0.05333333333333333,0.010666666666666665,0.06133333333333333,True
full_balanced_minus_mst_slt,success_rate,-0.13111111111111112,left_turn,-0.15866666666666668,-0.15866666666666668,-0.09466666666666668,True
full_balanced_minus_mst_slt,success_rate,-0.13111111111111112,cross,-0.13866666666666666,-0.15866666666666668,-0.09466666666666668,True
full_balanced_minus_mst_slt,success_rate,-0.13111111111111112,roundabout_easy,-0.148,-0.15866666666666668,-0.09466666666666668,True
full_balanced_minus_mst_slt,success_rate,-0.13111111111111112,roundabout_medium,-0.104,-0.15866666666666668,-0.09466666666666668,True
full_balanced_minus_mst_slt,success_rate,-0.13111111111111112,roundabout,-0.14266666666666666,-0.15866666666666668,-0.09466666666666668,True
full_balanced_minus_mst_slt,success_rate,-0.13111111111111112,carla,-0.09466666666666668,-0.15866666666666668,-0.09466666666666668,True
full_balanced_minus_mst_slt,collision_rate,0.07444444444444444,left_turn,0.09066666666666666,0.036,0.09066666666666666,True
full_balanced_minus_mst_slt,collision_rate,0.07444444444444444,cross,0.07066666666666667,0.036,0.09066666666666666,True
full_balanced_minus_mst_slt,collision_rate,0.07444444444444444,roundabout_easy,0.08266666666666667,0.036,0.09066666666666666,True
full_balanced_minus_mst_slt,collision_rate,0.07444444444444444,roundabout_medium,0.036,0.036,0.09066666666666666,True
full_balanced_minus_mst_slt,collision_rate,0.07444444444444444,roundabout,0.076,0.036,0.09066666666666666,True
full_balanced_minus_mst_slt,collision_rate,0.07444444444444444,carla,0.09066666666666666,0.036,0.09066666666666666,True
ppo_minus_sac,success_rate,-0.29777777777777775,left_turn,-0.288,-0.36533333333333334,-0.196,True
ppo_minus_sac,success_rate,-0.29777777777777775,cross,-0.36533333333333334,-0.36533333333333334,-0.196,True
ppo_minus_sac,success_rate,-0.29777777777777775,roundabout_easy,-0.3453333333333333,-0.36533333333333334,-0.196,True
ppo_minus_sac,success_rate,-0.29777777777777775,roundabout_medium,-0.3293333333333333,-0.36533333333333334,-0.196,True
ppo_minus_sac,success_rate,-0.29777777777777775,roundabout,-0.26266666666666666,-0.36533333333333334,-0.196,True
ppo_minus_sac,success_rate,-0.29777777777777775,carla,-0.196,-0.36533333333333334,-0.196,True
ppo_minus_sac,collision_rate,0.09111111111111111,left_turn,0.039999999999999994,0.039999999999999994,0.132,True
ppo_minus_sac,collision_rate,0.09111111111111111,cross,0.132,0.039999999999999994,0.132,True
ppo_minus_sac,collision_rate,0.09111111111111111,roundabout_easy,0.09733333333333333,0.039999999999999994,0.132,True
ppo_minus_sac,collision_rate,0.09111111111111111,roundabout_medium,0.08133333333333334,0.039999999999999994,0.132,True
ppo_minus_sac,collision_rate,0.09111111111111111,roundabout,0.08133333333333334,0.039999999999999994,0.132,True
ppo_minus_sac,collision_rate,0.09111111111111111,carla,0.11466666666666667,0.039999999999999994,0.132,True
