order,algorithm,raw_steps,requested_speed_mps,actual_speed_mps,road_id,route_index
1,PPO,1,0.0001633167266845703,0.0001633167266845703,gneE17,0
2,PPO,51,0.0001633167266845703,0.0001633167266845703,gneE17,0
3,PPO,101,0.401211678981781,0.401211678981781,gneE17,0
4,PPO,151,0.1387554407119751,0.1387554407119751,gneE17,0
5,PPO,201,0.1649060845375061,0.1649060845375061,gneE17,0
6,PPO,251,0.06386011838912964,0.06386011838912964,gneE17,0
7,PPO,301,0.02154827117919922,0.02154827117919922,gneE17,0
8,PPO,351,0.02154827117919922,0.02154827117919922,gneE17,0
9,PPO,401,0.02154827117919922,0.02154827117919922,gneE17,0
10,PPO,451,0.013752877712249756,0.013752877712249756,gneE17,0
11,PPO,501,0.013752877712249756,0.013752877712249756,gneE17,0
12,PPO,551,0.013752877712249756,0.013752877712249756,gneE17,0
13,PPO,600,0.013752877712249756,0.013752877712249756,gneE17,0
1,RLEncoder(GRU)-SAC,3,0.18596261739730835,0.18596261739730835,gneE17,0
2,RLEncoder(GRU)-SAC,63,0.10412544012069702,0.10412544012069702,gneE17,0
3,RLEncoder(GRU)-SAC,123,0.1343172788619995,0.1343172788619995,gneE17,0
4,RLEncoder(GRU)-SAC,183,0.13795584440231323,0.13795584440231323,gneE17,0
5,RLEncoder(GRU)-SAC,243,0.15311777591705322,0.15311777591705322,gneE17,0
6,RLEncoder(GRU)-SAC,303,0.1393851637840271,0.1393851637840271,gneE17,0
7,RLEncoder(GRU)-SAC,363,0.1488897204399109,0.1488897204399109,gneE17,0
8,RLEncoder(GRU)-SAC,423,0.17375022172927856,0.17375022172927856,gneE17,0
9,RLEncoder(GRU)-SAC,483,0.1057615876197815,0.1057615876197815,gneE17,0
10,RLEncoder(GRU)-SAC,543,0.09078711271286011,0.09078711271286011,gneE17,0
11,RLEncoder(GRU)-SAC,600,0.10502815246582031,0.10502815246582031,gneE17,0
