#{"t_start": 1790804542.1914513, "env_id": "None"}
r,l,t,raw_simulation_steps,is_success,collision,off_route,max_time,reward_success,reward_collision,reward_off_route,reward_timeout,reward_step_cost,reward_progress
-8.779966,58,7.435429,172,False,True,False,False,0.0,-10.0,0.0,0.0,-0.5800000000000003,1.8000344061851494
-8.900735,47,10.930219,139,False,True,False,False,0.0,-10.0,0.0,0.0,-0.47000000000000025,1.5692647856473922
-8.799597,53,14.925224,157,False,True,False,False,0.0,-10.0,0.0,0.0,-0.5300000000000002,1.730403011441231
-9.059459,62,19.343465,184,False,True,False,False,0.0,-10.0,0.0,0.0,-0.6200000000000003,1.560540899634361
-9.375238,94,26.578172,282,False,True,False,False,0.0,-10.0,0.0,0.0,-0.9400000000000006,1.564761652946472
-9.025443,77,32.214935,229,False,True,False,False,0.0,-10.0,0.0,0.0,-0.7700000000000005,1.7445572513341905
-9.058473,62,37.650054,184,False,True,False,False,0.0,-10.0,0.0,0.0,-0.6200000000000003,1.561527251005173
-8.803713,61,41.201572,183,False,True,False,False,0.0,-10.0,0.0,0.0,-0.6100000000000003,1.806287308633328
-9.753549,143,53.58421,428,False,True,False,False,0.0,-10.0,0.0,0.0,-1.430000000000001,1.6764505803585052
-8.917527,54,57.723812,160,False,True,False,False,0.0,-10.0,0.0,0.0,-0.5400000000000003,1.6224726003408434
-9.567093,141,70.389329,422,False,True,False,False,0.0,-10.0,0.0,0.0,-1.410000000000001,1.8429072451591493
-9.874606,145,81.487655,433,False,True,False,False,0.0,-10.0,0.0,0.0,-1.450000000000001,1.5753939014673233
-9.146017,71,86.767819,213,False,True,False,False,0.0,-10.0,0.0,0.0,-0.7100000000000004,1.5639830288290975
-8.870926,60,91.031862,178,False,True,False,False,0.0,-10.0,0.0,0.0,-0.6000000000000003,1.7290743815898897
-9.190628,96,99.518158,287,False,True,False,False,0.0,-10.0,0.0,0.0,-0.9600000000000006,1.7693723028898238
-9.389492,97,105.822344,291,False,True,False,False,0.0,-10.0,0.0,0.0,-0.9700000000000006,1.5805082023143766
-8.436141,157,115.966397,471,False,True,False,False,0.0,-10.0,0.0,0.0,-1.5700000000000012,3.133858588337899
-9.22625,104,123.771497,312,False,True,False,False,0.0,-10.0,0.0,0.0,-1.0400000000000007,1.8137501645088192
-8.895206,63,127.825566,187,False,True,False,False,0.0,-10.0,0.0,0.0,-0.6300000000000003,1.7347939109802248
-9.087816,81,152.986211,243,False,True,False,False,0.0,-10.0,0.0,0.0,-0.8100000000000005,1.7221835160255423
-9.254207,117,203.996979,350,False,True,False,False,0.0,-10.0,0.0,0.0,-1.1700000000000008,1.915792920589447
-9.033604,67,233.687912,199,False,True,False,False,0.0,-10.0,0.0,0.0,-0.6700000000000004,1.6363956719636912
-5.6,200,319.734071,600,False,False,False,True,0.0,0.0,0.0,-5.0,-2.0000000000000013,1.4000000000000004
11.83346,148,379.862896,444,True,False,False,False,10.0,0.0,0.0,0.0,-1.480000000000001,3.3134604117274296
-9.330943,95,421.6185,285,False,True,False,False,0.0,-10.0,0.0,0.0,-0.9500000000000006,1.619056861400604
-5.6,200,506.502286,600,False,False,False,True,0.0,0.0,0.0,-5.0,-2.0000000000000013,1.4000000000000001
-5.6,200,588.826025,600,False,False,False,True,0.0,0.0,0.0,-5.0,-2.0000000000000013,1.4
-9.309929,87,625.278174,260,False,True,False,False,0.0,-10.0,0.0,0.0,-0.8700000000000006,1.5600713935494424
-5.6,200,708.904089,600,False,False,False,True,0.0,0.0,0.0,-5.0,-2.0000000000000013,1.4000000000000001
-9.31802,104,752.690137,311,False,True,False,False,0.0,-10.0,0.0,0.0,-1.0400000000000007,1.7219797855615613
-5.6,200,834.735438,600,False,False,False,True,0.0,0.0,0.0,-5.0,-2.0000000000000013,1.3999999999999995
-9.418347,123,886.310982,369,False,True,False,False,0.0,-10.0,0.0,0.0,-1.2300000000000009,1.811652516126632
-5.6,200,969.908311,600,False,False,False,True,0.0,0.0,0.0,-5.0,-2.0000000000000013,1.4
-9.109845,71,999.182084,211,False,True,False,False,0.0,-10.0,0.0,0.0,-0.7100000000000004,1.6001551276445398
-5.6,200,1082.748994,600,False,False,False,True,0.0,0.0,0.0,-5.0,-2.0000000000000013,1.4000000000000001
-5.6,200,1163.044812,600,False,False,False,True,0.0,0.0,0.0,-5.0,-2.0000000000000013,1.4000000000000001
-5.6,200,1247.556549,600,False,False,False,True,0.0,0.0,0.0,-5.0,-2.0000000000000013,1.4000000000000004
-5.6,200,1327.842175,600,False,False,False,True,0.0,0.0,0.0,-5.0,-2.0000000000000013,1.4000000000000004
-5.6,200,1409.651874,600,False,False,False,True,0.0,0.0,0.0,-5.0,-2.0000000000000013,1.4000000000000006
-9.938745,150,1472.132444,449,False,True,False,False,0.0,-10.0,0.0,0.0,-1.500000000000001,1.561254809498787
-10.186241,184,1547.242135,550,False,True,False,False,0.0,-10.0,0.0,0.0,-1.8400000000000014,1.6537593448162071
-8.951355,76,1577.74163,228,False,True,False,False,0.0,-10.0,0.0,0.0,-0.7600000000000005,1.8086447256803522
-9.968492,154,1642.38677,460,False,True,False,False,0.0,-10.0,0.0,0.0,-1.5400000000000011,1.5715078759193413
-9.393187,116,1692.478398,348,False,True,False,False,0.0,-10.0,0.0,0.0,-1.1600000000000008,1.7668130728602405
-5.6,200,1775.009265,600,False,False,False,True,0.0,0.0,0.0,-5.0,-2.0000000000000013,1.3999999999999997
11.804933,153,1837.608742,457,True,False,False,False,10.0,0.0,0.0,0.0,-1.5300000000000011,3.3349325501918785
-8.901531,53,1859.51995,158,False,True,False,False,0.0,-10.0,0.0,0.0,-0.5300000000000002,1.6284693276882172
-9.33635,94,1898.651635,281,False,True,False,False,0.0,-10.0,0.0,0.0,-0.9400000000000006,1.6036496910452847
-8.910425,52,1920.662196,156,False,True,False,False,0.0,-10.0,0.0,0.0,-0.5200000000000002,1.609575229287147
11.398023,194,1999.475583,580,True,False,False,False,10.0,0.0,0.0,0.0,-1.9400000000000015,3.338023447990418
-9.559504,113,2046.365458,338,False,True,False,False,0.0,-10.0,0.0,0.0,-1.1300000000000008,1.5704964405298234
-9.074523,64,2072.666701,191,False,True,False,False,0.0,-10.0,0.0,0.0,-0.6400000000000003,1.5654767113924026
-5.540045,200,2155.666324,600,False,False,False,True,0.0,0.0,0.0,-5.0,-2.0000000000000013,1.4599550867080693
-9.755481,138,2210.925777,414,False,True,False,False,0.0,-10.0,0.0,0.0,-1.380000000000001,1.624519326984882
-9.31844,112,2256.833086,334,False,True,False,False,0.0,-10.0,0.0,0.0,-1.1200000000000008,1.801560454964638
-8.922066,54,2280.041379,161,False,True,False,False,0.0,-10.0,0.0,0.0,-0.5400000000000003,1.6179339355230329
-8.855015,52,2301.449155,155,False,True,False,False,0.0,-10.0,0.0,0.0,-0.5200000000000002,1.6649849635362632
-8.964738,73,2332.226971,218,False,True,False,False,0.0,-10.0,0.0,0.0,-0.7300000000000004,1.7652620398998267
12.118786,120,2381.186953,360,True,False,False,False,10.0,0.0,0.0,0.0,-1.2000000000000008,3.318785954117776
-8.945698,52,2402.951099,154,False,True,False,False,0.0,-10.0,0.0,0.0,-0.5200000000000002,1.574302383065224
-8.894201,46,2422.753646,136,False,True,False,False,0.0,-10.0,0.0,0.0,-0.46000000000000024,1.5657987332344052
-9.451985,132,2475.682386,395,False,True,False,False,0.0,-10.0,0.0,0.0,-1.320000000000001,1.8680147898197175
-8.743182,55,2498.259745,165,False,True,False,False,0.0,-10.0,0.0,0.0,-0.5500000000000003,1.8068179857730866
-8.726448,53,2521.993623,157,False,True,False,False,0.0,-10.0,0.0,0.0,-0.5300000000000002,1.8035517209768297
-9.140336,71,2550.638461,213,False,True,False,False,0.0,-10.0,0.0,0.0,-0.7100000000000004,1.569664160013199
-8.922807,53,2573.81484,158,False,True,False,False,0.0,-10.0,0.0,0.0,-0.5300000000000002,1.6071934729814528
-8.94674,74,2604.71069,222,False,True,False,False,0.0,-10.0,0.0,0.0,-0.7400000000000004,1.7932604271173471
-9.228474,98,2645.38673,294,False,True,False,False,0.0,-10.0,0.0,0.0,-0.9800000000000006,1.7515256860852244
-9.452163,105,2688.943454,313,False,True,False,False,0.0,-10.0,0.0,0.0,-1.0500000000000007,1.5978365546464919
12.294777,103,2732.823897,308,True,False,False,False,10.0,0.0,0.0,0.0,-1.0300000000000007,3.324777324199676
-8.795889,55,2755.821048,165,False,True,False,False,0.0,-10.0,0.0,0.0,-0.5500000000000003,1.7541106778383253
-8.911428,48,2776.51212,142,False,True,False,False,0.0,-10.0,0.0,0.0,-0.48000000000000026,1.5685715329647065
-8.712371,52,2798.682154,155,False,True,False,False,0.0,-10.0,0.0,0.0,-0.5200000000000002,1.807628778219223
-8.932826,50,2819.716861,148,False,True,False,False,0.0,-10.0,0.0,0.0,-0.5000000000000002,1.5671741062402724
-8.731296,53,2841.306633,158,False,True,False,False,0.0,-10.0,0.0,0.0,-0.5300000000000002,1.7987044286727911
-9.096342,66,2869.210073,196,False,True,False,False,0.0,-10.0,0.0,0.0,-0.6600000000000004,1.5636583578586578
-9.272903,103,2913.111621,309,False,True,False,False,0.0,-10.0,0.0,0.0,-1.0300000000000007,1.7570971047878265
-8.844842,42,2932.154955,124,False,True,False,False,0.0,-10.0,0.0,0.0,-0.4200000000000002,1.57515781879425
-8.870968,47,2952.25784,139,False,True,False,False,0.0,-10.0,0.0,0.0,-0.47000000000000025,1.5990318363904952
12.19285,113,2997.4417,337,True,False,False,False,10.0,0.0,0.0,0.0,-1.1300000000000008,3.3228503072261817
-8.915858,48,3017.666172,142,False,True,False,False,0.0,-10.0,0.0,0.0,-0.48000000000000026,1.5641421031951905
-8.730075,54,3039.986782,160,False,True,False,False,0.0,-10.0,0.0,0.0,-0.5400000000000003,1.8099249100685117
-8.871332,44,3058.809659,131,False,True,False,False,0.0,-10.0,0.0,0.0,-0.4400000000000002,1.5686677908897404
-9.262044,100,3100.557757,299,False,True,False,False,0.0,-10.0,0.0,0.0,-1.0000000000000007,1.7379562258720396
-8.696961,51,3121.729555,152,False,True,False,False,0.0,-10.0,0.0,0.0,-0.5100000000000002,1.8130389815568921
-8.877753,45,3141.238722,133,False,True,False,False,0.0,-10.0,0.0,0.0,-0.45000000000000023,1.5722473722696304
-8.90714,48,3161.200599,143,False,True,False,False,0.0,-10.0,0.0,0.0,-0.48000000000000026,1.5728601264953612
-9.157658,73,3190.52446,219,False,True,False,False,0.0,-10.0,0.0,0.0,-0.7300000000000004,1.5723419773578642
-8.927062,49,3211.351005,146,False,True,False,False,0.0,-10.0,0.0,0.0,-0.49000000000000027,1.562938140034676
-8.736814,56,3235.167353,167,False,True,False,False,0.0,-10.0,0.0,0.0,-0.5600000000000003,1.8231860911846165
-8.784962,52,3256.297984,156,False,True,False,False,0.0,-10.0,0.0,0.0,-0.5200000000000002,1.735037674307824
-8.780983,55,3279.502691,165,False,True,False,False,0.0,-10.0,0.0,0.0,-0.5500000000000003,1.7690171903371807
-8.911406,50,3301.378528,149,False,True,False,False,0.0,-10.0,0.0,0.0,-0.5000000000000002,1.5885941442847253
-9.418714,101,3343.966288,301,False,True,False,False,0.0,-10.0,0.0,0.0,-1.0100000000000007,1.5912855130434034
-8.656627,41,3361.68364,122,False,True,False,False,0.0,-10.0,0.0,0.0,-0.4100000000000002,1.753373435139656
-8.801198,53,3385.067047,159,False,True,False,False,0.0,-10.0,0.0,0.0,-0.5300000000000002,1.7288023650646203
-8.767598,34,3399.932956,100,False,True,False,False,0.0,-10.0,0.0,0.0,-0.34000000000000014,1.572402387857437
-8.798896,37,3415.728848,110,False,True,False,False,0.0,-10.0,0.0,0.0,-0.37000000000000016,1.5711042451858517
-8.989539,64,3443.809331,192,False,True,False,False,0.0,-10.0,0.0,0.0,-0.6400000000000003,1.650460971593857
-8.916439,49,3465.368241,146,False,True,False,False,0.0,-10.0,0.0,0.0,-0.49000000000000027,1.5735605692863461
-9.004245,57,3490.032062,170,False,True,False,False,0.0,-10.0,0.0,0.0,-0.5700000000000003,1.565755344033242
-8.896495,52,3513.571744,156,False,True,False,False,0.0,-10.0,0.0,0.0,-0.5200000000000002,1.623505273461342
-8.843078,59,3538.450101,175,False,True,False,False,0.0,-10.0,0.0,0.0,-0.5900000000000003,1.7469222497940065
11.981307,135,3592.491154,403,True,False,False,False,10.0,0.0,0.0,0.0,-1.350000000000001,3.3313070118427284
-8.714065,69,3620.849743,207,False,True,False,False,0.0,-10.0,0.0,0.0,-0.6900000000000004,1.9759352016448977
12.50556,79,3652.665469,237,True,False,False,False,10.0,0.0,0.0,0.0,-0.7900000000000005,3.2955600631237028
11.70327,162,3720.515261,484,True,False,False,False,10.0,0.0,0.0,0.0,-1.6200000000000012,3.3232698059082026
12.005217,132,3773.581316,395,True,False,False,False,10.0,0.0,0.0,0.0,-1.320000000000001,3.325216538310051
-8.712606,55,3797.604977,165,False,True,False,False,0.0,-10.0,0.0,0.0,-0.5500000000000003,1.8373935329914093
-8.986159,56,3821.765017,166,False,True,False,False,0.0,-10.0,0.0,0.0,-0.5600000000000003,1.5738406163454053
-8.765384,51,3844.230111,152,False,True,False,False,0.0,-10.0,0.0,0.0,-0.5100000000000002,1.744615845680237
-9.136277,76,3875.221346,227,False,True,False,False,0.0,-10.0,0.0,0.0,-0.7600000000000005,1.6237231546640398
-8.983841,78,3906.965678,234,False,True,False,False,0.0,-10.0,0.0,0.0,-0.7800000000000005,1.7961588895320895
-8.713397,53,3930.581677,159,False,True,False,False,0.0,-10.0,0.0,0.0,-0.5300000000000002,1.816602952480316
-8.845955,47,3950.888561,140,False,True,False,False,0.0,-10.0,0.0,0.0,-0.47000000000000025,1.6240454006195064
12.488302,84,3984.824208,250,True,False,False,False,10.0,0.0,0.0,0.0,-0.8400000000000005,3.328301587104798
-9.293554,86,4022.623107,256,False,True,False,False,0.0,-10.0,0.0,0.0,-0.8600000000000005,1.5664457201957702
12.53458,78,4054.948666,233,True,False,False,False,10.0,0.0,0.0,0.0,-0.7800000000000005,3.314580325484275
-8.702558,75,4086.318753,224,False,True,False,False,0.0,-10.0,0.0,0.0,-0.7500000000000004,2.0474422919750217
-8.722417,56,4110.476222,168,False,True,False,False,0.0,-10.0,0.0,0.0,-0.5600000000000003,1.8375825309753422
-8.845572,41,4128.300458,122,False,True,False,False,0.0,-10.0,0.0,0.0,-0.4100000000000002,1.564428214430809
-8.878557,60,4152.695628,179,False,True,False,False,0.0,-10.0,0.0,0.0,-0.6000000000000003,1.7214428895711906
-8.945818,57,4176.701818,170,False,True,False,False,0.0,-10.0,0.0,0.0,-0.5700000000000003,1.6241819483041766
-8.816687,74,4208.278777,222,False,True,False,False,0.0,-10.0,0.0,0.0,-0.7400000000000004,1.9233128237724308
-8.906388,49,4228.884044,147,False,True,False,False,0.0,-10.0,0.0,0.0,-0.49000000000000027,1.5836119437217715
12.146712,119,4277.88684,355,True,False,False,False,10.0,0.0,0.0,0.0,-1.1900000000000008,3.336711511015894
12.141608,117,4327.652061,351,True,False,False,False,10.0,0.0,0.0,0.0,-1.1700000000000008,3.3116076776385306
12.358028,98,4367.257652,292,True,False,False,False,10.0,0.0,0.0,0.0,-0.9800000000000006,3.338028353750706
-8.798941,61,4391.549145,182,False,True,False,False,0.0,-10.0,0.0,0.0,-0.6100000000000003,1.811058542728424
-8.869451,68,4419.974368,202,False,True,False,False,0.0,-10.0,0.0,0.0,-0.6800000000000004,1.8105487501621247
-9.225352,97,4462.356615,289,False,True,False,False,0.0,-10.0,0.0,0.0,-0.9700000000000006,1.7446478962898253
12.489586,83,4496.733208,248,True,False,False,False,10.0,0.0,0.0,0.0,-0.8300000000000005,3.319585506916045
-8.733618,58,4521.193474,173,False,True,False,False,0.0,-10.0,0.0,0.0,-0.5800000000000003,1.846382193565369
12.551704,75,4552.6203,225,True,False,False,False,10.0,0.0,0.0,0.0,-0.7500000000000004,3.3017037916183476
-8.764323,52,4575.366727,154,False,True,False,False,0.0,-10.0,0.0,0.0,-0.5200000000000002,1.7556766712665561
-8.883774,61,4601.217976,182,False,True,False,False,0.0,-10.0,0.0,0.0,-0.6100000000000003,1.726225640773773
12.581358,73,4631.952908,218,True,False,False,False,10.0,0.0,0.0,0.0,-0.7300000000000004,3.3113581448793403
-9.031147,69,4661.570927,206,False,True,False,False,0.0,-10.0,0.0,0.0,-0.6900000000000004,1.65885262131691
-8.537281,44,4680.469597,132,False,True,False,False,0.0,-10.0,0.0,0.0,-0.4400000000000002,1.9027192330360412
12.487229,80,4714.787173,240,True,False,False,False,10.0,0.0,0.0,0.0,-0.8000000000000005,3.2872289824485783
-8.735351,40,4732.886299,118,False,True,False,False,0.0,-10.0,0.0,0.0,-0.4000000000000002,1.6646488881111146
-8.849876,44,4752.170626,132,False,True,False,False,0.0,-10.0,0.0,0.0,-0.4400000000000002,1.5901238781213762
12.355502,98,4791.924828,292,True,False,False,False,10.0,0.0,0.0,0.0,-0.9800000000000006,3.335501914024354
12.312459,102,4832.89279,304,True,False,False,False,10.0,0.0,0.0,0.0,-1.0200000000000007,3.332459325194359
-8.749284,49,4854.177963,146,False,True,False,False,0.0,-10.0,0.0,0.0,-0.49000000000000027,1.740716380476951
-8.817087,44,4873.645823,130,False,True,False,False,0.0,-10.0,0.0,0.0,-0.4400000000000002,1.6229129576683043
12.624963,70,4903.456152,208,True,False,False,False,10.0,0.0,0.0,0.0,-0.7000000000000004,3.3249629330635075
-8.801162,39,4920.852719,117,False,True,False,False,0.0,-10.0,0.0,0.0,-0.3900000000000002,1.5888384431600573
-8.657209,38,4936.879333,114,False,True,False,False,0.0,-10.0,0.0,0.0,-0.38000000000000017,1.7227909862995148
-8.777126,35,4951.848678,103,False,True,False,False,0.0,-10.0,0.0,0.0,-0.35000000000000014,1.5728737169504168
-8.428114,43,4970.310959,128,False,True,False,False,0.0,-10.0,0.0,0.0,-0.4300000000000002,2.0018856990337373
-8.580524,39,4986.822168,116,False,True,False,False,0.0,-10.0,0.0,0.0,-0.3900000000000002,1.809476235508919
12.345477,97,5026.432963,290,True,False,False,False,10.0,0.0,0.0,0.0,-0.9700000000000006,3.315477088689804
-8.824381,72,5056.546605,214,False,True,False,False,0.0,-10.0,0.0,0.0,-0.7200000000000004,1.8956192660331725
-8.768566,41,5073.279956,122,False,True,False,False,0.0,-10.0,0.0,0.0,-0.4100000000000002,1.6414338576793672
-8.540308,57,5097.022521,170,False,True,False,False,0.0,-10.0,0.0,0.0,-0.5700000000000003,2.0296916639804845
-8.78136,35,5112.831527,105,False,True,False,False,0.0,-10.0,0.0,0.0,-0.35000000000000014,1.568639990091324
-8.699794,48,5132.895338,142,False,True,False,False,0.0,-10.0,0.0,0.0,-0.48000000000000026,1.7802055031061175
-8.593014,37,5149.303524,110,False,True,False,False,0.0,-10.0,0.0,0.0,-0.37000000000000016,1.776985727548599
-8.816062,55,5172.683321,164,False,True,False,False,0.0,-10.0,0.0,0.0,-0.5500000000000003,1.733938218355179
-8.616468,38,5188.967148,112,False,True,False,False,0.0,-10.0,0.0,0.0,-0.38000000000000017,1.7635323035717008
12.641683,64,5216.88336,192,True,False,False,False,10.0,0.0,0.0,0.0,-0.6400000000000003,3.281682520508766
-8.737306,32,5230.66548,95,False,True,False,False,0.0,-10.0,0.0,0.0,-0.3200000000000001,1.5826944673061372
-8.791144,36,5246.699332,107,False,True,False,False,0.0,-10.0,0.0,0.0,-0.36000000000000015,1.5688559299707416
-8.759245,37,5263.437249,111,False,True,False,False,0.0,-10.0,0.0,0.0,-0.37000000000000016,1.6107550042867655
-8.652592,39,5280.94089,117,False,True,False,False,0.0,-10.0,0.0,0.0,-0.3900000000000002,1.737408279180527
-8.805286,38,5298.401913,112,False,True,False,False,0.0,-10.0,0.0,0.0,-0.38000000000000017,1.5747135800123218
-8.794689,38,5315.699115,114,False,True,False,False,0.0,-10.0,0.0,0.0,-0.38000000000000017,1.5853105515241626
12.534408,75,5346.458896,225,True,False,False,False,10.0,0.0,0.0,0.0,-0.7500000000000004,3.2844078719615935
12.615204,68,5374.767059,204,True,False,False,False,10.0,0.0,0.0,0.0,-0.6800000000000004,3.295203855633736
-8.772264,51,5396.490581,153,False,True,False,False,0.0,-10.0,0.0,0.0,-0.5100000000000002,1.7377357506752016
-8.626728,43,5415.339177,128,False,True,False,False,0.0,-10.0,0.0,0.0,-0.4300000000000002,1.803271742463112
12.637673,68,5446.047776,203,True,False,False,False,10.0,0.0,0.0,0.0,-0.6800000000000004,3.317673371434211
-8.668091,43,5463.466091,128,False,True,False,False,0.0,-10.0,0.0,0.0,-0.4300000000000002,1.761909416913986
-8.846627,42,5481.824744,126,False,True,False,False,0.0,-10.0,0.0,0.0,-0.4200000000000002,1.5733731079101565
12.579454,73,5512.618614,219,True,False,False,False,10.0,0.0,0.0,0.0,-0.7300000000000004,3.3094536793231977
12.6146,72,5541.942215,214,True,False,False,False,10.0,0.0,0.0,0.0,-0.7200000000000004,3.334600048065185
-8.621426,46,5561.608524,137,False,True,False,False,0.0,-10.0,0.0,0.0,-0.46000000000000024,1.8385744374990465
-8.778699,44,5580.651229,130,False,True,False,False,0.0,-10.0,0.0,0.0,-0.4400000000000002,1.6613008660078048
12.593958,73,5610.469105,217,True,False,False,False,10.0,0.0,0.0,0.0,-0.7300000000000004,3.323957799673083
-8.886752,62,5637.645388,186,False,True,False,False,0.0,-10.0,0.0,0.0,-0.6200000000000003,1.7332477164268487
12.605844,70,5667.390371,209,True,False,False,False,10.0,0.0,0.0,0.0,-0.7000000000000004,3.305843850374222
-8.770754,37,5683.863989,110,False,True,False,False,0.0,-10.0,0.0,0.0,-0.37000000000000016,1.5992463684082032
-8.84304,43,5702.888465,129,False,True,False,False,0.0,-10.0,0.0,0.0,-0.4300000000000002,1.586959865093231
-8.837673,40,5720.517374,120,False,True,False,False,0.0,-10.0,0.0,0.0,-0.4000000000000002,1.562327035665512
-8.662341,47,5741.024558,139,False,True,False,False,0.0,-10.0,0.0,0.0,-0.47000000000000025,1.8076586902141571
-8.806271,42,5758.84077,126,False,True,False,False,0.0,-10.0,0.0,0.0,-0.4200000000000002,1.6137293893098834
12.330876,96,5798.93134,288,True,False,False,False,10.0,0.0,0.0,0.0,-0.9600000000000006,3.290876112580299
-9.320934,120,5848.652938,360,False,True,False,False,0.0,-10.0,0.0,0.0,-1.2000000000000008,1.879066350460052
-9.266976,107,5893.107291,320,False,True,False,False,0.0,-10.0,0.0,0.0,-1.0700000000000007,1.8030236011743546
-8.681216,86,5930.1596,256,False,True,False,False,0.0,-10.0,0.0,0.0,-0.8600000000000005,2.1787835395336153
12.387815,94,5969.477999,280,True,False,False,False,10.0,0.0,0.0,0.0,-0.9400000000000006,3.327814774513244
-8.674388,48,5989.728158,143,False,True,False,False,0.0,-10.0,0.0,0.0,-0.48000000000000026,1.8056124311685564
-8.959843,62,6017.548615,184,False,True,False,False,0.0,-10.0,0.0,0.0,-0.6200000000000003,1.660157119035721
-9.000567,57,6042.687982,169,False,True,False,False,0.0,-10.0,0.0,0.0,-0.5700000000000003,1.56943306684494
-8.892304,62,6068.560608,185,False,True,False,False,0.0,-10.0,0.0,0.0,-0.6200000000000003,1.7276959395408626
-8.947251,51,6091.047351,152,False,True,False,False,0.0,-10.0,0.0,0.0,-0.5100000000000002,1.562749079465866
12.592549,70,6120.252939,210,True,False,False,False,10.0,0.0,0.0,0.0,-0.7000000000000004,3.2925491875410073
-8.685674,51,6141.281539,151,False,True,False,False,0.0,-10.0,0.0,0.0,-0.5100000000000002,1.8243256086111077
-8.984724,55,6164.116212,164,False,True,False,False,0.0,-10.0,0.0,0.0,-0.5500000000000003,1.5652759808301924
12.473775,86,6199.228147,256,True,False,False,False,10.0,0.0,0.0,0.0,-0.8600000000000005,3.3337753826379783
12.34526,99,6241.972582,295,True,False,False,False,10.0,0.0,0.0,0.0,-0.9900000000000007,3.335260165929795
-8.784699,44,6260.899561,131,False,True,False,False,0.0,-10.0,0.0,0.0,-0.4400000000000002,1.6553009283542637
12.564094,73,6292.545233,219,True,False,False,False,10.0,0.0,0.0,0.0,-0.7300000000000004,3.2940937495231637
-8.856238,61,6318.76206,183,False,True,False,False,0.0,-10.0,0.0,0.0,-0.6100000000000003,1.7537615811824798
-8.763449,74,6350.402529,222,False,True,False,False,0.0,-10.0,0.0,0.0,-0.7400000000000004,1.9765510869026188
-9.086484,81,6384.31718,241,False,True,False,False,0.0,-10.0,0.0,0.0,-0.8100000000000005,1.723516445755959
-8.68208,46,6404.453043,138,False,True,False,False,0.0,-10.0,0.0,0.0,-0.46000000000000024,1.7779197239875795
-8.884671,45,6424.433058,134,False,True,False,False,0.0,-10.0,0.0,0.0,-0.45000000000000023,1.565328867435455
-8.597918,40,6441.401292,120,False,True,False,False,0.0,-10.0,0.0,0.0,-0.4000000000000002,1.8020817995071414
-8.647529,43,6460.557881,127,False,True,False,False,0.0,-10.0,0.0,0.0,-0.4300000000000002,1.7824713325500492
-8.897674,48,6482.553244,144,False,True,False,False,0.0,-10.0,0.0,0.0,-0.48000000000000026,1.5823258888721468
12.625784,67,6510.279693,201,True,False,False,False,10.0,0.0,0.0,0.0,-0.6700000000000004,3.2957839483022684
-8.762628,37,6525.966549,109,False,True,False,False,0.0,-10.0,0.0,0.0,-0.37000000000000016,1.607371674180031
-8.428006,49,6547.493655,145,False,True,False,False,0.0,-10.0,0.0,0.0,-0.49000000000000027,2.061994304060935
-9.156423,72,6578.275455,215,False,True,False,False,0.0,-10.0,0.0,0.0,-0.7200000000000004,1.563576836585998
-8.890357,46,6598.157115,138,False,True,False,False,0.0,-10.0,0.0,0.0,-0.46000000000000024,1.5696426296234132
-8.886381,64,6625.476134,191,False,True,False,False,0.0,-10.0,0.0,0.0,-0.6400000000000003,1.7536194455623628
-8.943924,68,6654.485116,202,False,True,False,False,0.0,-10.0,0.0,0.0,-0.6800000000000004,1.7360758072137834
-8.685482,50,6675.259623,149,False,True,False,False,0.0,-10.0,0.0,0.0,-0.5000000000000002,1.8145177185535433
-8.706714,46,6695.72523,136,False,True,False,False,0.0,-10.0,0.0,0.0,-0.46000000000000024,1.7532858532667157
-8.811746,38,6712.014692,112,False,True,False,False,0.0,-10.0,0.0,0.0,-0.38000000000000017,1.5682543736696244
-8.862821,75,6744.484411,225,False,True,False,False,0.0,-10.0,0.0,0.0,-0.7500000000000004,1.887179116010666
-8.703996,45,6764.256068,135,False,True,False,False,0.0,-10.0,0.0,0.0,-0.45000000000000023,1.7460044705867765
-8.701743,49,6784.386144,145,False,True,False,False,0.0,-10.0,0.0,0.0,-0.49000000000000027,1.788257223963737
-8.827168,39,6801.616481,116,False,True,False,False,0.0,-10.0,0.0,0.0,-0.3900000000000002,1.5628324234485633
-9.052713,66,6830.842867,196,False,True,False,False,0.0,-10.0,0.0,0.0,-0.6600000000000004,1.6072869694232943
-9.505462,108,6875.496177,324,False,True,False,False,0.0,-10.0,0.0,0.0,-1.0800000000000007,1.5745383882522581
-8.3886,52,6898.065884,155,False,True,False,False,0.0,-10.0,0.0,0.0,-0.5200000000000002,2.1313998609781275
-8.743999,48,6918.18846,144,False,True,False,False,0.0,-10.0,0.0,0.0,-0.48000000000000026,1.7360009962320326
-8.615822,43,6936.898362,129,False,True,False,False,0.0,-10.0,0.0,0.0,-0.4300000000000002,1.8141775697469709
-8.703924,43,6956.095744,129,False,True,False,False,0.0,-10.0,0.0,0.0,-0.4300000000000002,1.7260764569044118
-8.618385,43,6975.272009,127,False,True,False,False,0.0,-10.0,0.0,0.0,-0.4300000000000002,1.811614668369293
12.552111,77,7007.213897,230,True,False,False,False,10.0,0.0,0.0,0.0,-0.7700000000000005,3.322110512256621
-8.798437,39,7024.224079,117,False,True,False,False,0.0,-10.0,0.0,0.0,-0.3900000000000002,1.5915629595518113
-8.839297,41,7042.786548,121,False,True,False,False,0.0,-10.0,0.0,0.0,-0.4100000000000002,1.570703055858612
-8.658387,39,7059.454812,115,False,True,False,False,0.0,-10.0,0.0,0.0,-0.3900000000000002,1.7316126936674117
-8.661976,41,7077.709731,123,False,True,False,False,0.0,-10.0,0.0,0.0,-0.4100000000000002,1.7480235505104063
12.54566,75,7111.145968,225,True,False,False,False,10.0,0.0,0.0,0.0,-0.7500000000000004,3.29565978527069
-8.671718,43,7130.542523,127,False,True,False,False,0.0,-10.0,0.0,0.0,-0.4300000000000002,1.7582817971706395
-8.873151,52,7152.222586,154,False,True,False,False,0.0,-10.0,0.0,0.0,-0.5200000000000002,1.646849276423454
12.58486,74,7183.674918,220,True,False,False,False,10.0,0.0,0.0,0.0,-0.7400000000000004,3.3248596620559683
-8.658765,47,7204.337808,140,False,True,False,False,0.0,-10.0,0.0,0.0,-0.47000000000000025,1.811234695315361
-8.827643,57,7228.126232,171,False,True,False,False,0.0,-10.0,0.0,0.0,-0.5700000000000003,1.7423567897081376
-8.775865,58,7253.298563,172,False,True,False,False,0.0,-10.0,0.0,0.0,-0.5800000000000003,1.8041347688436509
-8.762508,56,7277.595924,166,False,True,False,False,0.0,-10.0,0.0,0.0,-0.5600000000000003,1.7974923980236055
-8.81841,55,7301.471286,164,False,True,False,False,0.0,-10.0,0.0,0.0,-0.5500000000000003,1.7315903532505037
12.280655,106,7344.743854,316,True,False,False,False,10.0,0.0,0.0,0.0,-1.0600000000000007,3.340654594898223
-8.730011,47,7365.879648,139,False,True,False,False,0.0,-10.0,0.0,0.0,-0.47000000000000025,1.7399885272979738
-8.824597,39,7382.726053,115,False,True,False,False,0.0,-10.0,0.0,0.0,-0.3900000000000002,1.5654028713703159
-8.829878,40,7400.606718,120,False,True,False,False,0.0,-10.0,0.0,0.0,-0.4000000000000002,1.5701215684413903
-8.855404,42,7418.78598,124,False,True,False,False,0.0,-10.0,0.0,0.0,-0.4200000000000002,1.5645957642793658
-8.642169,45,7437.558104,135,False,True,False,False,0.0,-10.0,0.0,0.0,-0.45000000000000023,1.8078307187557217
-8.767754,49,7459.174714,147,False,True,False,False,0.0,-10.0,0.0,0.0,-0.49000000000000027,1.7222458058595655
-8.691513,53,7482.04249,158,False,True,False,False,0.0,-10.0,0.0,0.0,-0.5300000000000002,1.8384872782230377
-9.018388,58,7506.303351,173,False,True,False,False,0.0,-10.0,0.0,0.0,-0.5800000000000003,1.5616118252277373
-9.208871,78,7540.076352,232,False,True,False,False,0.0,-10.0,0.0,0.0,-0.7800000000000005,1.5711288380622859
-9.847396,141,7599.251659,422,False,True,False,False,0.0,-10.0,0.0,0.0,-1.410000000000001,1.5626044046878815
-9.16196,106,7643.870607,317,False,True,False,False,0.0,-10.0,0.0,0.0,-1.0600000000000007,1.8980399757623672
-8.734533,47,7664.211514,139,False,True,False,False,0.0,-10.0,0.0,0.0,-0.47000000000000025,1.7354665136337282
-8.814979,62,7690.469646,185,False,True,False,False,0.0,-10.0,0.0,0.0,-0.6200000000000003,1.805020875930786
12.020697,132,7744.054469,394,True,False,False,False,10.0,0.0,0.0,0.0,-1.320000000000001,3.3406965440511716
-9.114299,68,7773.144715,202,False,True,False,False,0.0,-10.0,0.0,0.0,-0.6800000000000004,1.5657005810737608
-9.008766,73,7804.360139,218,False,True,False,False,0.0,-10.0,0.0,0.0,-0.7300000000000004,1.7212340313196184
-9.004706,58,7830.297963,172,False,True,False,False,0.0,-10.0,0.0,0.0,-0.5800000000000003,1.5752938902378082
-9.078028,64,7858.011808,190,False,True,False,False,0.0,-10.0,0.0,0.0,-0.6400000000000003,1.5619724678993223
12.175544,111,7904.605056,333,True,False,False,False,10.0,0.0,0.0,0.0,-1.1100000000000008,3.285544164180755
-8.934658,78,7937.876911,233,False,True,False,False,0.0,-10.0,0.0,0.0,-0.7800000000000005,1.8453415560722353
12.533579,79,7971.108662,235,True,False,False,False,10.0,0.0,0.0,0.0,-0.7900000000000005,3.3235785651206964
-8.884428,46,7990.625571,138,False,True,False,False,0.0,-10.0,0.0,0.0,-0.46000000000000024,1.575571562051773
-8.625391,51,8012.960641,153,False,True,False,False,0.0,-10.0,0.0,0.0,-0.5100000000000002,1.88460933804512
-8.808694,47,8033.283558,141,False,True,False,False,0.0,-10.0,0.0,0.0,-0.47000000000000025,1.661305723786354
-8.880887,45,8053.242973,135,False,True,False,False,0.0,-10.0,0.0,0.0,-0.45000000000000023,1.5691133427619934
-9.007612,57,8078.428302,170,False,True,False,False,0.0,-10.0,0.0,0.0,-0.5700000000000003,1.5623876535892482
-9.165261,74,8110.094815,221,False,True,False,False,0.0,-10.0,0.0,0.0,-0.7400000000000004,1.5747392958402626
12.493524,81,8144.731807,242,True,False,False,False,10.0,0.0,0.0,0.0,-0.8100000000000005,3.303523808717728
12.513066,78,8177.398387,234,True,False,False,False,10.0,0.0,0.0,0.0,-0.7800000000000005,3.293066251277924
-8.999796,57,8202.40131,169,False,True,False,False,0.0,-10.0,0.0,0.0,-0.5700000000000003,1.5702040416002274
-8.965216,54,8225.499237,160,False,True,False,False,0.0,-10.0,0.0,0.0,-0.5400000000000003,1.574783931970597
-8.895068,70,8255.450059,210,False,True,False,False,0.0,-10.0,0.0,0.0,-0.7000000000000004,1.8049322921037672
-8.903703,47,8275.689392,141,False,True,False,False,0.0,-10.0,0.0,0.0,-0.47000000000000025,1.566296653151512
12.021862,128,8329.901831,384,True,False,False,False,10.0,0.0,0.0,0.0,-1.280000000000001,3.3018619596958163
-8.72558,53,8353.088247,159,False,True,False,False,0.0,-10.0,0.0,0.0,-0.5300000000000002,1.8044201081991196
-9.050297,78,8386.749846,233,False,True,False,False,0.0,-10.0,0.0,0.0,-0.7800000000000005,1.7297027152776716
12.590499,72,8416.796356,215,True,False,False,False,10.0,0.0,0.0,0.0,-0.7200000000000004,3.3104986840486528
-9.025905,84,8454.311492,251,False,True,False,False,0.0,-10.0,0.0,0.0,-0.8400000000000005,1.8140946030616762
-9.128514,94,8495.646126,280,False,True,False,False,0.0,-10.0,0.0,0.0,-0.9400000000000006,1.8114855420589444
-8.670203,54,8518.665405,160,False,True,False,False,0.0,-10.0,0.0,0.0,-0.5400000000000003,1.8697966921329496
-8.592794,53,8541.215299,157,False,True,False,False,0.0,-10.0,0.0,0.0,-0.5300000000000002,1.9372058790922166
12.563148,75,8571.908741,224,True,False,False,False,10.0,0.0,0.0,0.0,-0.7500000000000004,3.3131481862068175
-8.693371,52,8594.997796,155,False,True,False,False,0.0,-10.0,0.0,0.0,-0.5200000000000002,1.8266290980577469
12.541165,78,8628.319603,233,True,False,False,False,10.0,0.0,0.0,0.0,-0.7800000000000005,3.3211647677421565
-8.894285,46,8648.888216,136,False,True,False,False,0.0,-10.0,0.0,0.0,-0.46000000000000024,1.5657145136594774
-8.923509,54,8672.303352,160,False,True,False,False,0.0,-10.0,0.0,0.0,-0.5400000000000003,1.616491460204125
12.400518,89,8710.879385,267,True,False,False,False,10.0,0.0,0.0,0.0,-0.8900000000000006,3.2905178475379953
-8.965665,54,8733.949921,161,False,True,False,False,0.0,-10.0,0.0,0.0,-0.5400000000000003,1.5743350195884709
12.468425,84,8768.518593,251,True,False,False,False,10.0,0.0,0.0,0.0,-0.8400000000000005,3.308425219655036
-9.032691,80,8802.764781,240,False,True,False,False,0.0,-10.0,0.0,0.0,-0.8000000000000005,1.7673090779781344
12.576214,76,8834.319529,226,True,False,False,False,10.0,0.0,0.0,0.0,-0.7600000000000005,3.336213513016701
-8.727242,54,8858.261081,160,False,True,False,False,0.0,-10.0,0.0,0.0,-0.5400000000000003,1.81275767326355
12.530541,77,8890.735263,231,True,False,False,False,10.0,0.0,0.0,0.0,-0.7700000000000005,3.3005405658483515
-9.133026,70,8922.324817,209,False,True,False,False,0.0,-10.0,0.0,0.0,-0.7000000000000004,1.5669739943742755
-8.931836,81,8957.148077,241,False,True,False,False,0.0,-10.0,0.0,0.0,-0.8100000000000005,1.8781638258695608
-8.918713,52,8980.563617,156,False,True,False,False,0.0,-10.0,0.0,0.0,-0.5200000000000002,1.6012865775823588
-8.896401,48,9001.092105,143,False,True,False,False,0.0,-10.0,0.0,0.0,-0.48000000000000026,1.5835994285345079
-8.826088,45,9019.783963,134,False,True,False,False,0.0,-10.0,0.0,0.0,-0.45000000000000023,1.6239122253656384
12.57651,76,9052.593183,226,True,False,False,False,10.0,0.0,0.0,0.0,-0.7600000000000005,3.3365098148584362
-8.721523,49,9074.701305,146,False,True,False,False,0.0,-10.0,0.0,0.0,-0.49000000000000027,1.7684772455692297
-8.786959,60,9100.400475,179,False,True,False,False,0.0,-10.0,0.0,0.0,-0.6000000000000003,1.8130414456129074
-9.09401,66,9127.702837,198,False,True,False,False,0.0,-10.0,0.0,0.0,-0.6600000000000004,1.5659901815652848
-8.904208,47,9148.587451,141,False,True,False,False,0.0,-10.0,0.0,0.0,-0.47000000000000025,1.5657919818162922
-8.578823,50,9173.249032,149,False,True,False,False,0.0,-10.0,0.0,0.0,-0.5000000000000002,1.9211770051717754
12.551612,74,9205.62578,222,True,False,False,False,10.0,0.0,0.0,0.0,-0.7400000000000004,3.2916120100021367
-8.837875,45,9225.201684,135,False,True,False,False,0.0,-10.0,0.0,0.0,-0.45000000000000023,1.6121254813671113
12.557407,75,9256.591954,224,True,False,False,False,10.0,0.0,0.0,0.0,-0.7500000000000004,3.3074070560932167
-8.598894,48,9276.616704,144,False,True,False,False,0.0,-10.0,0.0,0.0,-0.48000000000000026,1.8811064058542255
-8.811773,61,9302.893224,182,False,True,False,False,0.0,-10.0,0.0,0.0,-0.6100000000000003,1.7982270061969754
12.507931,82,9337.523993,244,True,False,False,False,10.0,0.0,0.0,0.0,-0.8200000000000005,3.3279307425022124
-8.823128,49,9358.857441,145,False,True,False,False,0.0,-10.0,0.0,0.0,-0.49000000000000027,1.6668715661764137
-8.743388,52,9381.332517,154,False,True,False,False,0.0,-10.0,0.0,0.0,-0.5200000000000002,1.7766119420528417
-8.74487,55,9405.200134,165,False,True,False,False,0.0,-10.0,0.0,0.0,-0.5500000000000003,1.8051296442747116
-9.138164,72,9436.214984,215,False,True,False,False,0.0,-10.0,0.0,0.0,-0.7200000000000004,1.5818364679813386
-8.703731,51,9461.727623,152,False,True,False,False,0.0,-10.0,0.0,0.0,-0.5100000000000002,1.806269266605377
-9.071299,64,9492.258889,192,False,True,False,False,0.0,-10.0,0.0,0.0,-0.6400000000000003,1.5687014114856723
-8.602256,54,9516.234969,161,False,True,False,False,0.0,-10.0,0.0,0.0,-0.5400000000000003,1.9377437227964407
12.541667,74,9546.651599,222,True,False,False,False,10.0,0.0,0.0,0.0,-0.7400000000000004,3.281666576862335
-8.74803,48,9567.481486,143,False,True,False,False,0.0,-10.0,0.0,0.0,-0.48000000000000026,1.73197031468153
-8.888694,45,9587.164368,133,False,True,False,False,0.0,-10.0,0.0,0.0,-0.45000000000000023,1.5613063061237331
12.563861,75,9618.733124,224,True,False,False,False,10.0,0.0,0.0,0.0,-0.7500000000000004,3.3138605862855917
12.539217,78,9652.115028,233,True,False,False,False,10.0,0.0,0.0,0.0,-0.7800000000000005,3.319216933846474
-8.884988,45,9671.933723,134,False,True,False,False,0.0,-10.0,0.0,0.0,-0.45000000000000023,1.5650122708082197
-8.665946,47,9691.874287,141,False,True,False,False,0.0,-10.0,0.0,0.0,-0.47000000000000025,1.8040544909238818
-8.758649,54,9715.67649,160,False,True,False,False,0.0,-10.0,0.0,0.0,-0.5400000000000003,1.7813512498140338
12.55533,73,9746.35693,219,True,False,False,False,10.0,0.0,0.0,0.0,-0.7300000000000004,3.2853303265571596
-8.985943,75,9778.362576,224,False,True,False,False,0.0,-10.0,0.0,0.0,-0.7500000000000004,1.7640573757886886
-8.741894,51,9801.503677,152,False,True,False,False,0.0,-10.0,0.0,0.0,-0.5100000000000002,1.7681060117483143
-8.875787,44,9820.973892,131,False,True,False,False,0.0,-10.0,0.0,0.0,-0.4400000000000002,1.5642126891016963
12.590664,73,9852.342818,218,True,False,False,False,10.0,0.0,0.0,0.0,-0.7300000000000004,3.3206641882658006
-8.700176,47,9872.939211,139,False,True,False,False,0.0,-10.0,0.0,0.0,-0.47000000000000025,1.7698244684934616
-8.847925,42,9892.015157,124,False,True,False,False,0.0,-10.0,0.0,0.0,-0.4200000000000002,1.5720751398801804
-8.887669,45,9912.289722,134,False,True,False,False,0.0,-10.0,0.0,0.0,-0.45000000000000023,1.562330558896065
-9.315862,112,9961.388527,335,False,True,False,False,0.0,-10.0,0.0,0.0,-1.1200000000000008,1.8041382545232776
-8.854183,58,9987.224238,173,False,True,False,False,0.0,-10.0,0.0,0.0,-0.5800000000000003,1.7258172860741618
-8.704084,53,10010.084284,159,False,True,False,False,0.0,-10.0,0.0,0.0,-0.5300000000000002,1.82591600894928
-8.909059,50,10032.461172,150,False,True,False,False,0.0,-10.0,0.0,0.0,-0.5000000000000002,1.5909406316280368
-8.717321,53,10056.024668,159,False,True,False,False,0.0,-10.0,0.0,0.0,-0.5300000000000002,1.812678694427014
12.576386,75,10088.70601,223,True,False,False,False,10.0,0.0,0.0,0.0,-0.7500000000000004,3.326386172175407
-8.846126,59,10114.242728,177,False,True,False,False,0.0,-10.0,0.0,0.0,-0.5900000000000003,1.7438738811016088
-5.6,200,10198.109607,600,False,False,False,True,0.0,0.0,0.0,-5.0,-2.0000000000000013,1.4000000000000006
12.512575,77,10232.550132,231,True,False,False,False,10.0,0.0,0.0,0.0,-0.7700000000000005,3.282575288414955
-8.72449,54,10256.089174,160,False,True,False,False,0.0,-10.0,0.0,0.0,-0.5400000000000003,1.8155096834897988
-8.806158,53,10278.990328,157,False,True,False,False,0.0,-10.0,0.0,0.0,-0.5300000000000002,1.72384217619896
12.519298,80,10313.495697,239,True,False,False,False,10.0,0.0,0.0,0.0,-0.8000000000000005,3.319297622442246
-8.877692,61,10339.587971,181,False,True,False,False,0.0,-10.0,0.0,0.0,-0.6100000000000003,1.732307643890381
12.532401,80,10374.130833,238,True,False,False,False,10.0,0.0,0.0,0.0,-0.8000000000000005,3.3324005454778667
-8.695632,54,10397.836415,160,False,True,False,False,0.0,-10.0,0.0,0.0,-0.5400000000000003,1.844367710947991
-8.783571,51,10420.925869,153,False,True,False,False,0.0,-10.0,0.0,0.0,-0.5100000000000002,1.726428816914558
12.556606,76,10454.225421,227,True,False,False,False,10.0,0.0,0.0,0.0,-0.7600000000000005,3.31660550892353
-8.725434,45,10473.641936,135,False,True,False,False,0.0,-10.0,0.0,0.0,-0.45000000000000023,1.724566157460213
-9.056582,62,10500.328433,184,False,True,False,False,0.0,-10.0,0.0,0.0,-0.6200000000000003,1.5634177175164223
-8.968271,53,10524.301969,158,False,True,False,False,0.0,-10.0,0.0,0.0,-0.5300000000000002,1.5617285495996478
12.456886,84,10558.850072,252,True,False,False,False,10.0,0.0,0.0,0.0,-0.8400000000000005,3.296885638237
-8.710165,60,10585.078529,180,False,True,False,False,0.0,-10.0,0.0,0.0,-0.6000000000000003,1.8898349773883814
-8.764963,60,10611.049655,179,False,True,False,False,0.0,-10.0,0.0,0.0,-0.6000000000000003,1.8350373262166977
12.494619,84,10646.333484,250,True,False,False,False,10.0,0.0,0.0,0.0,-0.8400000000000005,3.334618690013885
-9.045955,61,10673.864636,183,False,True,False,False,0.0,-10.0,0.0,0.0,-0.6100000000000003,1.5640454491972924
-9.014337,58,10698.936958,173,False,True,False,False,0.0,-10.0,0.0,0.0,-0.5800000000000003,1.5656632357835767
12.223146,107,10743.84484,321,True,False,False,False,10.0,0.0,0.0,0.0,-1.0700000000000007,3.29314592719078
12.51035,80,10777.363851,239,True,False,False,False,10.0,0.0,0.0,0.0,-0.8000000000000005,3.310349767804146
-8.782204,52,10801.677053,155,False,True,False,False,0.0,-10.0,0.0,0.0,-0.5200000000000002,1.7377958473563198
-8.652857,58,10827.312674,174,False,True,False,False,0.0,-10.0,0.0,0.0,-0.5800000000000003,1.9271427416801454
-9.715324,144,10888.41574,430,False,True,False,False,0.0,-10.0,0.0,0.0,-1.440000000000001,1.7246758931875226
-8.802952,55,10913.09824,163,False,True,False,False,0.0,-10.0,0.0,0.0,-0.5500000000000003,1.7470479357242585
-8.816166,54,10936.521091,162,False,True,False,False,0.0,-10.0,0.0,0.0,-0.5400000000000003,1.7238343822956088
12.547554,77,10968.577562,230,True,False,False,False,10.0,0.0,0.0,0.0,-0.7700000000000005,3.3175542730093
12.526123,79,11002.220673,236,True,False,False,False,10.0,0.0,0.0,0.0,-0.7900000000000005,3.3161228102445595
-8.878762,51,11024.722661,151,False,True,False,False,0.0,-10.0,0.0,0.0,-0.5100000000000002,1.631238482892514
12.394785,91,11063.135884,272,True,False,False,False,10.0,0.0,0.0,0.0,-0.9100000000000006,3.3047849804162985
-8.986154,58,11089.705591,172,False,True,False,False,0.0,-10.0,0.0,0.0,-0.5800000000000003,1.5938459569215775
-8.975757,90,11127.889967,269,False,True,False,False,0.0,-10.0,0.0,0.0,-0.9000000000000006,1.9242431551218038
-9.105245,67,11156.46038,199,False,True,False,False,0.0,-10.0,0.0,0.0,-0.6700000000000004,1.5647550737857825
-8.868802,76,11189.191571,228,False,True,False,False,0.0,-10.0,0.0,0.0,-0.7600000000000005,1.8911976116895683
-9.078118,64,11217.17523,190,False,True,False,False,0.0,-10.0,0.0,0.0,-0.6400000000000003,1.5618824750185016
-8.711931,62,11243.667767,186,False,True,False,False,0.0,-10.0,0.0,0.0,-0.6200000000000003,1.9080692964792259
-9.032753,76,11276.271618,226,False,True,False,False,0.0,-10.0,0.0,0.0,-0.7600000000000005,1.7272471576929092
12.242488,104,11318.683769,312,True,False,False,False,10.0,0.0,0.0,0.0,-1.0400000000000007,3.2824876117706285
12.481124,81,11353.088351,243,True,False,False,False,10.0,0.0,0.0,0.0,-0.8100000000000005,3.291123720407487
-8.708112,57,11378.254945,169,False,True,False,False,0.0,-10.0,0.0,0.0,-0.5700000000000003,1.8618880045413968
-8.843963,49,11399.441976,146,False,True,False,False,0.0,-10.0,0.0,0.0,-0.49000000000000027,1.6460373705625533
-8.83105,50,11421.758012,149,False,True,False,False,0.0,-10.0,0.0,0.0,-0.5000000000000002,1.6689499408006674
12.454918,84,11457.138458,252,True,False,False,False,10.0,0.0,0.0,0.0,-0.8400000000000005,3.294918326139449
-8.988728,57,11481.655132,169,False,True,False,False,0.0,-10.0,0.0,0.0,-0.5700000000000003,1.581271859407425
12.287928,104,11525.221469,310,True,False,False,False,10.0,0.0,0.0,0.0,-1.0400000000000007,3.3279277074337
12.482827,80,11559.790667,240,True,False,False,False,10.0,0.0,0.0,0.0,-0.8000000000000005,3.2828271865844725
-8.730503,53,11582.872952,158,False,True,False,False,0.0,-10.0,0.0,0.0,-0.5300000000000002,1.7994970247149475
-9.076947,73,11614.439736,219,False,True,False,False,0.0,-10.0,0.0,0.0,-0.7300000000000004,1.6530527311563492
-8.761553,57,11639.71272,169,False,True,False,False,0.0,-10.0,0.0,0.0,-0.5700000000000003,1.808447452783585
12.350559,95,11678.585492,285,True,False,False,False,10.0,0.0,0.0,0.0,-0.9500000000000006,3.300558995008469
-9.09661,86,11714.476202,256,False,True,False,False,0.0,-10.0,0.0,0.0,-0.8600000000000005,1.7633897072076794
-8.980631,55,11737.800606,164,False,True,False,False,0.0,-10.0,0.0,0.0,-0.5500000000000003,1.5693693304061893
-8.61188,60,11764.91233,178,False,True,False,False,0.0,-10.0,0.0,0.0,-0.6000000000000003,1.9881202471256254
-8.783917,53,11788.700545,159,False,True,False,False,0.0,-10.0,0.0,0.0,-0.5300000000000002,1.7460826772451399
12.504745,78,11822.609869,234,True,False,False,False,10.0,0.0,0.0,0.0,-0.7800000000000005,3.2847451359033575
-8.855908,60,11848.193863,178,False,True,False,False,0.0,-10.0,0.0,0.0,-0.6000000000000003,1.7440919774770738
-9.17718,74,11879.446259,221,False,True,False,False,0.0,-10.0,0.0,0.0,-0.7400000000000004,1.5628202024102213
-8.962688,53,11902.746177,158,False,True,False,False,0.0,-10.0,0.0,0.0,-0.5300000000000002,1.56731183052063
-8.973885,54,11926.575647,162,False,True,False,False,0.0,-10.0,0.0,0.0,-0.5400000000000003,1.5661151719093322
-8.980851,55,11950.799987,163,False,True,False,False,0.0,-10.0,0.0,0.0,-0.5500000000000003,1.5691486507654189
-8.932895,52,11973.62628,156,False,True,False,False,0.0,-10.0,0.0,0.0,-0.5200000000000002,1.587104859948158
-8.816215,54,11996.971626,161,False,True,False,False,0.0,-10.0,0.0,0.0,-0.5400000000000003,1.7237854430079471
-8.891897,47,12018.071305,139,False,True,False,False,0.0,-10.0,0.0,0.0,-0.47000000000000025,1.578103033900261
12.478512,82,12053.098588,246,True,False,False,False,10.0,0.0,0.0,0.0,-0.8200000000000005,3.2985116505622867
12.436374,86,12090.835153,258,True,False,False,False,10.0,0.0,0.0,0.0,-0.8600000000000005,3.2963735312223443
-8.805498,53,12113.867755,158,False,True,False,False,0.0,-10.0,0.0,0.0,-0.5300000000000002,1.7245021766424182
-8.847755,59,12139.085912,175,False,True,False,False,0.0,-10.0,0.0,0.0,-0.5900000000000003,1.7422445034980774
12.185028,115,12187.5977,343,True,False,False,False,10.0,0.0,0.0,0.0,-1.1500000000000008,3.3350275945663452
12.237563,106,12232.02933,318,True,False,False,False,10.0,0.0,0.0,0.0,-1.0600000000000007,3.2975634640455245
-8.909716,57,12257.057961,169,False,True,False,False,0.0,-10.0,0.0,0.0,-0.5700000000000003,1.6602843785285948
-9.135378,88,12294.935527,262,False,True,False,False,0.0,-10.0,0.0,0.0,-0.8800000000000006,1.7446218907833104
-9.282874,101,12338.854762,303,False,True,False,False,0.0,-10.0,0.0,0.0,-1.0100000000000007,1.7271261131763458
12.18742,110,12386.086384,330,True,False,False,False,10.0,0.0,0.0,0.0,-1.1000000000000008,3.28741996884346
-9.39595,96,12426.378189,286,False,True,False,False,0.0,-10.0,0.0,0.0,-0.9600000000000006,1.5640498185157776
-9.149136,88,12463.053456,262,False,True,False,False,0.0,-10.0,0.0,0.0,-0.8800000000000006,1.7308638513088224
-8.995364,56,12486.944649,168,False,True,False,False,0.0,-10.0,0.0,0.0,-0.5600000000000003,1.5646359676122665
-8.840271,58,12513.98917,172,False,True,False,False,0.0,-10.0,0.0,0.0,-0.5800000000000003,1.7397287720441819
-10.266308,200,12597.990848,600,False,True,False,False,0.0,-10.0,0.0,0.0,-2.0000000000000013,1.7336918222904207
12.37297,94,12639.655591,281,True,False,False,False,10.0,0.0,0.0,0.0,-0.9400000000000006,3.312969759702682
-5.6,200,12723.510595,600,False,False,False,True,0.0,0.0,0.0,-5.0,-2.0000000000000013,1.4000000000000004
-9.663289,123,12776.945748,369,False,True,False,False,0.0,-10.0,0.0,0.0,-1.2300000000000009,1.5667111057043073
-8.968472,71,12808.075079,213,False,True,False,False,0.0,-10.0,0.0,0.0,-0.7100000000000004,1.7415282505750656
-9.434399,100,12852.304115,298,False,True,False,False,0.0,-10.0,0.0,0.0,-1.0000000000000007,1.565601043105126
-9.928951,166,12924.048558,498,False,True,False,False,0.0,-10.0,0.0,0.0,-1.6600000000000013,1.7310493361949917
12.398243,92,12966.184206,275,True,False,False,False,10.0,0.0,0.0,0.0,-0.9200000000000006,3.318242949843408
-10.005207,174,13041.396475,521,False,True,False,False,0.0,-10.0,0.0,0.0,-1.7400000000000013,1.7347933357954028
-5.6,200,13125.45315,600,False,False,False,True,0.0,0.0,0.0,-5.0,-2.0000000000000013,1.4
-9.297786,86,13163.348655,258,False,True,False,False,0.0,-10.0,0.0,0.0,-0.8600000000000005,1.5622144454717637
-8.882243,81,13197.232287,242,False,True,False,False,0.0,-10.0,0.0,0.0,-0.8100000000000005,1.9277567923069003
-5.6,200,13283.019962,600,False,False,False,True,0.0,0.0,0.0,-5.0,-2.0000000000000013,1.4
-8.982321,56,13308.300144,168,False,True,False,False,0.0,-10.0,0.0,0.0,-0.5600000000000003,1.5776787799596792
12.500204,82,13344.992455,245,True,False,False,False,10.0,0.0,0.0,0.0,-0.8200000000000005,3.320203598737718
-5.6,200,13430.58851,600,False,False,False,True,0.0,0.0,0.0,-5.0,-2.0000000000000013,1.3999999999999995
-5.6,200,13516.976065,600,False,False,False,True,0.0,0.0,0.0,-5.0,-2.0000000000000013,1.4
-9.016108,58,13543.405698,174,False,True,False,False,0.0,-10.0,0.0,0.0,-0.5800000000000003,1.5638917773962022
11.382556,193,13624.468405,578,True,False,False,False,10.0,0.0,0.0,0.0,-1.9300000000000015,3.3125557023286807
