comparison,left,right,scenario,success_delta,success_ci_low,success_ci_high,collision_delta,collision_ci_low,collision_ci_high,timeout_delta,return_delta,completion_time_delta_seconds,success_without_safety_tradeoff
mst_minus_sac,mst,sac,left_turn,-0.21333333333333335,-0.6933333333333334,0.12,0.19333333333333336,-0.11333333333333333,0.6466666666666666,0.02,-0.4066666666666666,0.7641691919191912,False
mst_minus_sac,mst,sac,cross,0.41333333333333333,-0.04666666666666667,0.7533333333333333,-0.15333333333333335,-0.3933333333333333,0.06,-0.26,0.5666666666666667,-6.009919551992727,True
mst_minus_sac,mst,sac,roundabout_easy,0.046666666666666634,-0.013333333333333334,0.11333333333333333,-0.05333333333333333,-0.11333333333333333,0.0,0.006666666666666667,0.10000000000000002,1.6556259379175653,True
mst_minus_sac,mst,sac,roundabout_medium,0.09333333333333331,0.02,0.17333333333333334,-0.09333333333333334,-0.17333333333333334,-0.02,0.0,0.18666666666666668,3.465739635587846,True
mst_minus_sac,mst,sac,roundabout,0.07333333333333332,-0.02,0.18,-0.07333333333333333,-0.17333333333333334,0.02,0.0,0.1466666666666667,-0.918259144237401,True
mst_minus_sac,mst,sac,carla,0.08666666666666667,0.03333333333333333,0.14666666666666667,-0.08,-0.14,-0.02666666666666667,-0.006666666666666667,0.16666666666666666,-6.183943602693602,True
mst_slt_minus_mst,mst_slt,mst,left_turn,0.25333333333333335,-0.02666666666666667,0.7466666666666667,-0.2333333333333333,-0.6733333333333333,0.02666666666666667,-0.02,0.48666666666666664,-2.3756247165532876,True
mst_slt_minus_mst,mst_slt,mst,cross,0.08,-0.013333333333333334,0.17333333333333334,-0.08,-0.17333333333333334,0.013333333333333334,0.0,0.16,2.5009447136616885,True
mst_slt_minus_mst,mst_slt,mst,roundabout_easy,0.02666666666666669,-0.02,0.08,-0.02,-0.06,0.02,-0.006666666666666667,0.046666666666666634,-1.4368797582862936,True
mst_slt_minus_mst,mst_slt,mst,roundabout_medium,-0.013333333333333308,-0.10666666666666667,0.08666666666666667,0.01333333333333333,-0.08666666666666667,0.10666666666666667,0.0,-0.02666666666666669,-3.275813256314778,False
mst_slt_minus_mst,mst_slt,mst,roundabout,-0.01999999999999998,-0.1,0.05333333333333334,0.019999999999999993,-0.05333333333333334,0.1,0.0,-0.040000000000000036,1.886144049187531,False
mst_slt_minus_mst,mst_slt,mst,carla,-0.020000000000000018,-0.06666666666666667,0.0,0.02,0.0,0.06666666666666667,0.0,-0.04,3.5874609929078,False
temporal_graph_minus_mst_slt,temporal_graph,mst_slt,left_turn,-0.01999999999999998,-0.08,0.03333333333333333,0.02,-0.03333333333333333,0.08,0.0,-0.04,1.066838583259391,False
temporal_graph_minus_mst_slt,temporal_graph,mst_slt,cross,-0.04,-0.25333333333333335,0.13333333333333333,0.006666666666666664,-0.13333333333333333,0.16666666666666666,0.04666666666666667,-0.04666666666666669,6.567686452127806,False
temporal_graph_minus_mst_slt,temporal_graph,mst_slt,roundabout_easy,-0.02666666666666669,-0.06,0.006666666666666667,0.02666666666666667,-0.006666666666666667,0.06,0.0,-0.05333333333333331,2.9658928571428596,False
temporal_graph_minus_mst_slt,temporal_graph,mst_slt,roundabout_medium,-0.04,-0.14666666666666667,0.06,0.04000000000000001,-0.06,0.15333333333333332,0.0,-0.07999999999999996,2.9844190201333056,False
temporal_graph_minus_mst_slt,temporal_graph,mst_slt,roundabout,-0.09333333333333334,-0.18,-0.006666666666666667,0.09333333333333334,0.006666666666666667,0.18666666666666668,0.0,-0.18666666666666662,-2.980846086280877,False
temporal_graph_minus_mst_slt,temporal_graph,mst_slt,carla,0.020000000000000018,0.0,0.06666666666666667,-0.02,-0.06666666666666667,0.0,0.0,0.04,-3.5641276595744666,True
full_balanced_minus_temporal_graph,full_balanced,temporal_graph,left_turn,0.026666666666666655,-0.04666666666666667,0.09333333333333334,-0.02666666666666667,-0.09333333333333334,0.04666666666666667,0.0,0.053333333333333344,4.201377740858911,True
full_balanced_minus_temporal_graph,full_balanced,temporal_graph,cross,-0.053333333333333344,-0.14,0.04,0.08666666666666666,-0.006666666666666667,0.18,-0.04666666666666667,-0.13999999999999999,-6.687674801761233,False
full_balanced_minus_temporal_graph,full_balanced,temporal_graph,roundabout_easy,-0.01999999999999998,-0.09333333333333334,0.04,0.006666666666666667,-0.06,0.08666666666666667,0.013333333333333334,-0.02666666666666669,0.6285506424792123,False
full_balanced_minus_temporal_graph,full_balanced,temporal_graph,roundabout_medium,-0.22666666666666668,-0.47333333333333333,-0.02,0.22666666666666666,0.02,0.4666666666666667,0.0,-0.45333333333333337,-1.741358826358823,False
full_balanced_minus_temporal_graph,full_balanced,temporal_graph,roundabout,0.01999999999999998,-0.09333333333333334,0.14,-0.02666666666666666,-0.14,0.08666666666666667,0.006666666666666667,0.046666666666666634,4.625627917701088,True
full_balanced_minus_temporal_graph,full_balanced,temporal_graph,carla,-0.3333333333333333,-1.0,0.0,0.013333333333333334,0.0,0.04666666666666667,0.32,-0.3466666666666667,0.29999999999999893,False
full_balanced_minus_mst_slt,full_balanced,mst_slt,left_turn,0.006666666666666672,-0.04,0.04,-0.006666666666666668,-0.04,0.04,0.0,0.013333333333333345,5.268216324118302,True
full_balanced_minus_mst_slt,full_balanced,mst_slt,cross,-0.09333333333333334,-0.2733333333333333,0.05333333333333334,0.09333333333333332,-0.06,0.28,0.0,-0.18666666666666668,-0.11998834963342613,False
full_balanced_minus_mst_slt,full_balanced,mst_slt,roundabout_easy,-0.04666666666666667,-0.11333333333333333,0.0,0.03333333333333333,-0.02,0.10666666666666667,0.013333333333333334,-0.08,3.5944434996220718,False
full_balanced_minus_mst_slt,full_balanced,mst_slt,roundabout_medium,-0.26666666666666666,-0.6,-0.006666666666666667,0.26666666666666666,0.006666666666666667,0.5866666666666667,0.0,-0.5333333333333333,1.2430601937744825,False
full_balanced_minus_mst_slt,full_balanced,mst_slt,roundabout,-0.07333333333333336,-0.16,0.006666666666666667,0.06666666666666667,-0.006833333333333182,0.14666666666666667,0.006666666666666667,-0.13999999999999999,1.644781831420211,False
full_balanced_minus_mst_slt,full_balanced,mst_slt,carla,-0.3133333333333333,-1.0,0.06,-0.006666666666666665,-0.06666666666666667,0.04666666666666667,0.32,-0.3066666666666667,-4.110191489361702,False
ppo_minus_sac,ppo,sac,left_turn,-0.3466666666666667,-0.9133333333333333,0.03333333333333333,0.3466666666666667,-0.03333333333333333,0.9066666666666666,0.0,-0.6933333333333332,3.7705930735930746,False
ppo_minus_sac,ppo,sac,cross,0.04,-0.46,0.56,-0.11333333333333333,-0.4866666666666667,0.46,0.07333333333333332,0.15333333333333335,-9.475638528138536,True
ppo_minus_sac,ppo,sac,roundabout_easy,-0.06000000000000002,-0.15333333333333332,0.02666666666666667,0.060000000000000005,-0.02666666666666667,0.15333333333333332,0.0,-0.12,7.4156165660837265,False
ppo_minus_sac,ppo,sac,roundabout_medium,-0.13999999999999999,-0.26,0.0,0.13999999999999999,0.0,0.26,0.0,-0.27999999999999997,6.433979248672572,False
ppo_minus_sac,ppo,sac,roundabout,-0.47333333333333333,-0.7866666666666666,-0.2,0.13999999999999999,-0.18666666666666668,0.42,0.3333333333333333,-0.6133333333333333,-13.04006444099379,False
ppo_minus_sac,ppo,sac,carla,-0.8066666666666666,-0.9266666666666666,-0.64,-0.02666666666666667,-0.14,0.11333333333333333,0.8333333333333334,-0.78,11.039583333333336,False
