#{"t_start": 1790531904.924684, "env_id": "None"}
r,l,t,raw_simulation_steps,is_success,collision,off_route,max_time
-8.892618,52,4.876485,154,False,True,False,False
-8.8334,52,8.077457,154,False,True,False,False
-8.719531,57,11.598736,169,False,True,False,False
-9.420615,111,17.855472,333,False,True,False,False
-9.440097,118,24.381415,354,False,True,False,False
-8.876914,54,28.275828,162,False,True,False,False
11.47603,183,38.475965,549,True,False,False,False
-5.6,200,50.48648,600,False,False,False,True
-8.887849,58,54.612487,174,False,True,False,False
11.463471,185,65.091498,555,True,False,False,False
-8.871669,61,68.730337,182,False,True,False,False
-8.815361,64,73.332992,190,False,True,False,False
12.207008,112,79.886012,335,True,False,False,False
-9.518961,112,86.255773,336,False,True,False,False
12.182058,112,94.550888,336,True,False,False,False
-8.930694,59,99.273782,176,False,True,False,False
-9.043954,82,105.965373,245,False,True,False,False
-8.8247,44,114.157931,131,False,True,False,False
-9.113497,94,128.624482,282,False,True,False,False
-8.88101,71,140.251369,211,False,True,False,False
-10.097646,173,166.618127,517,False,True,False,False
-9.31519,108,181.487072,322,False,True,False,False
12.209037,109,197.110269,327,True,False,False,False
-8.794635,55,205.043686,165,False,True,False,False
-8.877526,67,214.52973,199,False,True,False,False
12.433889,89,226.87358,266,True,False,False,False
-5.6,200,255.152737,600,False,False,False,True
-8.920906,62,263.849669,185,False,True,False,False
12.04734,129,281.939246,385,True,False,False,False
-8.795313,47,288.822942,140,False,True,False,False
-8.938348,61,297.992911,183,False,True,False,False
12.018504,128,315.943294,384,True,False,False,False
-8.85778,64,325.497795,192,False,True,False,False
-9.253995,106,340.124106,317,False,True,False,False
12.297832,103,354.578746,308,True,False,False,False
-8.893995,62,363.431572,185,False,True,False,False
-9.309317,104,377.938941,311,False,True,False,False
-8.81336,72,388.044461,214,False,True,False,False
12.349306,96,401.148201,287,True,False,False,False
-9.084419,83,412.939052,249,False,True,False,False
-8.925655,61,421.982496,183,False,True,False,False
12.280391,105,436.604769,313,True,False,False,False
12.286915,105,451.030249,313,True,False,False,False
12.097862,121,467.842032,363,True,False,False,False
-8.875986,63,476.998884,187,False,True,False,False
-9.196959,81,488.48878,243,False,True,False,False
-9.483751,124,505.830681,371,False,True,False,False
12.299399,101,519.871575,303,True,False,False,False
-9.276674,105,534.313998,313,False,True,False,False
-8.813696,64,543.61866,192,False,True,False,False
-8.921565,64,552.939538,192,False,True,False,False
12.222145,110,568.419112,329,True,False,False,False
-8.805059,63,577.563437,189,False,True,False,False
12.111654,121,594.627718,362,True,False,False,False
-9.311964,105,609.445479,315,False,True,False,False
-8.872762,70,619.566095,208,False,True,False,False
-8.99061,85,631.672913,255,False,True,False,False
-8.83175,72,641.897232,216,False,True,False,False
12.11841,122,658.662679,364,True,False,False,False
12.174563,115,674.480088,344,True,False,False,False
-8.874793,71,684.721354,211,False,True,False,False
-9.332604,102,698.844259,306,False,True,False,False
-9.124417,84,710.952301,251,False,True,False,False
12.15129,117,727.243916,350,True,False,False,False
-9.160449,82,738.857731,244,False,True,False,False
-9.129132,85,751.063626,254,False,True,False,False
-9.059078,90,763.534466,268,False,True,False,False
-9.175808,81,774.826845,243,False,True,False,False
12.1617,114,790.612381,342,True,False,False,False
12.154571,117,807.002101,349,True,False,False,False
-9.242778,84,818.326181,252,False,True,False,False
-8.815323,72,828.653978,215,False,True,False,False
-9.228339,104,842.511485,312,False,True,False,False
11.96388,137,861.372517,409,True,False,False,False
-8.86082,67,871.285616,201,False,True,False,False
-9.163232,81,882.978695,241,False,True,False,False
12.280973,106,897.741406,316,True,False,False,False
-9.260555,103,911.836143,308,False,True,False,False
-9.020988,83,923.389524,249,False,True,False,False
-9.279629,103,937.70653,309,False,True,False,False
-9.228668,83,949.54532,247,False,True,False,False
-9.053662,66,958.957934,197,False,True,False,False
-9.399585,101,973.19577,303,False,True,False,False
-9.027875,84,984.858056,250,False,True,False,False
-9.24083,85,996.846732,254,False,True,False,False
-9.208634,83,1008.564274,249,False,True,False,False
12.184269,113,1023.818306,338,True,False,False,False
-9.294133,102,1037.751099,306,False,True,False,False
-9.015247,84,1049.587784,250,False,True,False,False
-8.846571,72,1059.654301,214,False,True,False,False
-8.875637,69,1069.639026,205,False,True,False,False
12.187108,113,1085.263036,338,True,False,False,False
12.383143,95,1098.563812,283,True,False,False,False
12.21984,111,1114.234229,331,True,False,False,False
12.189639,114,1130.083879,340,True,False,False,False
12.020184,132,1148.054709,394,True,False,False,False
-8.891926,73,1158.513701,219,False,True,False,False
-9.079281,82,1169.794168,245,False,True,False,False
-9.160995,80,1180.857327,240,False,True,False,False
-9.02177,93,1193.864449,277,False,True,False,False
-9.209083,105,1208.171752,314,False,True,False,False
-9.021293,83,1219.698041,248,False,True,False,False
-9.060802,90,1232.302402,268,False,True,False,False
-9.034067,85,1244.428317,253,False,True,False,False
11.591614,172,1267.975336,515,True,False,False,False
-9.346528,101,1283.011133,302,False,True,False,False
12.209898,113,1299.039621,337,True,False,False,False
-8.979296,71,1309.631955,211,False,True,False,False
-9.142332,90,1322.381204,268,False,True,False,False
-9.148839,90,1335.200416,270,False,True,False,False
-8.955709,85,1346.735836,254,False,True,False,False
-9.217884,86,1358.661865,256,False,True,False,False
-9.342456,102,1373.611257,306,False,True,False,False
-9.201401,105,1388.315237,315,False,True,False,False
-9.224254,104,1402.700147,310,False,True,False,False
12.318747,99,1415.881283,296,True,False,False,False
12.016382,131,1433.934828,391,True,False,False,False
11.994355,131,1451.302403,392,True,False,False,False
-9.092387,70,1461.416772,208,False,True,False,False
-9.382997,100,1475.16589,300,False,True,False,False
-9.224007,103,1489.346896,308,False,True,False,False
-9.165331,105,1503.950743,314,False,True,False,False
11.996942,131,1522.089785,392,True,False,False,False
-9.034513,86,1534.029688,257,False,True,False,False
12.159494,117,1549.823742,349,True,False,False,False
-9.23468,105,1564.335427,313,False,True,False,False
-9.814394,165,1587.006267,494,False,True,False,False
12.192584,109,1602.264167,327,True,False,False,False
-9.358966,125,1619.734255,374,False,True,False,False
-9.508869,126,1636.749414,376,False,True,False,False
-9.595734,121,1653.621885,363,False,True,False,False
-9.448342,126,1670.86743,376,False,True,False,False
-9.355126,125,1687.82932,374,False,True,False,False
-9.755878,141,1706.899106,422,False,True,False,False
-9.650924,143,1726.094287,429,False,True,False,False
-9.129006,105,1740.872053,315,False,True,False,False
-9.084547,83,1752.637563,249,False,True,False,False
-9.315407,105,1767.177957,313,False,True,False,False
-9.030486,84,1778.958264,251,False,True,False,False
11.809105,151,1799.793562,452,True,False,False,False
-9.728791,144,1819.574056,431,False,True,False,False
12.131358,117,1835.759387,351,True,False,False,False
12.020811,130,1853.723324,389,True,False,False,False
-9.218627,107,1868.307118,321,False,True,False,False
12.022414,130,1886.238432,388,True,False,False,False
-9.216689,104,1903.254601,310,False,True,False,False
-9.011031,84,1917.631392,251,False,True,False,False
-9.630355,124,1938.677211,372,False,True,False,False
-9.092968,83,1953.093211,247,False,True,False,False
-9.418609,102,1970.077852,304,False,True,False,False
-9.387009,112,1988.64758,334,False,True,False,False
12.014317,131,2009.333229,391,True,False,False,False
12.008431,130,2031.800879,389,True,False,False,False
-9.01069,89,2048.004663,266,False,True,False,False
-9.447255,106,2066.059581,317,False,True,False,False
-9.147649,81,2080.391457,242,False,True,False,False
-9.480592,108,2099.584567,322,False,True,False,False
-9.345406,101,2116.079646,303,False,True,False,False
-9.549274,123,2136.514644,367,False,True,False,False
11.627799,171,2164.974508,511,True,False,False,False
11.834215,150,2189.46224,448,True,False,False,False
-9.278575,102,2205.66861,306,False,True,False,False
12.016304,130,2225.870747,389,True,False,False,False
12.197196,109,2242.540248,327,True,False,False,False
-8.94796,85,2255.595398,253,False,True,False,False
-8.79151,65,2265.774379,193,False,True,False,False
