#{"t_start": 1790592481.380884, "env_id": "None"}
r,l,t,raw_simulation_steps,is_success,collision,off_route,max_time
12.298675,104,12.004552,310,True,False,False,False
12.261975,104,23.238525,311,True,False,False,False
-10.204436,170,39.643889,508,False,True,False,False
12.243387,107,49.107403,321,True,False,False,False
-9.230948,85,56.927606,255,False,True,False,False
-8.854744,71,63.803088,212,False,True,False,False
-8.920646,73,70.320203,218,False,True,False,False
-8.832005,60,77.278921,179,False,True,False,False
-9.020064,75,84.937788,224,False,True,False,False
-9.697627,133,97.955763,397,False,True,False,False
-9.131907,64,104.594738,192,False,True,False,False
-8.953541,58,110.819413,173,False,True,False,False
-9.501278,116,121.766351,348,False,True,False,False
-9.305953,81,130.222441,241,False,True,False,False
-9.387865,124,142.743228,372,False,True,False,False
-8.752984,60,148.764887,179,False,True,False,False
-8.853837,76,156.302977,227,False,True,False,False
-8.938629,63,162.899319,187,False,True,False,False
-8.833347,64,173.935459,190,False,True,False,False
-9.796026,139,221.056646,415,False,True,False,False
-8.92986,57,243.79741,171,False,True,False,False
-8.864801,53,263.602245,157,False,True,False,False
12.08023,125,307.712113,373,True,False,False,False
-8.857386,56,329.840906,166,False,True,False,False
-9.09321,75,359.39155,224,False,True,False,False
-8.903638,81,389.7847,242,False,True,False,False
-9.007877,84,416.375576,251,False,True,False,False
-9.529478,126,454.513862,376,False,True,False,False
-10.141253,183,516.876519,549,False,True,False,False
-10.270928,188,573.508811,562,False,True,False,False
-5.6,200,634.20213,600,False,False,False,True
-5.6,200,710.718354,600,False,False,False,True
-9.567014,182,777.424029,544,False,True,False,False
-9.79723,156,828.016885,466,False,True,False,False
-9.523023,120,871.538549,358,False,True,False,False
-5.578159,200,942.581049,600,False,False,False,True
-5.6,200,1013.932725,600,False,False,False,True
-8.945061,77,1041.490082,231,False,True,False,False
-9.611702,128,1086.857399,382,False,True,False,False
-9.479482,112,1126.580702,336,False,True,False,False
-8.832603,56,1146.796243,166,False,True,False,False
-5.6,200,1217.710079,600,False,False,False,True
12.180612,111,1256.83605,333,True,False,False,False
-5.6,200,1328.599385,600,False,False,False,True
-5.6,200,1399.933101,600,False,False,False,True
-9.412581,112,1439.572126,334,False,True,False,False
-9.488029,112,1479.098353,334,False,True,False,False
-8.982639,49,1497.738803,147,False,True,False,False
-8.797376,49,1518.230014,145,False,True,False,False
-5.6,200,1601.638379,600,False,False,False,True
-9.113548,63,1628.112964,188,False,True,False,False
12.329639,100,1668.671466,299,True,False,False,False
-8.892042,39,1684.984312,115,False,True,False,False
11.709501,158,1750.565104,474,True,False,False,False
-8.935792,54,1773.161267,161,False,True,False,False
-8.818403,56,1796.219468,168,False,True,False,False
-8.869368,51,1817.539215,153,False,True,False,False
-8.93998,57,1841.60589,171,False,True,False,False
-8.83975,55,1864.590209,165,False,True,False,False
-8.922417,50,1885.844462,150,False,True,False,False
-8.774262,58,1910.404556,174,False,True,False,False
-9.197766,81,1941.220129,241,False,True,False,False
12.270526,102,1976.997279,306,True,False,False,False
-8.905676,71,2002.22855,212,False,True,False,False
12.075572,123,2045.396762,369,True,False,False,False
11.780827,152,2098.106298,456,True,False,False,False
-9.208017,86,2128.152274,257,False,True,False,False
12.528192,81,2156.383248,241,True,False,False,False
-8.840598,42,2171.78832,125,False,True,False,False
-8.665465,51,2190.482768,151,False,True,False,False
12.48918,85,2220.0137,253,True,False,False,False
12.447002,87,2250.497624,260,True,False,False,False
-8.595471,61,2272.074032,183,False,True,False,False
-8.829198,49,2289.972831,147,False,True,False,False
-8.865829,51,2308.424115,151,False,True,False,False
12.494282,82,2337.136609,245,True,False,False,False
12.333733,100,2371.738384,298,True,False,False,False
-8.707052,54,2391.081939,160,False,True,False,False
12.067021,127,2434.942574,379,True,False,False,False
-8.710417,43,2450.628344,127,False,True,False,False
12.632038,67,2476.095565,201,True,False,False,False
-8.650396,33,2488.793344,99,False,True,False,False
-8.628604,44,2504.739059,132,False,True,False,False
-8.624983,41,2519.533718,121,False,True,False,False
-8.647709,36,2532.375694,107,False,True,False,False
-8.796278,48,2549.530078,144,False,True,False,False
-8.667532,44,2565.2955,131,False,True,False,False
12.700804,63,2587.129614,187,True,False,False,False
12.554558,74,2612.648856,222,True,False,False,False
-8.61085,43,2627.977432,129,False,True,False,False
-8.835415,54,2646.982174,161,False,True,False,False
-8.861754,39,2661.012544,116,False,True,False,False
-8.683244,52,2679.335017,154,False,True,False,False
-8.854238,46,2695.392967,137,False,True,False,False
-8.637087,52,2714.003603,156,False,True,False,False
12.563073,74,2739.581011,222,True,False,False,False
-8.604668,41,2754.365441,123,False,True,False,False
-8.526613,38,2768.195679,114,False,True,False,False
12.657564,65,2790.810544,195,True,False,False,False
-9.063042,70,2815.071556,209,False,True,False,False
-8.496529,41,2829.776576,121,False,True,False,False
-8.480368,37,2843.103657,110,False,True,False,False
-8.734141,36,2856.091519,106,False,True,False,False
12.62607,67,2879.150668,201,True,False,False,False
-8.745525,35,2891.753782,105,False,True,False,False
-8.721743,30,2902.936075,89,False,True,False,False
-8.830543,33,2915.022258,98,False,True,False,False
12.6481,67,2938.2237,200,True,False,False,False
12.608205,71,2962.835617,212,True,False,False,False
-8.792152,37,2976.287885,109,False,True,False,False
12.570736,76,3002.312323,226,True,False,False,False
-8.626521,36,3015.377235,107,False,True,False,False
-8.532757,35,3028.014626,103,False,True,False,False
-8.600075,48,3045.08073,144,False,True,False,False
-8.796995,37,3058.472749,110,False,True,False,False
12.553161,77,3085.12908,231,True,False,False,False
-8.778349,30,3096.105144,88,False,True,False,False
-8.621143,37,3109.436424,109,False,True,False,False
12.638578,70,3133.775025,208,True,False,False,False
12.539176,76,3160.037965,228,True,False,False,False
-8.803206,43,3175.565652,128,False,True,False,False
12.298141,102,3210.420529,305,True,False,False,False
12.659626,67,3233.708553,199,True,False,False,False
-8.744358,46,3249.950402,138,False,True,False,False
12.66505,67,3273.198184,199,True,False,False,False
12.615201,69,3297.134341,207,True,False,False,False
-8.886136,46,3313.504145,136,False,True,False,False
-8.694641,32,3325.256202,95,False,True,False,False
-8.716886,34,3337.708929,102,False,True,False,False
12.625305,66,3360.579453,198,True,False,False,False
12.567753,74,3385.949661,222,True,False,False,False
-8.785204,37,3399.413519,109,False,True,False,False
-8.890118,40,3413.417,119,False,True,False,False
-8.772738,33,3425.62799,99,False,True,False,False
-8.603394,31,3437.154534,93,False,True,False,False
12.638369,65,3459.763498,195,True,False,False,False
12.548497,77,3486.466915,230,True,False,False,False
-8.973749,50,3504.054018,148,False,True,False,False
-8.553597,38,3517.746554,113,False,True,False,False
12.61293,72,3542.452121,214,True,False,False,False
12.642922,67,3565.663518,200,True,False,False,False
12.626687,66,3588.578882,198,True,False,False,False
-8.795866,31,3600.016523,92,False,True,False,False
12.645614,67,3623.227208,200,True,False,False,False
-8.561588,37,3636.633068,109,False,True,False,False
-8.841788,48,3653.524222,144,False,True,False,False
12.699975,62,3675.16724,185,True,False,False,False
-8.693404,28,3685.608297,83,False,True,False,False
-8.703297,28,3696.109423,84,False,True,False,False
-8.545575,31,3707.665216,92,False,True,False,False
-8.524617,33,3719.601154,97,False,True,False,False
12.669887,63,3741.209804,189,True,False,False,False
-8.647879,34,3753.812902,101,False,True,False,False
-8.806418,40,3768.134389,119,False,True,False,False
-8.485062,35,3781.030472,105,False,True,False,False
12.617673,72,3806.074178,214,True,False,False,False
12.66001,67,3829.250887,199,True,False,False,False
12.687066,61,3850.448046,183,True,False,False,False
-8.538144,32,3862.230685,95,False,True,False,False
12.69755,61,3883.235518,182,True,False,False,False
-8.724308,29,3894.067702,86,False,True,False,False
-8.709282,29,3905.048905,87,False,True,False,False
-8.618467,34,3917.661801,102,False,True,False,False
-8.847304,36,3930.894937,107,False,True,False,False
-8.488416,34,3943.275537,101,False,True,False,False
-8.666896,30,3954.414176,89,False,True,False,False
12.688363,62,3975.992185,185,True,False,False,False
-8.608414,33,3988.182704,99,False,True,False,False
-8.152578,42,4003.135671,124,False,True,False,False
12.733679,60,4023.946434,178,True,False,False,False
-8.509446,34,4036.325162,102,False,True,False,False
-8.48347,36,4049.676345,107,False,True,False,False
12.682288,63,4071.456637,188,True,False,False,False
-8.542546,35,4084.342709,103,False,True,False,False
-8.67601,34,4096.52009,102,False,True,False,False
-8.861874,36,4109.810777,106,False,True,False,False
-8.711485,28,4120.138658,83,False,True,False,False
-8.531007,40,4134.639032,119,False,True,False,False
-8.771136,27,4144.562927,79,False,True,False,False
12.680356,64,4166.640734,191,True,False,False,False
12.609151,69,4190.652785,207,True,False,False,False
-8.493764,37,4204.284343,111,False,True,False,False
12.156212,115,4244.2665,344,True,False,False,False
-8.620943,30,4255.582355,89,False,True,False,False
-8.847628,42,4270.652538,126,False,True,False,False
12.551785,77,4297.446609,230,True,False,False,False
12.655916,63,4319.666505,189,True,False,False,False
-8.523407,34,4332.350574,102,False,True,False,False
12.509392,78,4359.819027,234,True,False,False,False
12.671973,66,4383.279701,196,True,False,False,False
12.680075,66,4406.32947,196,True,False,False,False
-8.68877,38,4420.591829,112,False,True,False,False
-8.678469,33,4432.804537,97,False,True,False,False
-8.947423,45,4449.158337,134,False,True,False,False
12.718871,60,4470.357117,179,True,False,False,False
-8.51871,33,4482.723286,99,False,True,False,False
-8.813581,42,4498.324297,124,False,True,False,False
12.712336,61,4519.872401,182,True,False,False,False
12.701117,63,4542.390911,187,True,False,False,False
-8.652885,32,4554.320829,96,False,True,False,False
-8.859439,37,4568.120276,110,False,True,False,False
12.566547,75,4594.613348,224,True,False,False,False
12.690377,61,4616.205233,183,True,False,False,False
12.446476,85,4645.85023,255,True,False,False,False
12.418281,89,4677.074235,266,True,False,False,False
-8.625598,44,4693.131105,132,False,True,False,False
-8.802126,31,4704.908623,92,False,True,False,False
-8.817751,42,4720.216506,126,False,True,False,False
-8.824088,57,4740.844786,169,False,True,False,False
12.662919,64,4763.60491,191,True,False,False,False
-8.780577,29,4774.534052,87,False,True,False,False
-8.507623,32,4786.761822,96,False,True,False,False
12.65235,64,4809.809484,192,True,False,False,False
12.668402,64,4832.438361,191,True,False,False,False
-8.603851,33,4844.977772,98,False,True,False,False
12.603537,71,4870.073635,212,True,False,False,False
-8.895422,47,4887.140699,141,False,True,False,False
-8.642786,46,4903.915464,138,False,True,False,False
12.625712,69,4928.140674,206,True,False,False,False
12.706219,63,4950.806609,187,True,False,False,False
12.594241,73,4976.906785,217,True,False,False,False
12.610364,71,5002.658289,212,True,False,False,False
12.691891,64,5025.732559,190,True,False,False,False
12.730168,59,5047.115518,176,True,False,False,False
12.703713,61,5069.12398,182,True,False,False,False
12.576242,71,5094.779756,213,True,False,False,False
-8.69,36,5108.485509,108,False,True,False,False
-8.821048,37,5122.620544,109,False,True,False,False
12.202921,111,5162.175927,332,True,False,False,False
12.647747,64,5185.35117,192,True,False,False,False
12.558651,77,5213.106314,229,True,False,False,False
12.597225,71,5238.889558,212,True,False,False,False
12.683141,65,5262.500833,193,True,False,False,False
12.694842,63,5285.185112,187,True,False,False,False
-8.677662,53,5304.475366,157,False,True,False,False
12.631605,69,5329.327842,205,True,False,False,False
-9.313814,81,5358.459507,241,False,True,False,False
12.610691,70,5382.496052,209,True,False,False,False
12.670351,64,5405.596413,191,True,False,False,False
-8.838274,45,5422.111335,134,False,True,False,False
-8.551608,35,5435.054134,105,False,True,False,False
-8.79076,29,5444.608162,87,False,True,False,False
12.664023,65,5464.166438,194,True,False,False,False
-8.7922,42,5477.204906,124,False,True,False,False
-8.709876,42,5490.159997,126,False,True,False,False
-8.551622,36,5504.229292,106,False,True,False,False
-8.80957,49,5521.389939,147,False,True,False,False
12.074256,125,5560.951243,373,True,False,False,False
