#{"t_start": 1790468526.6879344, "env_id": "None"}
r,l,t,raw_simulation_steps,is_success,collision,off_route,max_time
2.149337,104,6.068618,310,True,False,False,False
2.120988,104,10.526325,311,True,False,False,False
-0.971161,181,18.181371,543,False,True,False,False
-0.443858,53,20.778394,159,False,True,False,False
-0.738957,137,27.400437,410,False,True,False,False
-0.531584,83,31.290622,247,False,True,False,False
2.115875,110,36.152303,328,True,False,False,False
-0.485827,73,39.454994,217,False,True,False,False
