title,authors,year,venue,formal_date_status,paper_url,code_url,screen_status,mechanism,verified_quantitative_evidence,closed_loop_evidence,insight_score_0_5,completeness_score_0_5,numeric_evidence_score_0_5,scope_or_limit
"Reasoning Multi-Agent Behavioral Topology for Interactive Autonomous Driving (BeTop)","Haochen Liu; Li Chen; Yu Qiao; Chen Lv; Hongyang Li",2024,"NeurIPS Main Track","Published 2024; arXiv v1 Sep 26 2024 is pre-window but formal conference paper is in-window","https://proceedings.neurips.cc/paper_files/paper/2024/file/a862f5788fd09bb6843c694d8120d50c-Paper-Conference.pdf","https://github.com/OpenDriveLab/BeTop","Core-1","Future trajectories are graph nodes; braid/intertwine topology edges distinguish assertive/passive yielding relations; topology-guided local attention and contingency planning.","Test14-Inter reactive PDMScore 0.894 vs PlanTF 0.871; 1340 15-second scenes. Test14-Random closed-loop average 0.878 vs 0.847.","Yes; nuPlan reactive and non-reactive closed-loop; released full prediction but planning pipeline listed TODO.",5,5,5,"Strong overlap for future interaction topology, multi-agent yielding structure, topology-guided attention and closed-loop planning. Not SAC critic evidence.",
"SWIFT: A Small-World Interaction Framework for Flow-Aware Trajectory Prediction in Autonomous Driving","Chengyue Wang; Bin Rao; Haicheng Liao; Bonan Wang; Chengzhong Xu; Zhenning Li",2026,"IEEE TPAMI 48(10)","arXiv v1 dated 2026-07-03; PubMed records TPAMI Oct 2026 but exact online day not verified by 2026-10-03 cutoff","https://arxiv.org/html/2607.09741","","Core-2","Directed agent graph; structural small-world optimization plus learned edge refinement; traffic regime encoder adjusts local/global connectivity; direct, co-influenced and co-influencing interaction channels.","nuScenes minADE5 1.15 vs 1.24; MoCAD 5s RMSE 2.36 vs 2.88; removing interaction reasoning raises nuScenes minFDE1 6.73 to 7.37.","No; supervised trajectory forecasting only.",5,4,5,"Closest generic vehicle-interaction-graph prior art; exact TPAMI day and official code not confirmed.",
"Future-Aware Interaction Network for Motion Forecasting (FINet)","Shijie Li; Chunyu Liu; Xun Xu; Si Yong Yeo; Xulei Yang",2025,"ICCV","Published ICCV 2025, pp.7505-7515","https://openaccess.thecvf.com/content/ICCV2025/papers/Li_Future-Aware_Interaction_Network_For_Motion_Forecasting_ICCV_2025_paper.pdf","https://github.com/sj-li/FINet","Core-3","Potential future-trajectory tokens participate in scene interaction; adaptive reorder for Mamba spatial modeling; temporal Mamba refines decoded futures.","AV2 test minADE6/minFDE6/MR6 0.66/1.27/0.15; QCNet 0.65/1.29/0.16. RTX A5000 batch-1: 17.72ms and 3.7M params vs 54.55ms and 7.7M.","No; open-loop forecasting.",5,5,4,"Future-in-scene encoding is prior art; GT endpoint supervision is a training label and must not leak into live policy input.",
"NEST: A Neuromodulated Small-world Hypergraph Trajectory Prediction Model for Autonomous Driving","Chengyue Wang; Haicheng Liao; Bonan Wang; Yanchen Guan; Bin Rao; Ziyuan Pu; Zhiyong Cui; Cheng-Zhong Xu; Zhenning Li",2025,"AAAI 39(1)","Published 2025-04-11, pp.808-816","https://ojs.aaai.org/index.php/AAAI/article/download/32064/34219","","Core-4","Agent vertices and group hyperedges; small-world network; density/features modulate threshold and connection probability; vertex-to-hyperedge-to-vertex aggregation.","nuScenes minADE5 1.18; MoCAD 5s RMSE 2.42 vs BAT 2.88; HighD 4s/5s gains over BAT reported as 27.3%/22.6%; 12-agent inference 11.6ms on RTX3090.","No; supervised trajectory prediction.",4,5,4,"Direct high-order interaction and uncertainty-like dynamic hyperedge prior; inference timing comparator hardware differs and code availability unverified.",
"ModeSeq: Taming Sparse Multimodal Motion Prediction with Sequential Mode Modeling","Zikang Zhou; Hengjian Zhou; Haibo Hu; Zihao Wen; Jianping Wang; Yung-Hui Li; Yu-Kai Huang",2025,"CVPR","Published CVPR 2025, pp.1612-1621","https://openaccess.thecvf.com/content/CVPR2025/papers/Zhou_ModeSeq_Taming_Sparse_Multimodal_Motion_Prediction_with_Sequential_Mode_Modeling_CVPR_2025_paper.pdf","","Core-5","Autoregressive/sequential mode embeddings plus iterative refinement and Early-Match-Take-All labels to improve mode diversity and confidence scoring.","WOMD val Soft-mAP6 0.4562 vs QCNet 0.4508, minADE6 0.5237 vs 0.5122; AV2 minADE6/minFDE6 0.63/1.26 vs QCNet 0.65/1.29.","No; open-loop prediction benchmarks.",4,5,5,"Addresses multimodal mode dependence, but modes are per-agent prediction outputs and do not themselves define a scene-level joint distribution; official code not located.",
"RAP: Role-Aware Joint Prediction and Planning in Autonomous Driving","Xiaolong Tang; Meina Kan; Shiguang Shan; Xilin Chen",2026,"IEEE Robotics and Automation Letters 11(2)","Formal issue Feb 2026; paper filename says 2025 but volume/issue is 2026","https://vipl-epp.github.io/pdf/2025RAL-RAP.pdf","","Core-6","GNN nodes include AV, agents and lanes; route-identity token pairing; ego-only safety losses; ego-history/kinematic perturbation for feedback robustness.","Ablation without ego history/kinematic perturbation: open-loop OS +1.45 while closed-loop NRS -15.35; full three-component model FS=79.75.","Yes; nuPlan open- and closed-loop planning benchmarks.",4,5,4,"Useful planning-role and feedback prior, but not resource event graph or SAC critic; keep formal 2026 date.",
"GraphAD: Interaction Scene Graph for End-to-end Autonomous Driving","Yupeng Zhang et al.",2025,"IJCAI Main Track","Published IJCAI 2025, pp.2422-2430","https://www.ijcai.org/proceedings/2025/0270.pdf","https://github.com/zhangyp15/GraphAD","Screened-direct-overlap","Per-actor future mode nodes; synchronous future distance agent graph; future proposal-to-map graph; multimodal perception/planning system.","nuScenes open-loop planning average L2 0.68m and collision 0.12%; motion forecasting DSG+SSG minADE/minFDE/MR 0.665/0.989/0.160.","Open-loop planning reported; not SAC closed-loop representation evidence.",5,5,4,"Deeply reviewed in companion literature_topology.md; hardest two-graph/future-mode novelty blocker.",
"Sim-to-Real Causal Transfer: A Metric Learning Approach to Causally-Aware Interaction Representations","Ahmad Rahimi; Po-Chien Luan; Yuejiang Liu; Frano Rajic; Alexandre Alahi",2025,"CVPR","Published CVPR 2025, pp.17271-17281; arXiv first version 2023-12 is pre-window","https://openaccess.thecvf.com/content/CVPR2025/papers/Rahimi_Sim-to-Real_Causal_Transfer_A_Metric_Learning_Approach_to_Causally-Aware_Interaction_CVPR_2025_paper.pdf","https://github.com/vita-epfl/CausalSim2Real","Screened-supplement","Contrastive/ranking causal regularizers learn direct/indirect/non-causal social relation sensitivity and transfer simulator causal annotations to real prediction.","With 25% ETH-UCY real data, ORCA sim-to-real ranking avg ADE/FDE 0.516/1.063 vs AutoBots 0.539/1.113.","No; trajectory prediction.",3,5,4,"Primary focus includes pedestrian/crowd social motion; causal annotations and transferability are domain assumptions, not direct junction-vehicle evidence.",
"Beyond Patterns: Harnessing Causal Logic for Autonomous Driving Trajectory Prediction","Bonan Wang; Haicheng Liao; Chengyue Wang; Bin Rao; Yanchen Guan; Guyang Yu; Jiaxun Zhang; Songning Lai; Chengzhong Xu; Zhenning Li",2025,"IJCAI Special Track: AI and Social Good","Published IJCAI 2025, pp.9918-9926","https://www.ijcai.org/proceedings/2025/1102.pdf","","Screened-supplement","Separates spatial map and temporal agent factors; diffusion backdoor adjustment, counterfactual token and multimodal causal decoder.","ApolloScape WSADE 1.0681; nuScenes minADE10/minADE5/FDE 0.93/1.17/6.71.","No; supervised forecasting.",3,4,4,"Causal spatial/temporal fusion is related but not a conflict-resource/event graph or closed-loop decision representation.",
"Curb Your Attention: Causal Attention Gating for Robust Trajectory Prediction (CRiTIC)","Ehsan Ahmadi; Ray Mercurius; Soheil Alizadeh; Kasra Rezaee; Amir Rasouli",2025,"ICRA","Preprint 2024-09-23; formal ICRA 2025 is in-window","https://arxiv.org/abs/2410.07191","","Screened-candidate","Causal-discovery estimates inter-agent relations over history and gates transformer attention.","Abstract reports robustness improvements up to 54% and cross-domain up to 29% without significant prediction-accuracy loss; exact evaluation metric/table not transcribed here.","No; prediction robustness study.",4,3,3,"Causal gating prior; linked GitHub appears to be a project page/template rather than confirmed algorithm code; detailed benchmark definition not transcribed.",
"CarPlanner: Consistent Auto-regressive Trajectory Planning for Large-Scale Reinforcement Learning in Autonomous Driving","Dongkun Zhang; Jiaming Liang; Ke Guo; Sha Lu; Qi Wang; Rong Xiong; Zhenwei Miao; Yue Wang",2025,"CVPR","Published CVPR 2025, pp.17239-17248","https://openaccess.thecvf.com/content/CVPR2025/papers/Zhang_CarPlanner_Consistent_Auto-regressive_Trajectory_Planning_for_Large-Scale_Reinforcement_Learning_in_CVPR_2025_paper.pdf","","Screened-planning-neighbor","Autoregressive planning trajectory modes and PPO policy-gradient refinement; interaction graph is not its central contribution.","Paper reports closed-loop nuPlan planning metrics and uses gamma 0.1, lambda 0.9 for trajectory-level PPO.","Yes; closed-loop simulator planning.",3,5,4,"Useful RL/planning evidence but different action parameterization, data scale and algorithm; no SAC critic representation result.",
"T2SG: Traffic Topology Scene Graph for Topology Reasoning in Autonomous Driving","Changsheng Lv; Mengshi Qi; Liang Liu; Huadong Ma",2025,"CVPR","Published CVPR 2025, pp.17197-17206","https://openaccess.thecvf.com/content/CVPR2025/papers/Lv_T2SG_Traffic_Topology_Scene_Graph_for_Topology_Reasoning_in_Autonomous_CVPR_2025_paper.pdf","https://github.com/MICLAB-BUPT/T2SG","Screened-map-complement","Directed lane topology graph with lane-signal relations; TopoFormer reasons lane structure from camera/map inputs.","OpenLane-V2 OLS 46.3 reported.","No; topology perception/reasoning benchmark.",2,5,4,"Static map topology prior; not dynamic agent interaction or policy value evidence.",
"Flow Matching-Based Autonomous Driving Planning with Advanced Interactive Behavior Modeling (Flow Planner)","Tianyi Tan et al.",2025,"NeurIPS Main Track","Published NeurIPS 2025","https://proceedings.neurips.cc/paper_files/paper/2025/hash/36d1e8aa9ceec3b781682bf5e63c31bf-Abstract-Conference.html","","Screened-planning-neighbor","Flow-matching planner models interactive behaviors with spatial-temporal planning/scene fusion and behavior guidance.","This pass checked the official abstract only; no exact numeric claim transcribed.","Closed-loop planning is reported in the paper; not reviewed deeply here.",3,2,1,"A relevant closed-loop planner neighbor but abstract-level only and not explicit event-graph SAC evidence.",
"QCNeXt: A Next-Generation Framework for Joint Multi-Agent Trajectory Prediction","Zikang Zhou; Zihao Wen; Jianping Wang; Yung-Hui Li; Yu-Kai Huang",2023,"arXiv technical report; CVPR 2023 Workshop challenge","Outside window; arXiv 2023-06 and CVPR 2023 workshop","https://arxiv.org/abs/2306.10508","","Screened-older-anchor","Query-centric invariant scene encoding and DETR-like joint multi-agent decoder that models interactions at future time steps.","Ranked 1st in AV2 Multi-Agent Challenge per report.","No; joint prediction benchmark.",5,4,4,"Older but mandatory novelty anchor for joint futures, relative-coordinate invariance and future interaction decoding; QCNet repository is the base method implementation, not confirmed QCNeXt-specific code.",
