title,venue_year,status,primary_source,official_code,representation_or_relations,information_and_objective,evidence_or_relevance,limit_for_known_map_SAC_critic
"GraphAD: Interaction Scene Graph for End-to-end Autonomous Driving","IJCAI 2025 Main Track","Core paper: method and tables checked","https://www.ijcai.org/proceedings/2025/270","https://github.com/zhangyp15/GraphAD","DSG has per-agent-per-modality future trajectory nodes; edge KNN by min synchronous future distance min_t ||x_i(t)-x_j(t)||; SSG edges from future proposal points to lane centerline/divider/boundary/crosswalk coordinates","Camera BEV + TrackFormer + MapFormer; trajectory proposals; losses for depth/tracking/map/motion/occupancy/planning","NuScenes open-loop avg L2 0.68m and collision 0.12%; DSG+SSG forecast minADE/minFDE/MR 0.665/0.989/0.160; generic attention variant 0.678/1.000/0.160","Strongest two-graph and mode-indexed future-interaction prior; map perception and end-to-end supervised planning do not test critic-only SAC gains"
"Reasoning Multi-Agent Behavioral Topology for Interactive Autonomous Driving (BeTop)","NeurIPS 2024 Main Track","Core paper: method and tables checked","https://proceedings.neurips.cc/paper_files/paper/2024/file/a862f5788fd09bb6843c694d8120d50c-Paper-Conference.pdf","https://github.com/OpenDriveLab/BeTop","Agent-pair future topology edges from braid/intertwine indicators over future trajectories; topology-guided local attention","Future joint trajectories supervise topology; scene encoder uses agent history and map polylines; iterative multimodal prediction/planning","nuPlan Test14-Inter PDMScore .894 vs PlanTF .871; no-local-attention CLS .804 vs full .857; future topology is one-step only","Blocks generic future behavioral topology plus attention; not off-policy SAC critic or explicit resource entry-clearance model"
"T2SG: Traffic Topology Scene Graph for Topology Reasoning in Autonomous Driving","CVPR 2025","Core paper: graph definition and results checked","https://openaccess.thecvf.com/content/CVPR2025/html/Lv_T2SG_Traffic_Topology_Scene_Graph_for_Topology_Reasoning_in_Autonomous_CVPR_2025_paper.html","https://github.com/MICLAB-BUPT/T2SG","Road-only topology graph; directed lane connectivity E_ll and lane-to-signal/traffic-element E_lt; geometry-guided global lane aggregation","Supervised map/topology graph generation from OpenLane-V2 perception inputs; Lane Aggregation Layer and Counterfactual Intervention Layer","Subset-A OLS 46.3; TOP_ll 24.1 vs TopoNet 10.9; TOP_lt 29.5 vs 23.8","Explicit lane topology/signals are prior art; map-generation scores do not establish policy gains with exact SUMO map"
"SeqGrowGraph: Learning Lane Topology as a Chain of Graph Expansions","ICCV 2025","Core paper: formulation and ablations screened","https://openaccess.thecvf.com/content/ICCV2025/html/Xie_SeqGrowGraph_Learning_Lane_Topology_as_a_Chain_of_Graph_Expansions_ICCV_2025_paper.html","https://github.com/MIV-XJTU/SeqGrowGraph","Directed graph with intersections as vertices and lane centerlines as edges; autoregressive graph expansion, adjacency matrix, quadratic Bezier geometry, DFS serialization","Supervised lane graph construction on nuScenes and Argoverse 2; not dynamic agent behavior","Paper reports state-of-the-art lane-graph generation; exact table values not transcribed in this note","Direct lane-connectivity prior but perception/map-construction task, not known-map policy representation"
"Don't Shake the Wheel: Momentum-Aware Planning in End-to-End Autonomous Driving (MomAD)","CVPR 2025","Core paper: method and official results checked","https://openaccess.thecvf.com/content/CVPR2025/html/Song_Dont_Shake_the_Wheel_Momentum-Aware_Planning_in_End-to-End_Autonomous_Driving_CVPR_2025_paper.html","https://github.com/adept-thu/MomAD","Hausdorff-match current plan modes to prior paths; cross-attend current plan query with historical queries for perception context; TTM is trajectory matching, not lane graph topology","Temporal planning/perception context and robust instance denoising in end-to-end perception/planning","NuScenes 6s SparseDrive vs MomAD: L2 2.95 vs 2.45m; collision 2.33 vs 2.13%; TPC 1.99 vs 1.61m; separate Bench2Drive result reports up to +16.3% success","Temporal scene/query context already has prior art; closed-loop system differs from critic-only SAC and results do not isolate state encoder"
"Future-Aware Interaction Network for Motion Forecasting (FINet)","ICCV 2025","Core paper: method, AV2 table, and efficiency table checked","https://openaccess.thecvf.com/content/ICCV2025/html/Li_Future-Aware_Interaction_Network_For_Motion_Forecasting_ICCV_2025_paper.html","https://github.com/sj-li/FINet","Future-trajectory-aware scene encoding; Mamba spatial interaction and temporal refinement; adaptive token reordering","Supervised motion forecasting using agent histories, lane centerlines, and future trajectory targets","Argoverse 2: minADE6 .66, minFDE6 1.27, MR6 .15; 1.47G FLOPs / 17.72ms / 3.7M params vs QCNet 28G / 54.55ms / 7.7M","Blocks generic future-aware spatiotemporal scene encoding; forecasting metrics are not closed-loop SAC evidence"
"Communication-free Distributed Control Algorithm for autonomous vehicles at intersections (CfDCA)","Transportation Research Part C 180 (2025), 105309","Direct cross-disciplinary conflict-resource prior; method sections checked","https://doi.org/10.1016/j.trc.2025.105309","https://transportlab.sydney.edu.au/wp-content/uploads/2025/09/AS-DL-MR-2025.pdf","Vehicle and conflict-zone resource vertices; directed requirement/acquisition edges; path-based zone sets and entry/exit/clearance/priority logic","Deterministic distributed controller; fixed lane paths; all vehicles assumed to follow protocol","Paper gives safety/deadlock arguments and intersection traffic simulations","Conflict-resource graph and event times are not new alone; no multimodal learned critic or mode-preserving SAC value comparison"
"Flow Matching-Based Autonomous Driving Planning with Advanced Interactive Behavior Modeling (Flow Planner)","NeurIPS 2025 Main Track","Screened at official abstract and repo","https://proceedings.neurips.cc/paper_files/paper/2025/hash/36d1e8aa9ceec3b781682bf5e63c31bf-Abstract-Conference.html","https://github.com/DiffusionAD/Flow-Planner","Fine trajectory tokens; temporal-spatial planning/scene fusion; inference-time interaction reweighting under classifier-free guidance","Flow-matching multimodal planning trained/evaluated in nuPlan and interPlan","Official abstract/repo reports SOTA among learning-based planners; exact numbers omitted from this screen","Relevant interactive closed-loop planner but no direct SAC critic comparison; don't infer from its scores"
"GoIRL: Graph-Oriented Inverse Reinforcement Learning for Multimodal Trajectory Prediction","ICML 2025 / PMLR 267","Screened at official proceedings page","https://proceedings.mlr.press/v267/pei25c.html","Not verified in this screen","Lane-graph features aggregated into grid space; MaxEnt IRL reward distribution and multimodal plans","Supervised/IRL motion forecasting on Argoverse and nuScenes","Authors report SOTA and generalization over supervised baselines; no numbers transcribed","Lane graph + reward inference + multimodal future is prior art; task is prediction, not online critic"
"InteractionMap: Improving Online Vectorized HDMap Construction with Interaction","CVPR 2025","Screened at official abstract","https://openaccess.thecvf.com/content/CVPR2025/html/Wu_InteractionMap_Improving_Online_Vectorized_HDMap_Construction_with_Interaction_CVPR_2025_paper.html","Not verified in this screen","Point-to-instance spatial relation and hierarchical temporal fusion for vectorized HD map construction","Online map perception on nuScenes/Argoverse2","Official abstract reports SOTA map construction","Map perception does not test policy state representation with known map"
"Foresight in Motion: Reinforcing Trajectory Prediction with Reward Heuristics","ICCV 2025","Screened at official abstract","https://openaccess.thecvf.com/content/ICCV2025/html/Pei_Foresight_in_Motion_Reinforcing_Trajectory_Prediction_with_Reward_Heuristics_ICCV_2025_paper.html","Not verified in this screen","Query-centric reward-guided multimodal trajectory prediction; IRL-style future reasoning","Future trajectory/reward labels for prediction/planning forecast","No exact numbers transcribed","Relevant future-intent/reward representation prior; not evidence of a graph critic novelty"
"SGDrive: Scene-to-Goal Hierarchical World Cognition for Autonomous Driving","CVPR 2026","Screened at official abstract","https://openaccess.thecvf.com/content/CVPR2026/html/Li_SGDrive_Scene-to-Goal_Hierarchical_World_Cognition_for_Autonomous_Driving_CVPR_2026_paper.html","Not verified in this screen","Scene-agent-goal hierarchy with structured spatial-temporal VLM representations","Camera-only NAVSIM planning","Official abstract reports SOTA among camera-only methods","Recent structured scene-to-goal prior; not known-map SUMO or SAC critic"
"TopoStreamer: Temporal Lane Segment Topology Reasoning in Autonomous Driving","arXiv preprint 2025","Screened; not treated as peer-reviewed core evidence","https://arxiv.org/abs/2507.00709","https://github.com/YimingYang23/TopoStreamer","Temporal lane-segment topology and streaming lane perception","OpenLane-V2 map/lane perception","Abstract reports lane-segment mAP +3.0 and OLS +1.7","Preprint/map-perception work; no policy evidence"
