title,authors,formal_publication_date,venue,sourceURL,codeURL,read_depth,input_labels,closed_loop_evidence,novelty_overlap,confidence
"GraphAD: Interaction Scene Graph for End-to-end Autonomous Driving","Yunpeng Zhang et al.","2025; official proceedings record does not state day","IJCAI 2025 Main Track, pp. 2422-2430","https://www.ijcai.org/proceedings/2025/0270.pdf","https://github.com/zhangyp15/GraphAD","Full official PDF; equations, method, ablations, and tables checked","Camera BEV, actor/map queries, per-actor modality nodes and trajectory proposals; supervised tracking/map/motion/occupancy/planning tasks","Open-loop nuScenes planning only; average L2 0.68m and collision 0.12%","Direct prior for two graphs, mode-indexed nodes, synchronous future interaction geometry, and future actor-map graph; only explicit resource event order plus SAC critic remains a possible narrower difference","High: official proceeding and PDF"
"Reasoning Multi-Agent Behavioral Topology for Interactive Autonomous Driving (BeTop)","Haochen Liu; Li Chen; Yu Qiao; Chen Lv; Hongyang Li","2024; formal NeurIPS 2024 paper is in-window; arXiv v1 2024-09-26 is pre-window","NeurIPS 2024 Main Track","https://proceedings.neurips.cc/paper_files/paper/2024/file/a862f5788fd09bb6843c694d8120d50c-Paper-Conference.pdf","https://github.com/OpenDriveLab/BeTop","Full official PDF; methods, ablations, closed-loop tables, limitations, and repo status checked","Agent history and map polylines; future joint trajectories supervise braid/intertwine topology labels; predicted topology guides local attention","Yes: reactive nuPlan Test14-Inter PDMScore .894 vs PlanTF .871; 1,340 15-second scenes","Blocks generic future behavioral topology, yielding relations, and topology-guided attention; not off-policy SAC critic","High: official proceedings, full PDF, code/release scope checked"
"T2SG: Traffic Topology Scene Graph for Topology Reasoning in Autonomous Driving","Changsheng Lv; Mengshi Qi; Liang Liu; Huadong Ma","June 2025","CVPR 2025, pp. 17197-17206","https://openaccess.thecvf.com/content/CVPR2025/papers/Lv_T2SG_Traffic_Topology_Scene_Graph_for_Topology_Reasoning_in_Autonomous_CVPR_2025_paper.pdf","https://github.com/MICLAB-BUPT/T2SG","Full paper method and primary tables checked","Camera/map perception; directed lane connectivity E_ll and lane-signal/traffic-element E_lt supervised from OpenLane-V2","No policy closed-loop result; OLS is map/topology metric","Directed lane topology and signal relations are established; known-map perception scores do not establish policy gains","High: official CVF paper and code"
"SeqGrowGraph: Learning Lane Topology as a Chain of Graph Expansions","Mengwei Xie; Shuang Zeng; Xinyuan Chang; Xinran Liu; Zheng Pan; Mu Xu; Xing Wei","October 2025","ICCV 2025, pp. 27166-27175","https://openaccess.thecvf.com/content/ICCV2025/html/Xie_SeqGrowGraph_Learning_Lane_Topology_as_a_Chain_of_Graph_Expansions_ICCV_2025_paper.html","https://github.com/MIV-XJTU/SeqGrowGraph","Official paper formulation and selected ablations screened; main benchmark values not transcribed","Supervised lane graph generation; intersections are vertices, lane centerlines are directed edges; autoregressive adjacency and Bezier geometry","No policy or closed-loop decision evidence","Explicit lane connectivity generation is prior art; task is map construction rather than known-map policy encoding","Medium: official venue page and code; main table not read"
"Future-Aware Interaction Network for Motion Forecasting (FINet)","Shijie Li; Chunyu Liu; Xun Xu; Si Yong Yeo; Xulei Yang","October 2025","ICCV 2025, pp. 7505-7515","https://openaccess.thecvf.com/content/ICCV2025/papers/Li_Future-Aware_Interaction_Network_For_Motion_Forecasting_ICCV_2025_paper.pdf","https://github.com/sj-li/FINet","Full method and Argoverse 2/efficiency tables checked","Agent histories, lane centerlines and future-trajectory tokens; future endpoints used as training labels; Mamba spatial/temporal modeling","No; open-loop forecasting","Future-aware scene encoding and spatiotemporal interaction are prior art; forecasting does not establish critic benefit","High: official ICCV paper, tables and code"
"SWIFT: A Small-World Interaction Framework for Flow-Aware Trajectory Prediction in Autonomous Driving","Chengyue Wang; Bin Rao; Haicheng Liao; Bonan Wang; Chengzhong Xu; Zhenning Li","arXiv v1 2026-07-03; TPAMI accepted; exact formal issue/publication date not independently established by 2026-10-03","IEEE TPAMI accepted; DOI 10.1109/TPAMI.2026.3709672","https://arxiv.org/html/2607.09741; https://pubmed.ncbi.nlm.nih.gov/42391083/; https://doi.org/10.1109/TPAMI.2026.3709672","Not verified","Full arXiv text and benchmark/ablation tables; acceptance/bibliographic metadata checked; no code link verified","Directed agent graph with small-world prior/refinement, flow-regime connectivity, and direct/co-influenced/co-influencing relation channels","No; supervised forecasting benchmarks only","Direct prior for learned small-world vehicle graphs, flow-conditioned edges, and higher-order interaction channels","Medium: primary full text; publication-date precision limited"
"NEST: A Neuromodulated Small-world Hypergraph Trajectory Prediction Model for Autonomous Driving","Chengyue Wang; Haicheng Liao; Bonan Wang; Yanchen Guan; Bin Rao; Ziyuan Pu; Zhiyong Cui; Cheng-Zhong Xu; Zhenning Li","2025-04-11 per official article record","AAAI 2025, 39(1), pp. 808-816","https://ojs.aaai.org/index.php/AAAI/article/download/32064/34219","Not verified","Full official article and quantitative tables checked","Agent vertices and density/feature-conditioned small-world hyperedges; supervised multimodal motion prediction","No; supervised motion prediction","Blocks generic multi-agent hypergraph, group interactions, and density-adaptive edge claims; target-centered modes are not automatically scene-level joint modes","High: official AAAI article/PDF"
"RAP: Role-Aware Joint Prediction and Planning in Autonomous Driving","Xiaolong Tang; Meina Kan; Shiguang Shan; Xilin Chen","February 2026","IEEE Robotics and Automation Letters 11(2), pp. 1786-1793","https://vipl-epp.github.io/pdf/2025RAL-RAP.pdf","Not verified","Full author PDF and ablation details checked; publisher code not verified","AV/agent/lane GNN; ego-only safety loss; route-identity pairing; history/kinematic perturbation","Yes: nuPlan open- and closed-loop; ablation changes open-loop OS +1.45 while closed-loop NRS -15.35","Joint prediction/planning role asymmetry is prior art; not a resource event graph or critic-only SAC comparison","Medium-high: full author PDF and issue metadata; publisher page not linked"
"Communication-free Distributed Control Algorithm for autonomous vehicles at intersections (CfDCA)","Alireza Soltani; David M. Levinson; Mohsen Ramezani","Available online 2025-08-28","Transportation Research Part C 180 (2025), 105309; DOI 10.1016/j.trc.2025.105309","https://transportlab.sydney.edu.au/wp-content/uploads/2025/09/AS-DL-MR-2025.pdf; https://doi.org/10.1016/j.trc.2025.105309","Not verified","Full paper graph, assumptions and control sections checked; numeric tables not transcribed","Vehicle/conflict-zone resources, directed require/acquire edges, path-based zone sets, entry/exit/clearance and priority; fixed-path protocol assumptions","Deterministic intersection control simulation, not learned SAC policy evidence","Blocks resource-graph and entry/clearance primitives alone; no multimodal critic or learned value result","High: full publisher/author PDF, DOI and online date"
"ModeSeq: Taming Sparse Multimodal Motion Prediction with Sequential Mode Modeling","Zikang Zhou et al.","June 2025","CVPR 2025, pp. 1612-1621","https://openaccess.thecvf.com/content/CVPR2025/papers/Zhou_ModeSeq_Taming_Sparse_Multimodal_Motion_Prediction_with_Sequential_Mode_Modeling_CVPR_2025_paper.pdf; https://arxiv.org/html/2411.11911","Not verified","Full arXiv text and benchmark values checked; official proceedings metadata available; direct PDF retrieval partial","Per-agent sequential modes; Early-Match-Take-All supervision controls overlapping modes and confidence","No; open-loop forecasting","Blocks generic mode dependence/confidence claims; per-agent modes do not define a calibrated scene-level joint distribution","Medium-high: full arXiv text and CVF metadata; code not verified"
"Don't Shake the Wheel: Momentum-Aware Planning in End-to-End Autonomous Driving (MomAD)","Ziying Song et al.","June 2025","CVPR 2025, pp. 22432-22441","https://openaccess.thecvf.com/content/CVPR2025/html/Song_Dont_Shake_the_Wheel_Momentum-Aware_Planning_in_End-to-End_Autonomous_Driving_CVPR_2025_paper.html","https://github.com/adept-thu/MomAD","Paper text, abstract and official repository results checked","Current multimodal path matched to previous plan; historical planning queries cross-attend for temporal scene context","Yes: Bench2Drive paper claim up to +16.3% success; most other reported comparison is open-loop","Historical query context and temporal plan coherence are prior art; integrated planning does not isolate critic representation","High: CVF page and official repo"
"Flow Matching-Based Autonomous Driving Planning with Advanced Interactive Behavior Modeling (Flow Planner)","Tianyi Tan et al.","2025; official page does not state a day","NeurIPS 2025 Main Track","https://proceedings.neurips.cc/paper_files/paper/2025/hash/36d1e8aa9ceec3b781682bf5e63c31bf-Abstract-Conference.html","https://github.com/DiffusionAD/Flow-Planner","Official abstract and repository only; equations and numerical tables not reviewed","Overlapping trajectory tokens, spatial-temporal scene/planning fusion, flow-matching interaction reweighting","Yes: paper/repo report nuPlan/interPlan closed-loop planner evaluation; not SAC critic comparison","Recent interactive planner neighbor; no explicit event-graph novelty claim based on this abstract-level screen","Medium: venue and code verified; detail remains abstract-level"
