#{"t_start": 1790737930.3034997, "env_id": "None"}
r,l,t,raw_simulation_steps,is_success,collision,off_route,max_time,reward_success,reward_collision,reward_off_route,reward_timeout,reward_step_cost,reward_progress
12.298675,104,15.473893,310,True,False,False,False,10.0,0.0,0.0,0.0,-1.0400000000000007,3.33867475092411
12.261975,104,19.40054,311,True,False,False,False,10.0,0.0,0.0,0.0,-1.0400000000000007,3.301975062489509
-4.5835,200,27.29597,600,False,False,False,True,0.0,0.0,0.0,-5.0,-2.0000000000000013,2.416499533057214
-8.706304,62,29.814432,186,False,True,False,False,0.0,-10.0,0.0,0.0,-0.6200000000000003,1.9136956769227982
-5.327764,200,38.516076,600,False,False,False,True,0.0,0.0,0.0,-5.0,-2.0000000000000013,1.6722360298037526
12.070533,123,43.795915,369,True,False,False,False,10.0,0.0,0.0,0.0,-1.2300000000000009,3.300533307194709
-9.001494,50,46.586096,149,False,True,False,False,0.0,-10.0,0.0,0.0,-0.5000000000000002,1.498505812883377
12.028717,131,51.650116,391,True,False,False,False,10.0,0.0,0.0,0.0,-1.310000000000001,3.3387165775895125
-9.058324,86,55.983075,257,False,True,False,False,0.0,-10.0,0.0,0.0,-0.8600000000000005,1.8016763955354687
12.091376,121,60.654009,363,True,False,False,False,10.0,0.0,0.0,0.0,-1.2100000000000009,3.3013757461309443
-9.374631,111,65.490368,332,False,True,False,False,0.0,-10.0,0.0,0.0,-1.1100000000000008,1.7353693303465847
11.386124,195,71.497259,583,True,False,False,False,10.0,0.0,0.0,0.0,-1.9500000000000015,3.3361242282390604
11.596516,174,79.271564,520,True,False,False,False,10.0,0.0,0.0,0.0,-1.7400000000000013,3.3365155810117724
11.864751,145,101.288129,435,True,False,False,False,10.0,0.0,0.0,0.0,-1.450000000000001,3.3147511148452766
-3.828445,200,131.751063,600,False,False,False,True,0.0,0.0,0.0,-5.0,-2.0000000000000013,3.1715549245476726
-8.940275,48,140.14236,143,False,True,False,False,0.0,-10.0,0.0,0.0,-0.48000000000000026,1.5397250729799274
12.208218,110,160.382351,330,True,False,False,False,10.0,0.0,0.0,0.0,-1.1000000000000008,3.308218260407448
-5.6,200,192.437627,600,False,False,False,True,0.0,0.0,0.0,-5.0,-2.0000000000000013,1.4
12.18056,116,210.494006,346,True,False,False,False,10.0,0.0,0.0,0.0,-1.1600000000000008,3.340560421943665
11.747797,157,233.315695,470,True,False,False,False,10.0,0.0,0.0,0.0,-1.5700000000000012,3.3177970892190944
12.113325,121,251.560565,362,True,False,False,False,10.0,0.0,0.0,0.0,-1.2100000000000009,3.323324639201166
12.102956,122,269.784229,365,True,False,False,False,10.0,0.0,0.0,0.0,-1.2200000000000009,3.322956099510192
12.245152,108,285.696703,322,True,False,False,False,10.0,0.0,0.0,0.0,-1.0800000000000007,3.325151634812354
12.268495,107,301.549473,319,True,False,False,False,10.0,0.0,0.0,0.0,-1.0700000000000007,3.3384946492314325
11.968907,136,322.688155,407,True,False,False,False,10.0,0.0,0.0,0.0,-1.360000000000001,3.328907498717308
-8.817449,63,332.474051,187,False,True,False,False,0.0,-10.0,0.0,0.0,-0.6300000000000003,1.8125511148571969
12.394636,94,346.372892,280,True,False,False,False,10.0,0.0,0.0,0.0,-0.9400000000000006,3.334636467397213
11.897872,142,368.16722,425,True,False,False,False,10.0,0.0,0.0,0.0,-1.420000000000001,3.3178721863031395
12.32912,99,384.347152,296,True,False,False,False,10.0,0.0,0.0,0.0,-0.9900000000000007,3.3191200226545337
-9.165035,66,395.174749,196,False,True,False,False,0.0,-10.0,0.0,0.0,-0.6600000000000004,1.494965446591377
12.374082,91,407.963813,273,True,False,False,False,10.0,0.0,0.0,0.0,-0.9100000000000006,3.284082329273222
12.278921,104,423.347818,311,True,False,False,False,10.0,0.0,0.0,0.0,-1.0400000000000007,3.318921163082123
-8.954415,45,430.403101,134,False,True,False,False,0.0,-10.0,0.0,0.0,-0.45000000000000023,1.4955847495794294
-8.809052,65,440.751011,194,False,True,False,False,0.0,-10.0,0.0,0.0,-0.6500000000000004,1.8409482425451285
-5.162765,200,473.72555,600,False,False,False,True,0.0,0.0,0.0,-5.0,-2.0000000000000013,1.837235295474529
-8.95005,45,483.344558,133,False,True,False,False,0.0,-10.0,0.0,0.0,-0.45000000000000023,1.499949527382851
12.328556,101,500.317163,301,True,False,False,False,10.0,0.0,0.0,0.0,-1.0100000000000007,3.3385557895898823
11.75999,154,526.585075,462,True,False,False,False,10.0,0.0,0.0,0.0,-1.5400000000000011,3.299990118741989
12.184482,114,545.319706,341,True,False,False,False,10.0,0.0,0.0,0.0,-1.1400000000000008,3.3244823139905937
11.754267,157,569.586501,470,True,False,False,False,10.0,0.0,0.0,0.0,-1.5700000000000012,3.324266566336155
12.368617,93,583.359405,279,True,False,False,False,10.0,0.0,0.0,0.0,-0.9300000000000006,3.298616905212402
-8.64939,49,591.259655,145,False,True,False,False,0.0,-10.0,0.0,0.0,-0.49000000000000027,1.8406102585792543
12.424412,88,604.264572,263,True,False,False,False,10.0,0.0,0.0,0.0,-0.8800000000000006,3.304411906003952
12.410322,93,618.326654,277,True,False,False,False,10.0,0.0,0.0,0.0,-0.9300000000000006,3.340321740508079
12.449916,88,631.288386,262,True,False,False,False,10.0,0.0,0.0,0.0,-0.8800000000000006,3.3299156308174127
-8.653069,55,639.874039,163,False,True,False,False,0.0,-10.0,0.0,0.0,-0.5500000000000003,1.8969314998388294
11.898021,144,660.724698,430,True,False,False,False,10.0,0.0,0.0,0.0,-1.440000000000001,3.3380208599567407
12.101357,123,679.011677,367,True,False,False,False,10.0,0.0,0.0,0.0,-1.2300000000000009,3.331356527805328
12.510104,82,692.448396,244,True,False,False,False,10.0,0.0,0.0,0.0,-0.8200000000000005,3.330104305744172
12.423761,88,709.246396,264,True,False,False,False,10.0,0.0,0.0,0.0,-0.8800000000000006,3.3037606006860734
-8.95662,46,718.465251,137,False,True,False,False,0.0,-10.0,0.0,0.0,-0.46000000000000024,1.5033800840377811
12.304046,99,737.505489,297,True,False,False,False,10.0,0.0,0.0,0.0,-0.9900000000000007,3.294045637547969
12.19344,114,759.253165,340,True,False,False,False,10.0,0.0,0.0,0.0,-1.1400000000000008,3.333439722657204
11.915537,142,786.342655,424,True,False,False,False,10.0,0.0,0.0,0.0,-1.420000000000001,3.3355367821454993
-8.854638,45,795.616273,134,False,True,False,False,0.0,-10.0,0.0,0.0,-0.45000000000000023,1.5953616142272948
11.74286,157,822.607665,470,True,False,False,False,10.0,0.0,0.0,0.0,-1.5700000000000012,3.3128595131635667
-8.857136,36,829.957747,108,False,True,False,False,0.0,-10.0,0.0,0.0,-0.36000000000000015,1.502863565683365
12.57805,73,842.348577,218,True,False,False,False,10.0,0.0,0.0,0.0,-0.7300000000000004,3.308050222992897
12.357602,98,858.65389,292,True,False,False,False,10.0,0.0,0.0,0.0,-0.9800000000000006,3.3376016432046884
-8.872354,43,866.560265,127,False,True,False,False,0.0,-10.0,0.0,0.0,-0.4300000000000002,1.5576456212997434
12.532567,77,879.933872,230,True,False,False,False,10.0,0.0,0.0,0.0,-0.7700000000000005,3.3025668090581908
11.935969,136,902.722006,408,True,False,False,False,10.0,0.0,0.0,0.0,-1.360000000000001,3.2959686049818973
12.287251,102,922.967184,305,True,False,False,False,10.0,0.0,0.0,0.0,-1.0200000000000007,3.307251413464546
12.279115,106,941.638756,316,True,False,False,False,10.0,0.0,0.0,0.0,-1.0600000000000007,3.3391151976585363
-8.918706,48,953.900468,144,False,True,False,False,0.0,-10.0,0.0,0.0,-0.48000000000000026,1.5612938141822814
12.56442,76,968.867882,227,True,False,False,False,10.0,0.0,0.0,0.0,-0.7600000000000005,3.3244201779365543
12.456759,84,986.551481,252,True,False,False,False,10.0,0.0,0.0,0.0,-0.8400000000000005,3.2967592453956605
-8.833907,46,994.703926,138,False,True,False,False,0.0,-10.0,0.0,0.0,-0.46000000000000024,1.626093319654465
12.518213,78,1008.679576,234,True,False,False,False,10.0,0.0,0.0,0.0,-0.7800000000000005,3.298212538957597
-8.711673,52,1017.948034,155,False,True,False,False,0.0,-10.0,0.0,0.0,-0.5200000000000002,1.8083268356323243
12.517678,80,1030.452647,239,True,False,False,False,10.0,0.0,0.0,0.0,-0.8000000000000005,3.3176778388023376
12.530714,78,1043.569632,233,True,False,False,False,10.0,0.0,0.0,0.0,-0.7800000000000005,3.3107144761085494
12.520629,77,1055.951456,231,True,False,False,False,10.0,0.0,0.0,0.0,-0.7700000000000005,3.2906294476985933
12.657504,66,1066.712869,197,True,False,False,False,10.0,0.0,0.0,0.0,-0.6600000000000004,3.317503942251204
12.657787,66,1077.736038,197,True,False,False,False,10.0,0.0,0.0,0.0,-0.6600000000000004,3.317786949276923
-8.540655,42,1085.387956,126,False,True,False,False,0.0,-10.0,0.0,0.0,-0.4200000000000002,1.8793445795774464
-8.90316,41,1092.490368,121,False,True,False,False,0.0,-10.0,0.0,0.0,-0.4100000000000002,1.5068399435281756
12.560778,78,1105.995363,232,True,False,False,False,10.0,0.0,0.0,0.0,-0.7800000000000005,3.3407777136564256
12.445301,89,1124.321092,265,True,False,False,False,10.0,0.0,0.0,0.0,-0.8900000000000006,3.335301369130611
12.583978,73,1138.067232,219,True,False,False,False,10.0,0.0,0.0,0.0,-0.7300000000000004,3.3139779365062716
12.583092,75,1150.956805,223,True,False,False,False,10.0,0.0,0.0,0.0,-0.7500000000000004,3.3330923622846598
12.257374,107,1170.369408,319,True,False,False,False,10.0,0.0,0.0,0.0,-1.0700000000000007,3.3273737454414376
11.818808,152,1197.86317,454,True,False,False,False,10.0,0.0,0.0,0.0,-1.5200000000000011,3.338808102309704
12.594362,71,1211.487675,213,True,False,False,False,10.0,0.0,0.0,0.0,-0.7100000000000004,3.3043624979257573
12.685055,64,1223.152463,190,True,False,False,False,10.0,0.0,0.0,0.0,-0.6400000000000003,3.3250553089380266
12.688209,65,1237.293327,193,True,False,False,False,10.0,0.0,0.0,0.0,-0.6500000000000004,3.338209251761437
12.669008,65,1249.74972,194,True,False,False,False,10.0,0.0,0.0,0.0,-0.6500000000000004,3.3190079188346857
12.675442,62,1260.496979,186,True,False,False,False,10.0,0.0,0.0,0.0,-0.6200000000000003,3.295442095994949
-8.521443,34,1267.212908,101,False,True,False,False,0.0,-10.0,0.0,0.0,-0.34000000000000014,1.8185569167137146
-8.563071,47,1276.354749,140,False,True,False,False,0.0,-10.0,0.0,0.0,-0.47000000000000025,1.9069288122653965
12.377598,94,1292.788046,281,True,False,False,False,10.0,0.0,0.0,0.0,-0.9400000000000006,3.3175975316762942
12.689931,63,1304.209308,188,True,False,False,False,10.0,0.0,0.0,0.0,-0.6300000000000003,3.3199310463666922
12.657251,65,1316.689068,194,True,False,False,False,10.0,0.0,0.0,0.0,-0.6500000000000004,3.307251474857331
12.617418,70,1329.024662,209,True,False,False,False,10.0,0.0,0.0,0.0,-0.7000000000000004,3.317417558431625
12.653678,64,1340.767676,192,True,False,False,False,10.0,0.0,0.0,0.0,-0.6400000000000003,3.2936777490377427
12.653537,63,1352.741089,189,True,False,False,False,10.0,0.0,0.0,0.0,-0.6300000000000003,3.2835369223356237
-8.8852,41,1360.339222,122,False,True,False,False,0.0,-10.0,0.0,0.0,-0.4100000000000002,1.5247995477914813
12.650139,64,1372.134247,192,True,False,False,False,10.0,0.0,0.0,0.0,-0.6400000000000003,3.290138939619063
-8.790598,29,1377.339811,85,False,True,False,False,0.0,-10.0,0.0,0.0,-0.2900000000000001,1.4994017040729521
-8.834075,41,1385.247944,123,False,True,False,False,0.0,-10.0,0.0,0.0,-0.4100000000000002,1.5759253615140916
12.653002,67,1397.009624,199,True,False,False,False,10.0,0.0,0.0,0.0,-0.6700000000000004,3.3230016589164744
12.738807,60,1407.251855,178,True,False,False,False,10.0,0.0,0.0,0.0,-0.6000000000000003,3.3388065975904477
12.611795,68,1420.126102,204,True,False,False,False,10.0,0.0,0.0,0.0,-0.6800000000000004,3.291794762611389
12.500918,82,1434.29984,245,True,False,False,False,10.0,0.0,0.0,0.0,-0.8200000000000005,3.3209176081419005
12.599044,70,1446.515038,210,True,False,False,False,10.0,0.0,0.0,0.0,-0.7000000000000004,3.299043867588044
12.600271,71,1458.853523,212,True,False,False,False,10.0,0.0,0.0,0.0,-0.7100000000000004,3.3102706652879723
12.657033,64,1471.193888,192,True,False,False,False,10.0,0.0,0.0,0.0,-0.6400000000000003,3.2970334714651113
-8.693723,29,1476.898811,86,False,True,False,False,0.0,-10.0,0.0,0.0,-0.2900000000000001,1.5962768375873573
-8.652301,46,1486.403536,138,False,True,False,False,0.0,-10.0,0.0,0.0,-0.46000000000000024,1.8076992523670197
-8.741234,29,1492.315641,87,False,True,False,False,0.0,-10.0,0.0,0.0,-0.2900000000000001,1.5487664836645127
12.557508,74,1504.751101,222,True,False,False,False,10.0,0.0,0.0,0.0,-0.7400000000000004,3.297508069872857
12.613683,72,1516.962383,214,True,False,False,False,10.0,0.0,0.0,0.0,-0.7200000000000004,3.3336827480793008
12.583688,74,1528.569294,220,True,False,False,False,10.0,0.0,0.0,0.0,-0.7400000000000004,3.323688487410545
12.530896,77,1541.059055,231,True,False,False,False,10.0,0.0,0.0,0.0,-0.7700000000000005,3.300896317958831
12.579736,72,1552.346645,216,True,False,False,False,10.0,0.0,0.0,0.0,-0.7200000000000004,3.2997364675998684
12.60527,72,1564.861015,214,True,False,False,False,10.0,0.0,0.0,0.0,-0.7200000000000004,3.325269539952279
12.41732,91,1579.897149,271,True,False,False,False,10.0,0.0,0.0,0.0,-0.9100000000000006,3.327320253849029
-9.076076,61,1589.702331,182,False,True,False,False,0.0,-10.0,0.0,0.0,-0.6100000000000003,1.5339239925146106
12.516577,82,1603.685735,244,True,False,False,False,10.0,0.0,0.0,0.0,-0.8200000000000005,3.336576850414275
11.973648,133,1623.960968,398,True,False,False,False,10.0,0.0,0.0,0.0,-1.330000000000001,3.303647708892822
12.606263,69,1635.202656,207,True,False,False,False,10.0,0.0,0.0,0.0,-0.6900000000000004,3.2962634575366976
-8.646026,45,1642.978716,134,False,True,False,False,0.0,-10.0,0.0,0.0,-0.45000000000000023,1.8039739733934408
12.717869,59,1653.325091,176,True,False,False,False,10.0,0.0,0.0,0.0,-0.5900000000000003,3.3078688871860513
12.538189,75,1668.359267,225,True,False,False,False,10.0,0.0,0.0,0.0,-0.7500000000000004,3.2881893581151966
-8.633102,45,1677.449829,135,False,True,False,False,0.0,-10.0,0.0,0.0,-0.45000000000000023,1.8168982309103008
12.620008,71,1691.500806,211,True,False,False,False,10.0,0.0,0.0,0.0,-0.7100000000000004,3.330007785558701
12.568977,72,1704.386844,216,True,False,False,False,10.0,0.0,0.0,0.0,-0.7200000000000004,3.288976731300354
12.614481,72,1716.909721,214,True,False,False,False,10.0,0.0,0.0,0.0,-0.7200000000000004,3.334481018781662
12.526517,80,1733.120035,238,True,False,False,False,10.0,0.0,0.0,0.0,-0.8000000000000005,3.326516951322555
-9.209107,80,1747.387108,240,False,True,False,False,0.0,-10.0,0.0,0.0,-0.8000000000000005,1.590892612338066
12.173962,114,1767.301741,341,True,False,False,False,10.0,0.0,0.0,0.0,-1.1400000000000008,3.3139620035886774
12.350543,97,1784.27678,290,True,False,False,False,10.0,0.0,0.0,0.0,-0.9700000000000006,3.3205430340766906
12.416331,92,1800.616529,274,True,False,False,False,10.0,0.0,0.0,0.0,-0.9200000000000006,3.3363305056095136
12.567344,74,1813.207448,221,True,False,False,False,10.0,0.0,0.0,0.0,-0.7400000000000004,3.3073438358306886
-8.589522,45,1821.832458,133,False,True,False,False,0.0,-10.0,0.0,0.0,-0.45000000000000023,1.8604783838987349
12.697188,60,1832.52407,180,True,False,False,False,10.0,0.0,0.0,0.0,-0.6000000000000003,3.2971879929304118
12.700981,61,1844.146264,182,True,False,False,False,10.0,0.0,0.0,0.0,-0.6100000000000003,3.310980876088143
12.723116,59,1854.790497,176,True,False,False,False,10.0,0.0,0.0,0.0,-0.5900000000000003,3.313115503191947
-8.626043,45,1863.911719,134,False,True,False,False,0.0,-10.0,0.0,0.0,-0.45000000000000023,1.823957095146179
12.411324,89,1881.107746,267,True,False,False,False,10.0,0.0,0.0,0.0,-0.8900000000000006,3.3013241064548478
-8.910984,42,1888.737485,124,False,True,False,False,0.0,-10.0,0.0,0.0,-0.4200000000000002,1.5090164232254029
12.604282,72,1901.742582,214,True,False,False,False,10.0,0.0,0.0,0.0,-0.7200000000000004,3.3242815774679175
12.402766,89,1916.560648,267,True,False,False,False,10.0,0.0,0.0,0.0,-0.8900000000000006,3.292766299843788
12.589171,75,1930.359984,223,True,False,False,False,10.0,0.0,0.0,0.0,-0.7500000000000004,3.339170811176299
12.590328,71,1944.419404,213,True,False,False,False,10.0,0.0,0.0,0.0,-0.7100000000000004,3.3003275251388557
12.721155,58,1954.701832,174,True,False,False,False,10.0,0.0,0.0,0.0,-0.5800000000000003,3.3011551779508594
12.536168,77,1968.972471,230,True,False,False,False,10.0,0.0,0.0,0.0,-0.7700000000000005,3.306168088912965
12.606129,69,1981.857594,207,True,False,False,False,10.0,0.0,0.0,0.0,-0.6900000000000004,3.2961291342973715
12.613454,72,1994.958397,214,True,False,False,False,10.0,0.0,0.0,0.0,-0.7200000000000004,3.333453878760338
12.715922,61,2006.5399,181,True,False,False,False,10.0,0.0,0.0,0.0,-0.6100000000000003,3.3259224343299865
12.719706,58,2017.20454,174,True,False,False,False,10.0,0.0,0.0,0.0,-0.5800000000000003,3.2997057843208326
-8.714563,27,2023.264953,81,False,True,False,False,0.0,-10.0,0.0,0.0,-0.2700000000000001,1.5554368662834168
12.735535,58,2033.496326,173,True,False,False,False,10.0,0.0,0.0,0.0,-0.5800000000000003,3.315534953474998
12.721557,58,2043.965075,173,True,False,False,False,10.0,0.0,0.0,0.0,-0.5800000000000003,3.3015569770336133
12.708868,58,2054.486271,174,True,False,False,False,10.0,0.0,0.0,0.0,-0.5800000000000003,3.2888676857948314
12.735868,59,2065.20653,175,True,False,False,False,10.0,0.0,0.0,0.0,-0.5900000000000003,3.3258678096532823
12.748661,59,2076.787118,175,True,False,False,False,10.0,0.0,0.0,0.0,-0.5900000000000003,3.3386612045764923
-8.9164,42,2085.901118,124,False,True,False,False,0.0,-10.0,0.0,0.0,-0.4200000000000002,1.503600198030472
12.631891,70,2098.177772,208,True,False,False,False,10.0,0.0,0.0,0.0,-0.7000000000000004,3.3318913114070896
12.587788,73,2112.359954,218,True,False,False,False,10.0,0.0,0.0,0.0,-0.7300000000000004,3.3177879649400697
12.705909,59,2122.713407,177,True,False,False,False,10.0,0.0,0.0,0.0,-0.5900000000000003,3.295908500552179
12.634402,70,2135.508573,208,True,False,False,False,10.0,0.0,0.0,0.0,-0.7000000000000004,3.3344019198417665
12.176588,112,2154.182179,336,True,False,False,False,10.0,0.0,0.0,0.0,-1.1200000000000008,3.2965877568721775
-9.057975,62,2165.295797,184,False,True,False,False,0.0,-10.0,0.0,0.0,-0.6200000000000003,1.5620250421762472
-9.022009,61,2176.531484,181,False,True,False,False,0.0,-10.0,0.0,0.0,-0.6100000000000003,1.5879910075664518
12.705293,60,2186.747142,179,True,False,False,False,10.0,0.0,0.0,0.0,-0.6000000000000003,3.305292724370957
12.584816,75,2199.678999,223,True,False,False,False,10.0,0.0,0.0,0.0,-0.7500000000000004,3.334816173315048
12.727049,61,2211.111258,181,True,False,False,False,10.0,0.0,0.0,0.0,-0.6100000000000003,3.337049314379693
12.702011,59,2220.976663,177,True,False,False,False,10.0,0.0,0.0,0.0,-0.5900000000000003,3.2920113760232934
12.70838,61,2231.379336,182,True,False,False,False,10.0,0.0,0.0,0.0,-0.6100000000000003,3.318380379080773
12.518949,77,2243.649205,231,True,False,False,False,10.0,0.0,0.0,0.0,-0.7700000000000005,3.288948709964753
12.712867,60,2255.07451,179,True,False,False,False,10.0,0.0,0.0,0.0,-0.6000000000000003,3.3128666824102395
12.618846,70,2267.414553,209,True,False,False,False,10.0,0.0,0.0,0.0,-0.7000000000000004,3.3188461005687704
12.715195,58,2276.864026,174,True,False,False,False,10.0,0.0,0.0,0.0,-0.5800000000000003,3.2951950538158425
12.588182,73,2289.095766,218,True,False,False,False,10.0,0.0,0.0,0.0,-0.7300000000000004,3.318182076215745
12.298978,102,2305.416826,305,True,False,False,False,10.0,0.0,0.0,0.0,-1.0200000000000007,3.318978391885757
12.743712,59,2315.260584,175,True,False,False,False,10.0,0.0,0.0,0.0,-0.5900000000000003,3.3337124800682063
12.750218,59,2325.085317,175,True,False,False,False,10.0,0.0,0.0,0.0,-0.5900000000000003,3.340217715501785
-8.424685,33,2331.820168,99,False,True,False,False,0.0,-10.0,0.0,0.0,-0.3300000000000001,1.9053146433830268
12.56242,72,2342.739513,216,True,False,False,False,10.0,0.0,0.0,0.0,-0.7200000000000004,3.2824201250076293
12.621575,69,2354.275974,206,True,False,False,False,10.0,0.0,0.0,0.0,-0.6900000000000004,3.311574501395226
-8.712692,58,2364.426023,172,False,True,False,False,0.0,-10.0,0.0,0.0,-0.5800000000000003,1.8673080116510388
-8.42196,38,2372.306678,112,False,True,False,False,0.0,-10.0,0.0,0.0,-0.38000000000000017,1.9580403918027878
-8.581072,46,2381.652384,138,False,True,False,False,0.0,-10.0,0.0,0.0,-0.46000000000000024,1.878927586078644
12.718922,57,2392.128151,171,True,False,False,False,10.0,0.0,0.0,0.0,-0.5700000000000003,3.288921936750412
12.722005,59,2403.993888,176,True,False,False,False,10.0,0.0,0.0,0.0,-0.5900000000000003,3.3120045238733278
12.543734,75,2418.332418,225,True,False,False,False,10.0,0.0,0.0,0.0,-0.7500000000000004,3.293733842372893
12.622555,71,2429.309468,211,True,False,False,False,10.0,0.0,0.0,0.0,-0.7100000000000004,3.332555087208747
12.587373,72,2440.386253,215,True,False,False,False,10.0,0.0,0.0,0.0,-0.7200000000000004,3.307372592687608
12.743558,59,2450.778302,175,True,False,False,False,10.0,0.0,0.0,0.0,-0.5900000000000003,3.3335579079389572
12.617704,70,2462.446891,209,True,False,False,False,10.0,0.0,0.0,0.0,-0.7000000000000004,3.3177039390802383
-8.635851,46,2470.925288,138,False,True,False,False,0.0,-10.0,0.0,0.0,-0.46000000000000024,1.8241493934392927
12.361382,95,2486.02236,284,True,False,False,False,10.0,0.0,0.0,0.0,-0.9500000000000006,3.3113823509216305
12.719751,57,2495.094146,171,True,False,False,False,10.0,0.0,0.0,0.0,-0.5700000000000003,3.289751311540604
12.078178,126,2515.189492,376,True,False,False,False,10.0,0.0,0.0,0.0,-1.260000000000001,3.338178064823151
12.469708,84,2528.536775,251,True,False,False,False,10.0,0.0,0.0,0.0,-0.8400000000000005,3.3097075951099395
12.709132,58,2538.384966,174,True,False,False,False,10.0,0.0,0.0,0.0,-0.5800000000000003,3.28913244009018
12.283752,102,2555.324892,306,True,False,False,False,10.0,0.0,0.0,0.0,-1.0200000000000007,3.303751835823059
-8.57001,49,2564.013512,146,False,True,False,False,0.0,-10.0,0.0,0.0,-0.49000000000000027,1.9199903368949889
12.741807,59,2574.395954,175,True,False,False,False,10.0,0.0,0.0,0.0,-0.5900000000000003,3.331807458400727
-8.511377,32,2580.419109,96,False,True,False,False,0.0,-10.0,0.0,0.0,-0.3200000000000001,1.8086230421066285
-8.62162,43,2588.682697,129,False,True,False,False,0.0,-10.0,0.0,0.0,-0.4300000000000002,1.808379836082459
12.289309,101,2604.461009,303,True,False,False,False,10.0,0.0,0.0,0.0,-1.0100000000000007,3.2993087726831445
-8.996306,81,2617.99059,241,False,True,False,False,0.0,-10.0,0.0,0.0,-0.8100000000000005,1.8136938095092774
12.524516,78,2631.051082,233,True,False,False,False,10.0,0.0,0.0,0.0,-0.7800000000000005,3.3045156919956202
-8.583044,48,2640.02616,144,False,True,False,False,0.0,-10.0,0.0,0.0,-0.48000000000000026,1.8969557601213456
-9.100313,60,2650.809705,179,False,True,False,False,0.0,-10.0,0.0,0.0,-0.6000000000000003,1.4996865582466128
12.72114,60,2660.293716,179,True,False,False,False,10.0,0.0,0.0,0.0,-0.6000000000000003,3.321140434741975
12.486727,81,2674.938667,243,True,False,False,False,10.0,0.0,0.0,0.0,-0.8100000000000005,3.296727307438853
-8.512752,34,2680.591407,102,False,True,False,False,0.0,-10.0,0.0,0.0,-0.34000000000000014,1.827248274087906
12.569194,72,2693.110981,216,True,False,False,False,10.0,0.0,0.0,0.0,-0.7200000000000004,3.2891941565275196
12.711201,58,2702.769835,174,True,False,False,False,10.0,0.0,0.0,0.0,-0.5800000000000003,3.2912012612819668
-8.781817,29,2708.837619,87,False,True,False,False,0.0,-10.0,0.0,0.0,-0.2900000000000001,1.508183217644691
12.732436,59,2719.003717,175,True,False,False,False,10.0,0.0,0.0,0.0,-0.5900000000000003,3.32243594288826
12.599308,69,2730.706795,207,True,False,False,False,10.0,0.0,0.0,0.0,-0.6900000000000004,3.2893081235885626
12.64566,67,2742.157358,200,True,False,False,False,10.0,0.0,0.0,0.0,-0.6700000000000004,3.3156603777408606
12.728152,58,2752.175924,173,True,False,False,False,10.0,0.0,0.0,0.0,-0.5800000000000003,3.3081516093015675
12.382614,94,2768.769755,280,True,False,False,False,10.0,0.0,0.0,0.0,-0.9400000000000006,3.3226137721538542
12.532749,75,2780.723284,225,True,False,False,False,10.0,0.0,0.0,0.0,-0.7500000000000004,3.2827489042282103
-8.644119,45,2789.087329,134,False,True,False,False,0.0,-10.0,0.0,0.0,-0.45000000000000023,1.805880661606789
12.691421,59,2798.429458,177,True,False,False,False,10.0,0.0,0.0,0.0,-0.5900000000000003,3.281420727968217
-8.771378,27,2803.901754,80,False,True,False,False,0.0,-10.0,0.0,0.0,-0.2700000000000001,1.4986220079660417
12.745614,58,2814.120474,172,True,False,False,False,10.0,0.0,0.0,0.0,-0.5800000000000003,3.325614396929741
12.734016,59,2823.677099,175,True,False,False,False,10.0,0.0,0.0,0.0,-0.5900000000000003,3.324015588760376
12.605652,70,2835.441434,209,True,False,False,False,10.0,0.0,0.0,0.0,-0.7000000000000004,3.305651637315749
12.494774,81,2847.343779,242,True,False,False,False,10.0,0.0,0.0,0.0,-0.8100000000000005,3.3047735303640366
-8.55613,46,2856.368519,136,False,True,False,False,0.0,-10.0,0.0,0.0,-0.46000000000000024,1.9038696688413619
12.75016,58,2865.184935,172,True,False,False,False,10.0,0.0,0.0,0.0,-0.5800000000000003,3.3301601344347005
12.575515,73,2877.803827,219,True,False,False,False,10.0,0.0,0.0,0.0,-0.7300000000000004,3.305515021681786
12.57148,74,2891.222729,221,True,False,False,False,10.0,0.0,0.0,0.0,-0.7400000000000004,3.311480062007904
12.598467,71,2903.961442,212,True,False,False,False,10.0,0.0,0.0,0.0,-0.7100000000000004,3.308466908931732
-9.303829,111,2922.553259,332,False,True,False,False,0.0,-10.0,0.0,0.0,-1.1100000000000008,1.8061711597442627
12.509483,78,2936.310624,234,True,False,False,False,10.0,0.0,0.0,0.0,-0.7800000000000005,3.2894826030731195
-9.406284,127,2958.030718,379,False,True,False,False,0.0,-10.0,0.0,0.0,-1.270000000000001,1.8637160509824748
12.494188,83,2971.578469,247,True,False,False,False,10.0,0.0,0.0,0.0,-0.8300000000000005,3.324188239574433
12.526484,77,2985.090156,231,True,False,False,False,10.0,0.0,0.0,0.0,-0.7700000000000005,3.296484079360962
12.54407,75,2997.215495,225,True,False,False,False,10.0,0.0,0.0,0.0,-0.7500000000000004,3.2940700697898873
12.467225,85,3011.874611,254,True,False,False,False,10.0,0.0,0.0,0.0,-0.8500000000000005,3.317225478291511
12.567972,73,3023.953883,219,True,False,False,False,10.0,0.0,0.0,0.0,-0.7300000000000004,3.2979723250865938
12.737988,57,3033.355778,170,True,False,False,False,10.0,0.0,0.0,0.0,-0.5700000000000003,3.307988280057907
-8.482585,33,3039.482649,98,False,True,False,False,0.0,-10.0,0.0,0.0,-0.3300000000000001,1.8474146461486811
12.680278,61,3050.567169,183,True,False,False,False,10.0,0.0,0.0,0.0,-0.6100000000000003,3.2902782744169237
12.719833,60,3060.27916,179,True,False,False,False,10.0,0.0,0.0,0.0,-0.6000000000000003,3.3198334842920305
-8.649474,49,3068.402496,146,False,True,False,False,0.0,-10.0,0.0,0.0,-0.49000000000000027,1.840525974035263
12.704028,58,3077.998895,174,True,False,False,False,10.0,0.0,0.0,0.0,-0.5800000000000003,3.2840275967121126
-8.769089,27,3082.949518,79,False,True,False,False,0.0,-10.0,0.0,0.0,-0.2700000000000001,1.500910865068436
-8.438094,33,3089.327787,97,False,True,False,False,0.0,-10.0,0.0,0.0,-0.3300000000000001,1.8919057631492613
12.719487,58,3098.76935,174,True,False,False,False,10.0,0.0,0.0,0.0,-0.5800000000000003,3.299486776590348
-8.8632,42,3106.789603,125,False,True,False,False,0.0,-10.0,0.0,0.0,-0.4200000000000002,1.5567998981475835
12.749868,59,3117.154988,175,True,False,False,False,10.0,0.0,0.0,0.0,-0.5900000000000003,3.3398679888248446
-8.906261,40,3124.200611,119,False,True,False,False,0.0,-10.0,0.0,0.0,-0.4000000000000002,1.4937392437458041
12.666151,63,3135.807243,189,True,False,False,False,10.0,0.0,0.0,0.0,-0.6300000000000003,3.29615069925785
-8.486784,32,3141.554724,94,False,True,False,False,0.0,-10.0,0.0,0.0,-0.3200000000000001,1.8332157027721403
12.736578,57,3151.444095,170,True,False,False,False,10.0,0.0,0.0,0.0,-0.5700000000000003,3.3065782791376126
12.734616,57,3160.491665,170,True,False,False,False,10.0,0.0,0.0,0.0,-0.5700000000000003,3.304616348147393
12.726728,57,3169.670336,171,True,False,False,False,10.0,0.0,0.0,0.0,-0.5700000000000003,3.2967281162738793
12.703569,59,3179.892716,177,True,False,False,False,10.0,0.0,0.0,0.0,-0.5900000000000003,3.2935685580968856
12.752517,58,3189.297075,172,True,False,False,False,10.0,0.0,0.0,0.0,-0.5800000000000003,3.332516840100289
12.749839,58,3199.151141,172,True,False,False,False,10.0,0.0,0.0,0.0,-0.5800000000000003,3.329838681221008
12.731741,57,3208.855469,170,True,False,False,False,10.0,0.0,0.0,0.0,-0.5700000000000003,3.301741256713868
12.741612,57,3219.08785,170,True,False,False,False,10.0,0.0,0.0,0.0,-0.5700000000000003,3.3116117477416998
12.74391,57,3228.500919,170,True,False,False,False,10.0,0.0,0.0,0.0,-0.5700000000000003,3.313910403251648
-8.503969,33,3234.696403,98,False,True,False,False,0.0,-10.0,0.0,0.0,-0.3300000000000001,1.8260313808918003
12.701029,61,3245.725749,182,True,False,False,False,10.0,0.0,0.0,0.0,-0.6100000000000003,3.311028935909271
12.73642,59,3255.308159,175,True,False,False,False,10.0,0.0,0.0,0.0,-0.5900000000000003,3.3264202064275747
12.744585,59,3265.251174,175,True,False,False,False,10.0,0.0,0.0,0.0,-0.5900000000000003,3.334584571123125
-8.869048,45,3273.278208,133,False,True,False,False,0.0,-10.0,0.0,0.0,-0.45000000000000023,1.5809516480565067
12.626348,71,3285.449168,211,True,False,False,False,10.0,0.0,0.0,0.0,-0.7100000000000004,3.3363483762741075
-8.874543,69,3297.073524,207,False,True,False,False,0.0,-10.0,0.0,0.0,-0.6900000000000004,1.8154565608501434
12.561442,76,3309.351372,226,True,False,False,False,10.0,0.0,0.0,0.0,-0.7600000000000005,3.321441642642022
12.738467,58,3319.325656,173,True,False,False,False,10.0,0.0,0.0,0.0,-0.5800000000000003,3.318466554284096
12.731453,58,3329.200456,173,True,False,False,False,10.0,0.0,0.0,0.0,-0.5800000000000003,3.311452901363372
12.739673,59,3339.223487,175,True,False,False,False,10.0,0.0,0.0,0.0,-0.5900000000000003,3.32967305958271
12.553256,77,3352.467903,230,True,False,False,False,10.0,0.0,0.0,0.0,-0.7700000000000005,3.323255738019944
12.220651,110,3371.224838,329,True,False,False,False,10.0,0.0,0.0,0.0,-1.1000000000000008,3.3206509757041944
12.583731,74,3382.896496,220,True,False,False,False,10.0,0.0,0.0,0.0,-0.7400000000000004,3.323731112480164
12.695569,61,3394.308627,182,True,False,False,False,10.0,0.0,0.0,0.0,-0.6100000000000003,3.3055691277980803
12.724751,57,3403.957869,171,True,False,False,False,10.0,0.0,0.0,0.0,-0.5700000000000003,3.294751456379891
12.758488,58,3413.790122,172,True,False,False,False,10.0,0.0,0.0,0.0,-0.5800000000000003,3.338487565517425
12.731455,57,3423.582822,170,True,False,False,False,10.0,0.0,0.0,0.0,-0.5700000000000003,3.30145517706871
-8.534191,34,3430.532735,101,False,True,False,False,0.0,-10.0,0.0,0.0,-0.34000000000000014,1.8058088421821594
12.740239,57,3440.887765,170,True,False,False,False,10.0,0.0,0.0,0.0,-0.5700000000000003,3.3102391779422757
12.744516,58,3450.448328,172,True,False,False,False,10.0,0.0,0.0,0.0,-0.5800000000000003,3.3245158815383906
12.748002,58,3459.696793,172,True,False,False,False,10.0,0.0,0.0,0.0,-0.5800000000000003,3.328001997470856
12.722349,58,3469.013634,173,True,False,False,False,10.0,0.0,0.0,0.0,-0.5800000000000003,3.302349413633346
12.743381,58,3478.878644,172,True,False,False,False,10.0,0.0,0.0,0.0,-0.5800000000000003,3.32338138103485
-8.570924,38,3485.729042,114,False,True,False,False,0.0,-10.0,0.0,0.0,-0.38000000000000017,1.8090762332081791
12.733532,60,3495.18118,178,True,False,False,False,10.0,0.0,0.0,0.0,-0.6000000000000003,3.333532054424287
-8.505565,35,3502.162161,103,False,True,False,False,0.0,-10.0,0.0,0.0,-0.35000000000000014,1.8444350516796115
-8.709755,31,3508.574363,93,False,True,False,False,0.0,-10.0,0.0,0.0,-0.3100000000000001,1.60024527490139
12.723095,57,3518.05865,171,True,False,False,False,10.0,0.0,0.0,0.0,-0.5700000000000003,3.293094744682313
12.741083,58,3527.760033,173,True,False,False,False,10.0,0.0,0.0,0.0,-0.5800000000000003,3.3210831463336956
12.72166,58,3537.620366,173,True,False,False,False,10.0,0.0,0.0,0.0,-0.5800000000000003,3.301660080552101
12.719628,57,3547.93897,171,True,False,False,False,10.0,0.0,0.0,0.0,-0.5700000000000003,3.289627622961998
-8.744528,27,3553.337737,79,False,True,False,False,0.0,-10.0,0.0,0.0,-0.2700000000000001,1.5254722326993941
12.719582,59,3562.711536,177,True,False,False,False,10.0,0.0,0.0,0.0,-0.5900000000000003,3.309581768512725
12.68317,63,3572.994382,188,True,False,False,False,10.0,0.0,0.0,0.0,-0.6300000000000003,3.3131702131032945
12.508843,79,3586.023621,237,True,False,False,False,10.0,0.0,0.0,0.0,-0.7900000000000005,3.2988430595397946
12.591118,72,3598.112082,215,True,False,False,False,10.0,0.0,0.0,0.0,-0.7200000000000004,3.311118381023407
12.605236,69,3609.871465,207,True,False,False,False,10.0,0.0,0.0,0.0,-0.6900000000000004,3.295235969424248
-8.539012,42,3616.838658,126,False,True,False,False,0.0,-10.0,0.0,0.0,-0.4200000000000002,1.880988290309906
12.732214,58,3626.311108,173,True,False,False,False,10.0,0.0,0.0,0.0,-0.5800000000000003,3.3122139978408818
12.592117,74,3638.044,220,True,False,False,False,10.0,0.0,0.0,0.0,-0.7400000000000004,3.3321165663003924
12.67907,62,3647.97527,186,True,False,False,False,10.0,0.0,0.0,0.0,-0.6200000000000003,3.29907027721405
-8.56015,37,3654.676432,110,False,True,False,False,0.0,-10.0,0.0,0.0,-0.37000000000000016,1.8098500782251357
12.728009,58,3663.727586,173,True,False,False,False,10.0,0.0,0.0,0.0,-0.5800000000000003,3.308008707761764
12.724233,58,3672.71218,173,True,False,False,False,10.0,0.0,0.0,0.0,-0.5800000000000003,3.3042329871654506
12.698915,61,3682.284404,182,True,False,False,False,10.0,0.0,0.0,0.0,-0.6100000000000003,3.3089151376485817
12.736124,59,3693.00819,175,True,False,False,False,10.0,0.0,0.0,0.0,-0.5900000000000003,3.3261239087581633
12.716114,58,3702.371796,174,True,False,False,False,10.0,0.0,0.0,0.0,-0.5800000000000003,3.2961143475770953
-8.562164,38,3708.054548,113,False,True,False,False,0.0,-10.0,0.0,0.0,-0.38000000000000017,1.8178358322381971
12.627332,70,3719.11321,208,True,False,False,False,10.0,0.0,0.0,0.0,-0.7000000000000004,3.3273322457075127
12.710572,58,3728.099543,174,True,False,False,False,10.0,0.0,0.0,0.0,-0.5800000000000003,3.2905718600749974
-8.704055,51,3737.968494,151,False,True,False,False,0.0,-10.0,0.0,0.0,-0.5100000000000002,1.805944947004318
12.649231,66,3749.599101,197,True,False,False,False,10.0,0.0,0.0,0.0,-0.6600000000000004,3.3092312669754036
12.658441,67,3759.069013,199,True,False,False,False,10.0,0.0,0.0,0.0,-0.6700000000000004,3.3284412556886678
-8.5229,34,3764.753529,100,False,True,False,False,0.0,-10.0,0.0,0.0,-0.34000000000000014,1.8170995354652408
12.74331,59,3773.770607,175,True,False,False,False,10.0,0.0,0.0,0.0,-0.5900000000000003,3.333309931755066
-8.528249,34,3779.304886,102,False,True,False,False,0.0,-10.0,0.0,0.0,-0.34000000000000014,1.8117510366439822
12.704908,59,3788.448588,177,True,False,False,False,10.0,0.0,0.0,0.0,-0.5900000000000003,3.294907869696617
12.71936,60,3797.941001,179,True,False,False,False,10.0,0.0,0.0,0.0,-0.6000000000000003,3.3193603682518003
12.71232,58,3806.370342,174,True,False,False,False,10.0,0.0,0.0,0.0,-0.5800000000000003,3.2923200619220734
12.738101,58,3814.936247,173,True,False,False,False,10.0,0.0,0.0,0.0,-0.5800000000000003,3.318100866675377
-8.742363,27,3819.981936,79,False,True,False,False,0.0,-10.0,0.0,0.0,-0.2700000000000001,1.5276372283697124
12.739787,59,3828.881565,175,True,False,False,False,10.0,0.0,0.0,0.0,-0.5900000000000003,3.3297873997688296
12.708354,58,3837.483263,174,True,False,False,False,10.0,0.0,0.0,0.0,-0.5800000000000003,3.288354249000549
-8.679116,29,3843.011582,85,False,True,False,False,0.0,-10.0,0.0,0.0,-0.2900000000000001,1.6108835947513584
12.713596,59,3851.780037,176,True,False,False,False,10.0,0.0,0.0,0.0,-0.5900000000000003,3.3035961675643923
12.366251,92,3866.231951,276,True,False,False,False,10.0,0.0,0.0,0.0,-0.9200000000000006,3.2862506711483004
12.377255,93,3878.962225,278,True,False,False,False,10.0,0.0,0.0,0.0,-0.9300000000000006,3.307255244851112
12.576602,73,3891.721769,218,True,False,False,False,10.0,0.0,0.0,0.0,-0.7300000000000004,3.3066024863719936
-8.518938,33,3897.741117,98,False,True,False,False,0.0,-10.0,0.0,0.0,-0.3300000000000001,1.8110622864961627
12.691617,61,3908.363052,182,True,False,False,False,10.0,0.0,0.0,0.0,-0.6100000000000003,3.3016174918413155
12.722253,60,3918.386515,178,True,False,False,False,10.0,0.0,0.0,0.0,-0.6000000000000003,3.322252879738808
12.733067,58,3929.842401,173,True,False,False,False,10.0,0.0,0.0,0.0,-0.5800000000000003,3.3130669605731966
-8.786543,29,3936.298755,86,False,True,False,False,0.0,-10.0,0.0,0.0,-0.2900000000000001,1.5034570026397702
12.721114,59,3949.00415,176,True,False,False,False,10.0,0.0,0.0,0.0,-0.5900000000000003,3.3111135220527643
-8.764661,32,3955.084656,94,False,True,False,False,0.0,-10.0,0.0,0.0,-0.3200000000000001,1.5553392541408535
12.654687,63,3965.070444,189,True,False,False,False,10.0,0.0,0.0,0.0,-0.6300000000000003,3.2846873748302463
-8.673945,51,3972.929991,153,False,True,False,False,0.0,-10.0,0.0,0.0,-0.5100000000000002,1.836054863929748
12.530314,81,3986.745039,241,True,False,False,False,10.0,0.0,0.0,0.0,-0.8100000000000005,3.340313943028449
12.608784,69,3998.393304,207,True,False,False,False,10.0,0.0,0.0,0.0,-0.6900000000000004,3.298784058094025
-8.542091,35,4003.773443,105,False,True,False,False,0.0,-10.0,0.0,0.0,-0.35000000000000014,1.807909487485886
12.730413,61,4013.294433,181,True,False,False,False,10.0,0.0,0.0,0.0,-0.6100000000000003,3.340413484573364
12.626556,67,4022.780605,201,True,False,False,False,10.0,0.0,0.0,0.0,-0.6700000000000004,3.2965555101633077
12.679054,66,4031.012642,196,True,False,False,False,10.0,0.0,0.0,0.0,-0.6600000000000004,3.339054359197616
12.735097,58,4040.067989,173,True,False,False,False,10.0,0.0,0.0,0.0,-0.5800000000000003,3.315096828341484
12.708086,59,4048.748798,177,True,False,False,False,10.0,0.0,0.0,0.0,-0.5900000000000003,3.2980858659744268
12.680324,62,4057.19707,186,True,False,False,False,10.0,0.0,0.0,0.0,-0.6200000000000003,3.3003244483470935
12.714706,61,4066.225133,181,True,False,False,False,10.0,0.0,0.0,0.0,-0.6100000000000003,3.324706208705902
-8.591957,40,4071.877738,118,False,True,False,False,0.0,-10.0,0.0,0.0,-0.4000000000000002,1.808042618632317
12.543721,79,4081.988467,235,True,False,False,False,10.0,0.0,0.0,0.0,-0.7900000000000005,3.3337209355831163
12.400985,92,4095.06438,275,True,False,False,False,10.0,0.0,0.0,0.0,-0.9200000000000006,3.3209852206707002
-8.61639,35,4100.925828,105,False,True,False,False,0.0,-10.0,0.0,0.0,-0.35000000000000014,1.733610027432442
12.49977,82,4112.108558,245,True,False,False,False,10.0,0.0,0.0,0.0,-0.8200000000000005,3.319770274162293
12.639315,69,4121.256436,205,True,False,False,False,10.0,0.0,0.0,0.0,-0.6900000000000004,3.32931539952755
12.661266,64,4130.059017,192,True,False,False,False,10.0,0.0,0.0,0.0,-0.6400000000000003,3.301265826821328
-8.783935,64,4139.974143,192,False,True,False,False,0.0,-10.0,0.0,0.0,-0.6400000000000003,1.856065118908882
12.541314,77,4152.081733,230,True,False,False,False,10.0,0.0,0.0,0.0,-0.7700000000000005,3.31131381392479
12.672587,62,4161.973417,186,True,False,False,False,10.0,0.0,0.0,0.0,-0.6200000000000003,3.2925865328311925
12.65988,68,4172.281085,202,True,False,False,False,10.0,0.0,0.0,0.0,-0.6800000000000004,3.3398797106742872
-8.537736,35,4177.835542,105,False,True,False,False,0.0,-10.0,0.0,0.0,-0.35000000000000014,1.8122644340991976
12.651778,65,4187.219537,195,True,False,False,False,10.0,0.0,0.0,0.0,-0.6500000000000004,3.3017782098054878
12.65462,67,4196.585485,199,True,False,False,False,10.0,0.0,0.0,0.0,-0.6700000000000004,3.324619683623314
12.635997,70,4207.19383,208,True,False,False,False,10.0,0.0,0.0,0.0,-0.7000000000000004,3.3359969234466558
12.606085,71,4217.531899,212,True,False,False,False,10.0,0.0,0.0,0.0,-0.7100000000000004,3.316084704399109
-8.639489,53,4225.759058,157,False,True,False,False,0.0,-10.0,0.0,0.0,-0.5300000000000002,1.8905112087726597
12.541146,77,4237.08634,230,True,False,False,False,10.0,0.0,0.0,0.0,-0.7700000000000005,3.3111457276344303
12.488055,84,4248.600622,250,True,False,False,False,10.0,0.0,0.0,0.0,-0.8400000000000005,3.3280546575784684
12.476237,81,4260.700373,243,True,False,False,False,10.0,0.0,0.0,0.0,-0.8100000000000005,3.2862371802330017
12.478681,83,4271.916583,248,True,False,False,False,10.0,0.0,0.0,0.0,-0.8300000000000005,3.3086807721853253
12.360671,94,4285.41475,282,True,False,False,False,10.0,0.0,0.0,0.0,-0.9400000000000006,3.3006706857681287
12.420476,90,4298.400755,269,True,False,False,False,10.0,0.0,0.0,0.0,-0.9000000000000006,3.3204763215780266
-8.686317,50,4306.815688,150,False,True,False,False,0.0,-10.0,0.0,0.0,-0.5000000000000002,1.8136832278966901
12.361076,95,4322.021453,284,True,False,False,False,10.0,0.0,0.0,0.0,-0.9500000000000006,3.3110760843753813
12.240395,107,4337.782978,321,True,False,False,False,10.0,0.0,0.0,0.0,-1.0700000000000007,3.3103954637050634
12.423451,88,4349.900122,264,True,False,False,False,10.0,0.0,0.0,0.0,-0.8800000000000006,3.303451277017594
12.44492,89,4362.630287,265,True,False,False,False,10.0,0.0,0.0,0.0,-0.8900000000000006,3.3349195754528056
-9.085571,62,4371.168131,185,False,True,False,False,0.0,-10.0,0.0,0.0,-0.6200000000000003,1.5344288456439972
12.27858,102,4385.772993,306,True,False,False,False,10.0,0.0,0.0,0.0,-1.0200000000000007,3.298579897284508
12.330009,99,4399.552077,296,True,False,False,False,10.0,0.0,0.0,0.0,-0.9900000000000007,3.3200092101097107
12.106027,122,4415.914052,366,True,False,False,False,10.0,0.0,0.0,0.0,-1.2200000000000009,3.3260274502635006
11.814457,147,4436.61813,441,True,False,False,False,10.0,0.0,0.0,0.0,-1.470000000000001,3.284456878304481
12.524237,77,4448.042848,231,True,False,False,False,10.0,0.0,0.0,0.0,-0.7700000000000005,3.2942367064952847
12.198617,112,4464.124933,335,True,False,False,False,10.0,0.0,0.0,0.0,-1.1200000000000008,3.318617135286331
12.440247,86,4476.035981,258,True,False,False,False,10.0,0.0,0.0,0.0,-0.8600000000000005,3.3002467918396
12.432432,85,4488.217348,255,True,False,False,False,10.0,0.0,0.0,0.0,-0.8500000000000005,3.282431885600089
-8.814138,34,4493.69538,102,False,True,False,False,0.0,-10.0,0.0,0.0,-0.34000000000000014,1.5258624285459514
12.664456,65,4502.88897,194,True,False,False,False,10.0,0.0,0.0,0.0,-0.6500000000000004,3.314456235170365
-8.507399,42,4509.210115,126,False,True,False,False,0.0,-10.0,0.0,0.0,-0.4200000000000002,1.9126013273000717
12.661576,67,4518.758716,199,True,False,False,False,10.0,0.0,0.0,0.0,-0.6700000000000004,3.331575997471809
12.691509,61,4527.067955,183,True,False,False,False,10.0,0.0,0.0,0.0,-0.6100000000000003,3.3015091001987455
-8.483955,36,4532.818392,106,False,True,False,False,0.0,-10.0,0.0,0.0,-0.36000000000000015,1.8760450708866123
-8.753166,29,4538.35983,85,False,True,False,False,0.0,-10.0,0.0,0.0,-0.2900000000000001,1.5368340784311294
12.717317,61,4548.906535,181,True,False,False,False,10.0,0.0,0.0,0.0,-0.6100000000000003,3.327317028641699
12.666253,65,4557.450909,194,True,False,False,False,10.0,0.0,0.0,0.0,-0.6500000000000004,3.3162534558773045
12.608672,73,4567.430926,217,True,False,False,False,10.0,0.0,0.0,0.0,-0.7300000000000004,3.3386715769767763
12.643565,65,4575.752164,195,True,False,False,False,10.0,0.0,0.0,0.0,-0.6500000000000004,3.293564866185188
12.70519,62,4583.293208,184,True,False,False,False,10.0,0.0,0.0,0.0,-0.6200000000000003,3.3251899361610415
12.650574,66,4591.312684,197,True,False,False,False,10.0,0.0,0.0,0.0,-0.6600000000000004,3.310573854446413
12.547134,76,4601.944628,228,True,False,False,False,10.0,0.0,0.0,0.0,-0.7600000000000005,3.3071339142322547
-8.750421,52,4609.377431,156,False,True,False,False,0.0,-10.0,0.0,0.0,-0.5200000000000002,1.7695794290304183
12.598703,71,4619.280052,212,True,False,False,False,10.0,0.0,0.0,0.0,-0.7100000000000004,3.3087031614780424
12.581295,71,4629.780947,213,True,False,False,False,10.0,0.0,0.0,0.0,-0.7100000000000004,3.291294993162156
12.588809,72,4640.155272,215,True,False,False,False,10.0,0.0,0.0,0.0,-0.7200000000000004,3.3088092797994606
-8.623459,45,4646.483436,134,False,True,False,False,0.0,-10.0,0.0,0.0,-0.45000000000000023,1.8265407299995424
12.526785,77,4656.300255,231,True,False,False,False,10.0,0.0,0.0,0.0,-0.7700000000000005,3.2967849689722053
12.637612,67,4664.796755,200,True,False,False,False,10.0,0.0,0.0,0.0,-0.6700000000000004,3.3076124739646913
12.59789,69,4673.197614,207,True,False,False,False,10.0,0.0,0.0,0.0,-0.6900000000000004,3.2878897857666023
12.626712,69,4681.963743,206,True,False,False,False,10.0,0.0,0.0,0.0,-0.6900000000000004,3.3167121207714088
-8.59342,41,4687.800706,123,False,True,False,False,0.0,-10.0,0.0,0.0,-0.4100000000000002,1.8165799725055694
-8.783056,39,4692.861296,117,False,True,False,False,0.0,-10.0,0.0,0.0,-0.3900000000000002,1.606944307088852
12.519273,79,4702.808047,236,True,False,False,False,10.0,0.0,0.0,0.0,-0.7900000000000005,3.3092726600170135
-8.5426,40,4708.352016,118,False,True,False,False,0.0,-10.0,0.0,0.0,-0.4000000000000002,1.8573995685577391
12.698573,64,4715.841841,190,True,False,False,False,10.0,0.0,0.0,0.0,-0.6400000000000003,3.3385729992389686
12.670492,64,4723.333056,191,True,False,False,False,10.0,0.0,0.0,0.0,-0.6400000000000003,3.310492033958436
12.689283,65,4731.691573,193,True,False,False,False,10.0,0.0,0.0,0.0,-0.6500000000000004,3.3392829054594046
12.713481,60,4739.467767,179,True,False,False,False,10.0,0.0,0.0,0.0,-0.6000000000000003,3.31348081111908
12.693136,64,4747.301562,190,True,False,False,False,10.0,0.0,0.0,0.0,-0.6400000000000003,3.3331359153985973
-8.455913,37,4752.017629,110,False,True,False,False,0.0,-10.0,0.0,0.0,-0.37000000000000016,1.914087406396866
12.670575,64,4760.114117,191,True,False,False,False,10.0,0.0,0.0,0.0,-0.6400000000000003,3.3105748748779296
12.745688,59,4767.685048,175,True,False,False,False,10.0,0.0,0.0,0.0,-0.5900000000000003,3.335687881708146
12.68066,63,4775.833262,188,True,False,False,False,10.0,0.0,0.0,0.0,-0.6300000000000003,3.310660481452942
12.657197,65,4783.902851,194,True,False,False,False,10.0,0.0,0.0,0.0,-0.6500000000000004,3.307197499871254
12.708272,59,4791.583869,177,True,False,False,False,10.0,0.0,0.0,0.0,-0.5900000000000003,3.2982717245817192
12.666345,66,4800.299736,196,True,False,False,False,10.0,0.0,0.0,0.0,-0.6600000000000004,3.3263445270061487
12.705616,63,4807.686194,187,True,False,False,False,10.0,0.0,0.0,0.0,-0.6300000000000003,3.335615514516831
12.69959,60,4815.317494,180,True,False,False,False,10.0,0.0,0.0,0.0,-0.6000000000000003,3.2995901930332185
12.749205,59,4822.843447,175,True,False,False,False,10.0,0.0,0.0,0.0,-0.5900000000000003,3.339205201268195
12.736576,60,4830.439048,178,True,False,False,False,10.0,0.0,0.0,0.0,-0.6000000000000003,3.336576104164123
12.686893,61,4838.508508,183,True,False,False,False,10.0,0.0,0.0,0.0,-0.6100000000000003,3.296893430948258
12.704456,63,4846.658464,187,True,False,False,False,10.0,0.0,0.0,0.0,-0.6300000000000003,3.334455629587175
12.651138,64,4854.796109,192,True,False,False,False,10.0,0.0,0.0,0.0,-0.6400000000000003,3.2911380612850194
12.708099,63,4862.572243,187,True,False,False,False,10.0,0.0,0.0,0.0,-0.6300000000000003,3.338099478483201
-8.710628,28,4866.383727,84,False,True,False,False,0.0,-10.0,0.0,0.0,-0.2800000000000001,1.5693722224235536
-8.746387,28,4870.710751,84,False,True,False,False,0.0,-10.0,0.0,0.0,-0.2800000000000001,1.5336130511760713
12.657187,65,4879.086377,194,True,False,False,False,10.0,0.0,0.0,0.0,-0.6500000000000004,3.3071869230270377
12.650941,67,4888.530107,200,True,False,False,False,10.0,0.0,0.0,0.0,-0.6700000000000004,3.320940713882447
12.693571,61,4897.002774,182,True,False,False,False,10.0,0.0,0.0,0.0,-0.6100000000000003,3.303571393489838
12.68118,65,4905.905608,193,True,False,False,False,10.0,0.0,0.0,0.0,-0.6500000000000004,3.33118011713028
12.727985,58,4913.402726,173,True,False,False,False,10.0,0.0,0.0,0.0,-0.5800000000000003,3.3079847633838657
12.6906,60,4921.327936,180,True,False,False,False,10.0,0.0,0.0,0.0,-0.6000000000000003,3.290599595308304
-8.696506,29,4925.693357,86,False,True,False,False,0.0,-10.0,0.0,0.0,-0.2900000000000001,1.5934937256574628
12.720677,61,4934.093611,181,True,False,False,False,10.0,0.0,0.0,0.0,-0.6100000000000003,3.33067720413208
-8.733057,27,4937.824437,81,False,True,False,False,0.0,-10.0,0.0,0.0,-0.2700000000000001,1.5369426214694977
12.731017,58,4945.07917,173,True,False,False,False,10.0,0.0,0.0,0.0,-0.5800000000000003,3.3110168379545217
12.74275,59,4952.376439,175,True,False,False,False,10.0,0.0,0.0,0.0,-0.5900000000000003,3.3327496212720864
12.690479,61,4960.644771,183,True,False,False,False,10.0,0.0,0.0,0.0,-0.6100000000000003,3.3004790198802945
12.699501,59,4967.374728,177,True,False,False,False,10.0,0.0,0.0,0.0,-0.5900000000000003,3.2895009303092944
-8.468806,33,4972.119648,99,False,True,False,False,0.0,-10.0,0.0,0.0,-0.3300000000000001,1.8611935520172118
12.629444,70,4982.7062,208,True,False,False,False,10.0,0.0,0.0,0.0,-0.7000000000000004,3.3294441115856164
12.737732,59,4992.709133,175,True,False,False,False,10.0,0.0,0.0,0.0,-0.5900000000000003,3.327731976509094
-8.472348,34,4998.435458,101,False,True,False,False,0.0,-10.0,0.0,0.0,-0.34000000000000014,1.8676516199111937
12.709845,63,5009.291594,187,True,False,False,False,10.0,0.0,0.0,0.0,-0.6300000000000003,3.339844999313354
-8.681315,28,5014.337142,84,False,True,False,False,0.0,-10.0,0.0,0.0,-0.2800000000000001,1.5986845195293433
12.718355,59,5023.54188,177,True,False,False,False,10.0,0.0,0.0,0.0,-0.5900000000000003,3.308355259895324
-8.429444,33,5029.340411,99,False,True,False,False,0.0,-10.0,0.0,0.0,-0.3300000000000001,1.9005561709403995
12.686305,61,5039.680075,183,True,False,False,False,10.0,0.0,0.0,0.0,-0.6100000000000003,3.296305078268051
12.737525,60,5049.618583,178,True,False,False,False,10.0,0.0,0.0,0.0,-0.6000000000000003,3.33752479314804
12.70908,62,5060.539014,184,True,False,False,False,10.0,0.0,0.0,0.0,-0.6200000000000003,3.3290801316499707
12.694382,63,5071.389844,187,True,False,False,False,10.0,0.0,0.0,0.0,-0.6300000000000003,3.324382356405258
12.710682,60,5081.476212,179,True,False,False,False,10.0,0.0,0.0,0.0,-0.6000000000000003,3.310682087540627
12.713022,59,5091.091319,177,True,False,False,False,10.0,0.0,0.0,0.0,-0.5900000000000003,3.3030215197801582
12.727265,58,5101.149537,173,True,False,False,False,10.0,0.0,0.0,0.0,-0.5800000000000003,3.307265354990959
12.70501,59,5111.516219,177,True,False,False,False,10.0,0.0,0.0,0.0,-0.5900000000000003,3.2950100970268252
-8.526312,34,5117.351111,101,False,True,False,False,0.0,-10.0,0.0,0.0,-0.34000000000000014,1.8136883211135866
12.690237,65,5129.012449,193,True,False,False,False,10.0,0.0,0.0,0.0,-0.6500000000000004,3.3402369296550742
12.678913,65,5138.212404,193,True,False,False,False,10.0,0.0,0.0,0.0,-0.6500000000000004,3.3289132195711137
12.704326,62,5145.162632,184,True,False,False,False,10.0,0.0,0.0,0.0,-0.6200000000000003,3.3243261522054666
12.685402,64,5153.286301,190,True,False,False,False,10.0,0.0,0.0,0.0,-0.6400000000000003,3.3254023134708386
-8.782199,28,5157.058907,82,False,True,False,False,0.0,-10.0,0.0,0.0,-0.2800000000000001,1.4978006571531295
-8.76309,29,5161.114814,85,False,True,False,False,0.0,-10.0,0.0,0.0,-0.2900000000000001,1.52691025853157
12.674047,65,5168.481118,193,True,False,False,False,10.0,0.0,0.0,0.0,-0.6500000000000004,3.3240470182895665
12.642849,65,5176.07434,195,True,False,False,False,10.0,0.0,0.0,0.0,-0.6500000000000004,3.2928487306833256
12.659474,63,5182.92789,189,True,False,False,False,10.0,0.0,0.0,0.0,-0.6300000000000003,3.28947357416153
12.702769,60,5190.13455,180,True,False,False,False,10.0,0.0,0.0,0.0,-0.6000000000000003,3.30276932656765
-8.431288,35,5194.569379,104,False,True,False,False,0.0,-10.0,0.0,0.0,-0.35000000000000014,1.9187121874094015
-8.446167,36,5199.853416,106,False,True,False,False,0.0,-10.0,0.0,0.0,-0.36000000000000015,1.9138326269388204
12.707557,62,5207.448044,184,True,False,False,False,10.0,0.0,0.0,0.0,-0.6200000000000003,3.3275571334362035
12.660586,63,5216.331768,189,True,False,False,False,10.0,0.0,0.0,0.0,-0.6300000000000003,3.2905855184793467
12.672104,61,5226.770673,183,True,False,False,False,10.0,0.0,0.0,0.0,-0.6100000000000003,3.282104351520538
12.645311,65,5236.857203,195,True,False,False,False,10.0,0.0,0.0,0.0,-0.6500000000000004,3.295311410427095
12.672923,62,5244.927829,186,True,False,False,False,10.0,0.0,0.0,0.0,-0.6200000000000003,3.29292301595211
12.637437,68,5252.870702,203,True,False,False,False,10.0,0.0,0.0,0.0,-0.6800000000000004,3.317437325119973
12.738032,60,5259.923532,178,True,False,False,False,10.0,0.0,0.0,0.0,-0.6000000000000003,3.3380322951078423
