scenario,scenario_label,seed,temporal_graph_success_rate,temporal_graph_collision_rate,temporal_graph_timeout_rate,temporal_graph_mean_return,temporal_graph_mean_success_completion_time_seconds,temporal_graph_diagnostic_topology_attention_entropy_mean,temporal_graph_diagnostic_latent_std_mean,temporal_graph_diagnostic_slot_scale_ratio_mean,full_balanced_success_rate,full_balanced_collision_rate,full_balanced_timeout_rate,full_balanced_mean_return,full_balanced_mean_success_completion_time_seconds,full_balanced_diagnostic_topology_attention_entropy_mean,full_balanced_diagnostic_latent_std_mean,full_balanced_diagnostic_slot_scale_ratio_mean,success_delta,collision_delta
left_turn,无保护左转,0,0.96,0.04,0.0,0.92,11.133333333333335,0.0,0.8131467019854215,1.905724549698873,1.0,0.0,0.0,1.0,12.448,1.1291381325569796,0.34175320889939154,10.728101906488611,0.040000000000000036,-0.04
left_turn,无保护左转,1,0.92,0.08,0.0,0.84,11.402173913043478,0.0,0.7894425509051861,1.9874805132295992,1.0,0.0,0.0,1.0,21.516000000000005,1.5634724397095678,0.20236743852098754,3.2870276123029725,0.07999999999999996,-0.08
left_turn,无保护左转,2,0.98,0.02,0.0,0.96,14.277551020408163,0.0,0.8862007624925463,1.929717524044536,0.94,0.06,0.0,0.88,15.453191489361704,1.4420251857114683,0.25328616546606536,2.898993528556843,-0.040000000000000036,0.039999999999999994
cross,双汇入,0,0.86,0.14,0.0,0.72,50.876744186046515,0.0,1.101546633793058,2.041650959617904,0.82,0.18,0.0,0.64,44.07560975609756,0.8307407603354694,0.5897109399612627,2.093635198140757,-0.040000000000000036,0.03999999999999998
cross,双汇入,1,0.96,0.04,0.0,0.92,39.6625,0.0,1.00943193350979,2.1449732362385614,0.86,0.14,0.0,0.72,39.79767441860465,1.0470193588534218,0.5912405285174928,1.87437590221793,-0.09999999999999998,0.1
cross,双汇入,2,0.66,0.24,0.14,0.42,53.8939393939394,0.0,1.052534531937214,1.5087893975577595,0.64,0.36,0.0,0.28,40.496875,0.9917534464774055,0.6393096767450772,1.8746362228461313,-0.020000000000000018,0.12
roundabout_easy,环岛 A,0,0.96,0.04,0.0,0.92,17.87291666666667,0.0,0.8117914428213296,2.09055782925658,0.98,0.02,0.0,0.96,15.418367346938776,1.3662441266764787,0.08398378037135082,4.660992268486816,0.020000000000000018,-0.02
roundabout_easy,环岛 A,1,0.96,0.04,0.0,0.92,11.533333333333337,0.0,0.7953670761483422,1.8366832218665086,0.96,0.0,0.04,0.96,21.51875,1.2949850641338894,0.1485173814500944,4.081008051215554,0.0,-0.04
roundabout_easy,环岛 A,2,0.98,0.02,0.0,0.96,18.016326530612247,0.0,0.6885883633860116,1.4709151014174129,0.9,0.1,0.0,0.8,12.371111111111112,1.3034182064855808,0.1342712859633511,5.105903723036126,-0.07999999999999996,0.08
roundabout_medium,环岛 B,0,0.9,0.1,0.0,0.8,29.233333333333334,0.0,0.9301920439509721,1.5875311616341685,0.72,0.28,0.0,0.44,22.911111111111115,1.828261622098747,0.3961675205776065,3.440128454502153,-0.18000000000000005,0.18000000000000002
roundabout_medium,环岛 B,1,0.9,0.1,0.0,0.8,32.63111111111111,0.0,0.9860489280206677,1.6469075283645829,0.88,0.12,0.0,0.76,41.40227272727273,1.484779000666688,0.23331517267846644,10.773654939512006,-0.020000000000000018,0.01999999999999999
roundabout_medium,环岛 B,2,0.84,0.16,0.0,0.68,32.31190476190476,0.0,0.8557385422349044,1.7441983433928865,0.36,0.64,0.0,-0.28,24.638888888888893,1.6249952359526212,0.23492672683133867,3.475401087727918,-0.48,0.48
roundabout,环岛 C,0,0.88,0.12,0.0,0.76,42.98863636363637,0.0,0.8265333752587638,1.9006704017328389,0.82,0.18,0.0,0.64,53.0390243902439,1.6065157351494588,0.17892347629751604,7.175442737510635,-0.06000000000000005,0.06
roundabout,环岛 C,1,0.78,0.22,0.0,0.56,45.98205128205129,0.0,0.9201688203267825,1.8439435576023342,0.78,0.2,0.02,0.58,41.52307692307693,1.5629222181064073,0.13271104404711964,3.316895485440484,0.0,-0.01999999999999999
roundabout,环岛 C,2,0.78,0.22,0.0,0.56,34.89230769230769,0.0,0.9112020548116622,1.739358311758445,0.9,0.1,0.0,0.8,43.17777777777778,1.540661122581338,0.16143907465339644,6.936977389836484,0.12,-0.12
carla,CARLA Town-10 任务重建,0,1.0,0.0,0.0,1.0,9.3,0.0,1.0513213774417547,2.070993555867014,0.0,0.04,0.96,-0.04,,2.0736147286659645,0.33914922590797847,4.991093504967307,-1.0,0.04
carla,CARLA Town-10 任务重建,1,1.0,0.0,0.0,1.0,8.700000000000001,0.0,1.0523876000464278,11.656187276555976,1.0,0.0,0.0,1.0,9.899999999999999,1.87244221409237,0.3126356130666566,8.640152850006276,0.0,0.0
carla,CARLA Town-10 任务重建,2,1.0,0.0,0.0,1.0,9.3,0.0,0.8176591606414367,13.805052186939283,1.0,0.0,0.0,1.0,8.700000000000001,1.7069790185416764,0.2854122774826794,3.837919798389841,0.0,0.0
