run,scenario,training_seed,outcome,raw_steps,mean_target_speed_mps,negative_lane_command_rate,keep_lane_command_rate,positive_lane_command_rate,lane_change_applied_rate,roads_visited
paper__full_balanced__carla__seed0,carla,0,timeout,302,2.1719963243692226,0.04950495049504951,0.0297029702970297,0.9207920792079208,0.0,ego_approach > :bend_0 > :cross_1
paper__full_balanced__carla__seed1,carla,1,success,99,7.60247528553009,0.3939393939393939,0.6060606060606061,0.0,0.18181818181818182,ego_approach > :bend_0 > :cross_1 > north_upper
paper__temporal_graph__carla__seed0,carla,0,success,93,8.881141081933052,1.0,0.0,0.0,0.1935483870967742,ego_approach > :bend_0 > :cross_1 > north_upper > :split_1
paper__full_balanced__roundabout_medium__seed2,roundabout_medium,2,collision,218,8.042207433752818,0.0,0.0,1.0,0.0821917808219178,edge-east-EW > :junction-intersection-east_0 > edge-east-EN > :junction-intersection-north_5 > edge-north-NW > :junction-intersection-west_2 > :junction-intersection-west_6
paper__full_balanced__roundabout_medium__seed1,roundabout_medium,1,success,446,4.394390579038018,0.9463087248322147,0.006711409395973154,0.04697986577181208,0.11409395973154363,edge-east-EW > :junction-intersection-east_0 > edge-east-EN > :junction-intersection-north_5 > edge-north-NW > :junction-intersection-west_0 > edge-west-EW
paper__temporal_graph__roundabout_medium__seed2,roundabout_medium,2,success,291,6.835453835959287,0.44329896907216493,0.13402061855670103,0.422680412371134,0.3711340206185567,edge-east-EW > :junction-intersection-east_0 > edge-east-EN > :junction-intersection-north_5 > edge-north-NW > :junction-intersection-west_2 > :junction-intersection-west_6 > edge-west-EW
paper__full_balanced__roundabout__seed2,roundabout,2,success,437,6.219864691773506,1.0,0.0,0.0,0.0,edge-east-EW > :junction-intersection-east_0 > edge-east-EN > :junction-intersection-north_3 > edge-north-NW > :junction-intersection-west_1 > edge-west-WS > :junction-intersection-south_2 > edge-south-NS
paper__full_balanced__cross__seed1,cross,1,success,394,6.812585797725302,0.25757575757575757,0.2803030303030303,0.4621212121212121,0.24242424242424243,gneE17 > :gneJ3_1 > gneE5 > :gneJ7_0 > gneE23
paper__temporal_graph__cross__seed1,cross,1,success,416,6.528229308214119,0.5107913669064749,0.17266187050359713,0.31654676258992803,0.5323741007194245,gneE17 > :gneJ3_1 > gneE5 > :gneJ7_0 > gneE23
