#{"t_start": 1790499791.0488944, "env_id": "None"}
r,l,t,raw_simulation_steps,is_success,collision,off_route,max_time
-8.892618,52,5.299052,154,False,True,False,False
-8.8334,52,8.80046,154,False,True,False,False
-8.719531,57,12.550304,169,False,True,False,False
-9.420615,111,19.011382,333,False,True,False,False
-9.440097,118,25.797044,354,False,True,False,False
-8.876914,54,29.400099,162,False,True,False,False
11.47603,183,40.008239,549,True,False,False,False
-5.6,200,51.590242,600,False,False,False,True
-8.887849,58,55.320527,174,False,True,False,False
11.463471,185,65.705699,555,True,False,False,False
-8.871669,61,69.433119,182,False,True,False,False
-8.815361,64,73.642694,190,False,True,False,False
12.207008,112,81.500517,335,True,False,False,False
-9.518961,112,88.95795,336,False,True,False,False
12.182058,112,95.016699,336,True,False,False,False
-8.930694,59,98.816223,176,False,True,False,False
-9.063638,82,104.525816,245,False,True,False,False
-9.103326,78,115.553827,232,False,True,False,False
11.965861,137,135.541449,409,True,False,False,False
-9.198989,94,149.132429,280,False,True,False,False
-8.900601,51,156.5851,151,False,True,False,False
-8.924402,53,164.814673,158,False,True,False,False
-9.16921,92,178.153173,275,False,True,False,False
12.145049,119,194.777167,355,True,False,False,False
-9.650398,146,215.400881,438,False,True,False,False
-9.347007,102,229.826362,306,False,True,False,False
-8.829139,57,239.806255,171,False,True,False,False
-9.256771,95,256.905597,284,False,True,False,False
-9.11203,81,271.073431,242,False,True,False,False
-9.187108,92,287.359745,274,False,True,False,False
-5.6,200,323.60217,600,False,False,False,True
-9.637165,149,350.400501,447,False,True,False,False
-8.915436,73,362.072137,218,False,True,False,False
-10.186346,180,389.12659,540,False,True,False,False
-8.74028,52,396.899902,156,False,True,False,False
11.937135,138,416.797718,413,True,False,False,False
-5.6,200,445.18515,600,False,False,False,True
-9.259519,93,458.866854,277,False,True,False,False
-8.851082,45,466.075696,133,False,True,False,False
-5.6,200,495.220083,600,False,False,False,True
-5.6,200,524.302404,600,False,False,False,True
-9.932288,166,548.570953,498,False,True,False,False
-5.6,200,578.198065,600,False,False,False,True
-5.6,200,609.678902,600,False,False,False,True
-9.118247,89,623.311814,265,False,True,False,False
-5.6,200,652.432134,600,False,False,False,True
-5.6,200,683.048019,600,False,False,False,True
-5.6,200,718.392718,600,False,False,False,True
-5.6,200,753.087198,600,False,False,False,True
-5.6,200,787.21124,600,False,False,False,True
-10.145084,190,814.581708,568,False,True,False,False
-5.6,200,844.222749,600,False,False,False,True
-8.848079,47,851.476549,139,False,True,False,False
-5.6,200,880.956987,600,False,False,False,True
-8.757903,46,887.8017,137,False,True,False,False
-5.6,200,916.904895,600,False,False,False,True
-5.6,200,944.990918,600,False,False,False,True
-5.6,200,973.151757,600,False,False,False,True
-10.085391,186,1001.582624,558,False,True,False,False
-9.802325,156,1025.692485,468,False,True,False,False
-5.6,200,1056.750845,600,False,False,False,True
-5.6,200,1086.064285,600,False,False,False,True
-5.6,200,1115.937209,600,False,False,False,True
-5.6,200,1158.30415,600,False,False,False,True
-5.6,200,1202.902046,600,False,False,False,True
-5.6,200,1246.871766,600,False,False,False,True
-5.6,200,1290.216317,600,False,False,False,True
-5.6,200,1332.258119,600,False,False,False,True
-5.6,200,1372.985998,600,False,False,False,True
-8.787719,57,1385.265087,169,False,True,False,False
-5.6,200,1427.015258,600,False,False,False,True
-5.6,200,1466.823106,600,False,False,False,True
-5.6,200,1507.755267,600,False,False,False,True
-5.6,200,1544.883674,600,False,False,False,True
-5.6,200,1579.049321,600,False,False,False,True
-9.859823,159,1606.961571,477,False,True,False,False
-9.959133,167,1635.600968,500,False,True,False,False
-9.075394,88,1650.8792,262,False,True,False,False
-8.93754,85,1665.510443,253,False,True,False,False
12.3799,94,1681.647804,281,True,False,False,False
12.210374,108,1700.329768,324,True,False,False,False
-9.521845,120,1720.737288,358,False,True,False,False
-9.217563,94,1737.098123,280,False,True,False,False
-10.095463,183,1768.622042,549,False,True,False,False
-8.90577,72,1781.324661,215,False,True,False,False
-8.8461,67,1793.506363,201,False,True,False,False
12.443375,89,1811.211139,265,True,False,False,False
12.215019,107,1828.9255,321,True,False,False,False
-9.224497,83,1843.400437,248,False,True,False,False
-8.948762,55,1853.353092,164,False,True,False,False
12.520954,77,1867.433205,231,True,False,False,False
-8.828662,64,1879.136029,190,False,True,False,False
-9.097814,74,1892.396919,220,False,True,False,False
12.428795,88,1908.096364,263,True,False,False,False
-8.80956,64,1920.169699,190,False,True,False,False
12.507582,81,1934.232303,242,True,False,False,False
12.20373,108,1951.949286,324,True,False,False,False
-9.166905,81,1965.628966,241,False,True,False,False
-8.776337,62,1976.328674,186,False,True,False,False
-8.744151,58,1986.390864,174,False,True,False,False
12.618249,69,1997.810586,206,True,False,False,False
12.389773,91,2012.871088,273,True,False,False,False
-8.642451,55,2022.487051,163,False,True,False,False
12.394527,89,2037.376228,267,True,False,False,False
-8.78173,55,2047.37604,164,False,True,False,False
12.446436,86,2062.034427,257,True,False,False,False
12.395141,89,2077.410866,267,True,False,False,False
12.497759,83,2091.948507,247,True,False,False,False
-8.608246,42,2099.596639,125,False,True,False,False
-8.652798,40,2107.452178,120,False,True,False,False
-8.562983,47,2116.373329,141,False,True,False,False
12.631194,70,2128.407267,208,True,False,False,False
12.642312,68,2140.231349,202,True,False,False,False
12.661359,66,2151.669801,196,True,False,False,False
12.694594,62,2162.134169,185,True,False,False,False
12.673296,66,2173.34089,196,True,False,False,False
-8.584333,42,2181.113177,124,False,True,False,False
12.718334,61,2191.465505,181,True,False,False,False
12.672997,66,2202.953804,196,True,False,False,False
-8.490857,41,2210.063034,122,False,True,False,False
-8.62933,37,2216.951036,111,False,True,False,False
-8.667397,50,2226.23732,150,False,True,False,False
-8.618299,45,2234.578153,133,False,True,False,False
12.678968,61,2245.12133,183,True,False,False,False
12.686415,64,2256.080396,190,True,False,False,False
-8.548861,32,2262.315531,94,False,True,False,False
12.689474,61,2272.663662,183,True,False,False,False
12.716689,58,2282.729832,174,True,False,False,False
-8.532785,39,2289.980506,115,False,True,False,False
-8.586718,35,2296.725394,105,False,True,False,False
12.694793,62,2307.435192,185,True,False,False,False
-8.47862,34,2313.781179,102,False,True,False,False
-8.522667,35,2320.38711,104,False,True,False,False
-8.504235,34,2326.697488,100,False,True,False,False
-8.498034,34,2333.053739,101,False,True,False,False
12.698627,59,2343.245202,177,True,False,False,False
-8.707243,33,2349.57102,97,False,True,False,False
12.661944,63,2360.474057,189,True,False,False,False
12.70248,62,2371.251089,184,True,False,False,False
-8.524412,37,2378.042594,110,False,True,False,False
-8.770035,38,2385.333002,113,False,True,False,False
-8.670186,40,2392.648769,119,False,True,False,False
-8.524555,38,2399.695772,113,False,True,False,False
-8.752444,35,2406.231991,104,False,True,False,False
-8.528406,38,2413.281901,112,False,True,False,False
12.673942,63,2423.994505,188,True,False,False,False
12.649807,65,2435.078021,195,True,False,False,False
12.616794,68,2446.735115,204,True,False,False,False
12.636075,65,2457.772827,195,True,False,False,False
-8.718402,39,2465.025629,117,False,True,False,False
-8.580731,39,2472.109944,116,False,True,False,False
12.646474,65,2483.394298,195,True,False,False,False
12.665472,63,2494.132223,189,True,False,False,False
-8.68276,32,2500.24658,94,False,True,False,False
12.728065,59,2510.464857,176,True,False,False,False
-8.548004,39,2517.628228,116,False,True,False,False
-8.547535,36,2524.667565,106,False,True,False,False
12.727606,59,2535.215121,176,True,False,False,False
-8.531308,34,2541.556221,101,False,True,False,False
-8.528591,34,2548.068621,101,False,True,False,False
12.687384,61,2558.5406,183,True,False,False,False
-8.510419,33,2564.728099,97,False,True,False,False
12.717561,60,2574.960809,179,True,False,False,False
-8.493444,35,2581.417375,104,False,True,False,False
-8.590421,37,2588.338164,111,False,True,False,False
-8.578768,39,2595.356809,115,False,True,False,False
-8.609745,37,2602.214497,109,False,True,False,False
-8.617299,39,2609.460018,117,False,True,False,False
-8.581032,41,2616.773028,122,False,True,False,False
12.668878,65,2627.723971,194,True,False,False,False
12.699226,63,2638.667872,187,True,False,False,False
12.647097,67,2650.143174,200,True,False,False,False
-8.800339,47,2658.582959,141,False,True,False,False
